# This file is brought to you by Roblox Corporation
# Generated by Roblox Studio

mtllib CrabTemplate.mtl

g Meshescrabeyes1

v -8.30345 21.115 229.906 
v -8.39183 21.5285 229.901 
v -8.49332 21.4311 229.836 
v -9.25927 20.8387 229.91 
v -9.20167 20.935 229.909 
v -9.17088 21.115 229.906 
v -9.23816 20.8587 229.91 
v -9.21872 20.8912 229.909 
v -9.17729 21.0491 229.907 
v -9.18768 20.9883 229.908 
v -9.30316 20.8387 229.91 
v -9.28121 20.832 229.91 
v -9.39154 21.115 229.906 
v -9.36075 20.935 229.909 
v -9.32426 20.8587 229.91 
v -9.34371 20.8912 229.909 
v -9.38514 21.0491 229.907 
v -9.37474 20.9883 229.908 
v -9.30316 21.5285 229.901 
v -9.39154 21.2522 229.905 
v -9.3937 21.1836 229.906 
v -9.17088 21.2522 229.905 
v -9.16872 21.1836 229.906 
v -9.25927 21.5285 229.901 
v -9.28121 21.5353 229.901 
v -9.20167 21.4323 229.902 
v -9.23816 21.5085 229.902 
v -9.21872 21.476 229.902 
v -9.17729 21.3182 229.904 
v -9.18768 21.379 229.903 
v -9.36075 21.4323 229.902 
v -9.38514 21.3182 229.904 
v -9.37474 21.379 229.903 
v -9.32426 21.5085 229.902 
v -9.34371 21.476 229.902 
v -8.39183 20.8376 229.843 
v -8.33424 20.935 229.909 
v -8.45682 20.8587 229.91 
v -8.39183 20.8387 229.91 
v -8.43572 20.8387 229.91 
v -8.41378 20.832 229.91 
v -8.37073 20.8587 229.91 
v -8.35128 20.8912 229.909 
v -8.49332 20.935 229.909 
v -8.47627 20.8912 229.909 
v -8.33424 21.4323 229.902 
v -8.37073 21.5085 229.902 
v -8.35128 21.476 229.902 
v -8.39183 21.5285 229.901 
v -8.43572 21.5285 229.901 
v -8.41378 21.5353 229.901 
v -8.45682 21.5085 229.902 
v -8.30129 21.1836 229.906 
v -8.32025 20.9883 229.908 
v -8.30345 21.115 229.906 
v -8.30985 21.0491 229.907 
v -8.32025 21.379 229.903 
v -8.30345 21.2522 229.905 
v -8.30985 21.3182 229.904 
v -8.49332 21.4323 229.902 
v -8.47627 21.476 229.902 
v -8.52627 21.1836 229.906 
v -8.50731 21.379 229.903 
v -8.50731 20.9883 229.908 
v -8.5241 21.2522 229.905 
v -8.5177 21.3182 229.904 
v -8.5241 21.115 229.906 
v -8.5177 21.0491 229.907 
v -8.37073 21.5073 229.835 
v -8.39183 21.5274 229.835 
v -8.39183 21.5285 229.901 
v -8.41378 21.5341 229.835 
v -8.41378 21.5353 229.901 
v -8.43572 21.5274 229.835 
v -8.43572 21.5285 229.901 
v -9.23816 21.5073 229.835 
v -9.23816 21.5085 229.902 
v -9.25927 21.5274 229.835 
v -9.25927 21.5285 229.901 
v -9.28121 21.5341 229.835 
v -9.28121 21.5353 229.901 
v -9.30316 21.5274 229.835 
v -9.30316 21.5285 229.901 
v -9.39154 21.1139 229.84 
v -9.3937 21.1836 229.906 
v -9.3937 21.1825 229.839 
v -9.39154 21.115 229.906 
v -9.38514 21.0479 229.841 
v -9.38514 21.0491 229.907 
v -9.37474 20.9871 229.841 
v -9.37474 20.9883 229.908 
v -9.36075 20.9338 229.842 
v -9.36075 20.935 229.909 
v -9.34371 20.8901 229.843 
v -9.34371 20.8912 229.909 
v -9.32426 20.8576 229.843 
v -9.32426 20.8587 229.91 
v -9.30316 20.8376 229.843 
v -9.30316 20.8387 229.91 
v -8.41378 21.5341 229.835 
v -8.41378 21.5353 229.901 
v -8.43572 21.5274 229.835 
v -8.43572 21.5285 229.901 
v -8.45682 21.5073 229.835 
v -8.45682 21.5085 229.902 
v -8.47627 21.4749 229.835 
v -8.47627 21.476 229.902 
v -8.49332 21.4311 229.836 
v -8.49332 21.4323 229.902 
v -8.50731 21.3778 229.837 
v -8.50731 21.379 229.903 
v -8.5177 21.317 229.837 
v -8.5177 21.3182 229.904 
v -8.5241 21.2511 229.838 
v -8.5241 21.2522 229.905 
v -8.52627 21.1825 229.839 
v -8.52627 21.1836 229.906 
v -8.5241 21.1139 229.84 
v -8.52627 21.1836 229.906 
v -8.52627 21.1825 229.839 
v -8.5241 21.115 229.906 
v -8.5177 21.0479 229.841 
v -8.5177 21.0491 229.907 
v -8.50731 20.9871 229.841 
v -8.50731 20.9883 229.908 
v -8.49332 20.9338 229.842 
v -8.49332 20.935 229.909 
v -8.47627 20.8901 229.843 
v -8.47627 20.8912 229.909 
v -8.45682 20.8576 229.843 
v -8.45682 20.8587 229.91 
v -8.43572 20.8376 229.843 
v -8.43572 20.8387 229.91 
v -8.41378 20.8308 229.843 
v -8.41378 20.832 229.91 
v -9.28121 21.5341 229.835 
v -9.28121 21.5353 229.901 
v -9.30316 21.5274 229.835 
v -9.30316 21.5285 229.901 
v -9.32426 21.5073 229.835 
v -9.32426 21.5085 229.902 
v -9.34371 21.4749 229.835 
v -9.34371 21.476 229.902 
v -9.36075 21.4311 229.836 
v -9.36075 21.4323 229.902 
v -9.37474 21.3778 229.837 
v -9.37474 21.379 229.903 
v -9.38514 21.317 229.837 
v -9.38514 21.3182 229.904 
v -9.39154 21.2511 229.838 
v -9.39154 21.2522 229.905 
v -9.3937 21.1825 229.839 
v -9.3937 21.1836 229.906 
v -9.32426 20.8576 229.843 
v -9.23816 20.8587 229.91 
v -8.30345 21.115 229.906 
v -8.30345 21.2522 229.905 
v -8.39183 21.5285 229.901 
v -8.41378 21.5341 229.835 
v -8.49332 21.4311 229.836 
v -9.39154 21.2511 229.838 
v -9.30316 21.5274 229.835 
v -9.25927 21.5274 229.835 
v -9.28121 21.5341 229.835 
v -9.36075 21.4311 229.836 
v -9.32426 21.5073 229.835 
v -9.34371 21.4749 229.835 
v -9.38514 21.317 229.837 
v -9.37474 21.3778 229.837 
v -9.39154 21.1139 229.84 
v -9.3937 21.1825 229.839 
v -9.17088 21.2511 229.838 
v -9.20167 21.4311 229.836 
v -9.23816 21.5073 229.835 
v -9.21872 21.4749 229.835 
v -9.17729 21.317 229.837 
v -9.18768 21.3778 229.837 
v -9.17088 21.1139 229.84 
v -9.16872 21.1825 229.839 
v -9.25927 20.8376 229.843 
v -9.30316 20.8376 229.843 
v -9.28121 20.8308 229.843 
v -9.20167 20.9338 229.842 
v -9.23816 20.8576 229.843 
v -9.21872 20.8901 229.843 
v -9.17729 21.0479 229.841 
v -9.18768 20.9871 229.841 
v -9.36075 20.9338 229.842 
v -9.38514 21.0479 229.841 
v -9.37474 20.9871 229.841 
v -9.32426 20.8576 229.843 
v -9.34371 20.8901 229.843 
v -8.52627 21.1825 229.839 
v -8.49332 20.9338 229.842 
v -8.50731 20.9871 229.841 
v -8.5241 21.1139 229.84 
v -8.5177 21.0479 229.841 
v -8.49332 21.4311 229.836 
v -8.50731 21.3778 229.837 
v -8.5241 21.2511 229.838 
v -8.5177 21.317 229.837 
v -8.45682 21.5073 229.835 
v -8.47627 21.4749 229.835 
v -8.45682 20.8576 229.843 
v -8.47627 20.8901 229.843 
v -8.33424 21.4311 229.836 
v -8.33424 20.9338 229.842 
v -8.39183 21.5274 229.835 
v -8.43572 21.5274 229.835 
v -8.41378 21.5341 229.835 
v -8.37073 21.5073 229.835 
v -8.35128 21.4749 229.835 
v -8.39183 20.8376 229.843 
v -8.43572 20.8376 229.843 
v -8.41378 20.8308 229.843 
v -8.37073 20.8576 229.843 
v -8.35128 20.8901 229.843 
v -8.30129 21.1825 229.839 
v -8.32025 20.9871 229.841 
v -8.32025 21.3778 229.837 
v -8.30345 21.1139 229.84 
v -8.30985 21.0479 229.841 
v -8.30345 21.2511 229.838 
v -8.30985 21.317 229.837 
v -9.32426 20.8576 229.843 
v -9.32426 20.8587 229.91 
v -9.30316 20.8376 229.843 
v -9.30316 20.8387 229.91 
v -9.28121 20.8308 229.843 
v -9.28121 20.832 229.91 
v -9.25927 20.8376 229.843 
v -9.25927 20.8387 229.91 
v -9.23816 20.8576 229.843 
v -9.23816 20.8587 229.91 
v -8.43572 20.8376 229.843 
v -8.43572 20.8387 229.91 
v -8.41378 20.8308 229.843 
v -8.41378 20.832 229.91 
v -8.39183 20.8376 229.843 
v -8.39183 20.8387 229.91 
v -9.25927 20.8376 229.843 
v -9.25927 20.8387 229.91 
v -9.23816 20.8576 229.843 
v -9.23816 20.8587 229.91 
v -9.21872 20.8901 229.843 
v -9.21872 20.8912 229.909 
v -9.20167 20.9338 229.842 
v -9.20167 20.935 229.909 
v -9.18768 20.9871 229.841 
v -8.33424 20.935 229.909 
v -8.32025 20.9871 229.841 
v -8.32025 20.9883 229.908 
v -8.30985 21.0479 229.841 
v -8.30985 21.0491 229.907 
v -8.30345 21.1139 229.84 
v -8.30345 21.115 229.906 
v -8.30129 21.1836 229.906 
v -8.30129 21.1825 229.839 
v -8.30345 21.2522 229.905 
v -8.30345 21.2511 229.838 
v -8.30985 21.317 229.837 
v -8.30985 21.3182 229.904 
v -8.32025 21.3778 229.837 
v -8.32025 21.379 229.903 
v -8.33424 21.4311 229.836 
v -8.33424 21.4323 229.902 
v -8.35128 21.4749 229.835 
v -8.35128 21.476 229.902 
v -8.37073 21.5073 229.835 
v -8.37073 21.5085 229.902 
v -8.39183 21.5274 229.835 
v -8.39183 21.5285 229.901 
v -8.41378 21.5341 229.835 
v -8.41378 21.5353 229.901 
v -8.41378 20.8308 229.843 
v -8.41378 20.832 229.91 
v -8.39183 20.8376 229.843 
v -8.39183 20.8387 229.91 
v -8.37073 20.8576 229.843 
v -8.37073 20.8587 229.91 
v -8.35128 20.8901 229.843 
v -8.35128 20.8912 229.909 
v -8.33424 20.9338 229.842 
v -9.18768 20.9883 229.908 
v -9.17729 21.0479 229.841 
v -9.17729 21.0491 229.907 
v -9.17088 21.1139 229.84 
v -9.17088 21.115 229.906 
v -9.16872 21.1825 229.839 
v -9.16872 21.1836 229.906 
v -9.17088 21.2511 229.838 
v -9.17088 21.2522 229.905 
v -9.17729 21.317 229.837 
v -9.17729 21.3182 229.904 
v -9.18768 21.3778 229.837 
v -9.18768 21.379 229.903 
v -9.20167 21.4311 229.836 
v -9.20167 21.4323 229.902 
v -9.21872 21.4749 229.835 
v -9.21872 21.476 229.902 
v -9.23816 21.5073 229.835 
v -9.23816 21.5085 229.902 
v -9.25927 21.5274 229.835 
v -9.25927 21.5285 229.901 

vn 0.291339 -0.00787402 0.952756 
vn 0.0629921 0.110236 0.992126 
vn -0.220472 0.0551181 -0.976378 
vn 0.0629921 -0.0866142 0.992126 
vn 0.220472 -0.0551181 0.976378 
vn 0.291339 -0.00787402 0.952756 
vn 0.11811 -0.0787402 0.992126 
vn 0.173228 -0.0708661 0.984252 
vn 0.275591 -0.023622 0.96063 
vn 0.251969 -0.0393701 0.968504 
vn -0.0629921 -0.0866142 0.992126 
vn 0 -0.0866142 1 
vn -0.291339 -0.00787402 0.952756 
vn -0.220472 -0.0551181 0.976378 
vn -0.11811 -0.0787402 0.992126 
vn -0.173228 -0.0708661 0.984252 
vn -0.275591 -0.023622 0.96063 
vn -0.251969 -0.0393701 0.968504 
vn -0.0629921 0.110236 0.992126 
vn -0.291339 0.0314961 0.952756 
vn -0.299213 0.00787402 0.952756 
vn 0.291339 0.0314961 0.952756 
vn 0.299213 0.00787402 0.952756 
vn 0.0629921 0.110236 0.992126 
vn 0 0.110236 0.992126 
vn 0.220472 0.0787402 0.976378 
vn 0.11811 0.102362 0.984252 
vn 0.173228 0.0944882 0.984252 
vn 0.275591 0.0472441 0.96063 
vn 0.251969 0.0629921 0.968504 
vn -0.220472 0.0787402 0.976378 
vn -0.275591 0.0472441 0.96063 
vn -0.251969 0.0629921 0.968504 
vn -0.11811 0.102362 0.984252 
vn -0.173228 0.0944882 0.984252 
vn 0.0629921 -0.110236 -0.992126 
vn 0.220472 -0.0551181 0.976378 
vn -0.11811 -0.0787402 0.992126 
vn 0.0629921 -0.0866142 0.992126 
vn -0.0629921 -0.0866142 0.992126 
vn 0 -0.0866142 1 
vn 0.11811 -0.0787402 0.992126 
vn 0.173228 -0.0708661 0.984252 
vn -0.220472 -0.0551181 0.976378 
vn -0.173228 -0.0708661 0.984252 
vn 0.220472 0.0787402 0.976378 
vn 0.11811 0.102362 0.984252 
vn 0.173228 0.0944882 0.984252 
vn 0.0629921 0.110236 0.992126 
vn -0.0629921 0.110236 0.992126 
vn 0 0.110236 0.992126 
vn -0.11811 0.102362 0.984252 
vn 0.299213 0.00787402 0.952756 
vn 0.251969 -0.0393701 0.968504 
vn 0.291339 -0.00787402 0.952756 
vn 0.275591 -0.023622 0.96063 
vn 0.251969 0.0629921 0.968504 
vn 0.291339 0.0314961 0.952756 
vn 0.275591 0.0472441 0.96063 
vn -0.220472 0.0787402 0.976378 
vn -0.173228 0.0944882 0.984252 
vn -0.299213 0.00787402 0.952756 
vn -0.251969 0.0629921 0.968504 
vn -0.251969 -0.0393701 0.968504 
vn -0.291339 0.0314961 0.952756 
vn -0.275591 0.0472441 0.96063 
vn -0.291339 -0.00787402 0.952756 
vn -0.275591 -0.023622 0.96063 
vn 0.11811 0.0787402 -0.992126 
vn 0.0629921 0.0866142 -0.992126 
vn 0.0629921 0.110236 0.992126 
vn 0 0.0866142 -1 
vn 0 0.110236 0.992126 
vn -0.0629921 0.0866142 -0.992126 
vn -0.0629921 0.110236 0.992126 
vn 0.11811 0.0787402 -0.992126 
vn 0.11811 0.102362 0.984252 
vn 0.0629921 0.0866142 -0.992126 
vn 0.0629921 0.110236 0.992126 
vn 0 0.0866142 -1 
vn 0 0.110236 0.992126 
vn -0.0629921 0.0866142 -0.992126 
vn -0.0629921 0.110236 0.992126 
vn -0.291339 -0.0314961 -0.952756 
vn -0.299213 0.00787402 0.952756 
vn -0.299213 -0.015748 -0.952756 
vn -0.291339 -0.00787402 0.952756 
vn -0.275591 -0.0472441 -0.96063 
vn -0.275591 -0.023622 0.96063 
vn -0.251969 -0.0629921 -0.968504 
vn -0.251969 -0.0393701 0.968504 
vn -0.220472 -0.0787402 -0.976378 
vn -0.220472 -0.0551181 0.976378 
vn -0.173228 -0.0944882 -0.984252 
vn -0.173228 -0.0708661 0.984252 
vn -0.11811 -0.102362 -0.984252 
vn -0.11811 -0.0787402 0.992126 
vn -0.0629921 -0.110236 -0.992126 
vn -0.0629921 -0.0866142 0.992126 
vn 0 0.0866142 -1 
vn 0 0.110236 0.992126 
vn -0.0629921 0.0866142 -0.992126 
vn -0.0629921 0.110236 0.992126 
vn -0.11811 0.0787402 -0.992126 
vn -0.11811 0.102362 0.984252 
vn -0.173228 0.0708661 -0.984252 
vn -0.173228 0.0944882 0.984252 
vn -0.220472 0.0551181 -0.976378 
vn -0.220472 0.0787402 0.976378 
vn -0.251969 0.0393701 -0.968504 
vn -0.251969 0.0629921 0.968504 
vn -0.275591 0.023622 -0.96063 
vn -0.275591 0.0472441 0.96063 
vn -0.291339 0.00787402 -0.952756 
vn -0.291339 0.0314961 0.952756 
vn -0.299213 -0.015748 -0.952756 
vn -0.299213 0.00787402 0.952756 
vn -0.291339 -0.0314961 -0.952756 
vn -0.299213 0.00787402 0.952756 
vn -0.299213 -0.015748 -0.952756 
vn -0.291339 -0.00787402 0.952756 
vn -0.275591 -0.0472441 -0.96063 
vn -0.275591 -0.023622 0.96063 
vn -0.251969 -0.0629921 -0.968504 
vn -0.251969 -0.0393701 0.968504 
vn -0.220472 -0.0787402 -0.976378 
vn -0.220472 -0.0551181 0.976378 
vn -0.173228 -0.0944882 -0.984252 
vn -0.173228 -0.0708661 0.984252 
vn -0.11811 -0.102362 -0.984252 
vn -0.11811 -0.0787402 0.992126 
vn -0.0629921 -0.110236 -0.992126 
vn -0.0629921 -0.0866142 0.992126 
vn 0 -0.110236 -0.992126 
vn 0 -0.0866142 1 
vn 0 0.0866142 -1 
vn 0 0.110236 0.992126 
vn -0.0629921 0.0866142 -0.992126 
vn -0.0629921 0.110236 0.992126 
vn -0.11811 0.0787402 -0.992126 
vn -0.11811 0.102362 0.984252 
vn -0.173228 0.0708661 -0.984252 
vn -0.173228 0.0944882 0.984252 
vn -0.220472 0.0551181 -0.976378 
vn -0.220472 0.0787402 0.976378 
vn -0.251969 0.0393701 -0.968504 
vn -0.251969 0.0629921 0.968504 
vn -0.275591 0.023622 -0.96063 
vn -0.275591 0.0472441 0.96063 
vn -0.291339 0.00787402 -0.952756 
vn -0.291339 0.0314961 0.952756 
vn -0.299213 -0.015748 -0.952756 
vn -0.299213 0.00787402 0.952756 
vn -0.11811 -0.102362 -0.984252 
vn 0.11811 -0.0787402 0.992126 
vn 0.291339 -0.00787402 0.952756 
vn 0.291339 0.0314961 0.952756 
vn 0.0629921 0.110236 0.992126 
vn 0 0.0866142 -1 
vn -0.220472 0.0551181 -0.976378 
vn -0.291339 0.00787402 -0.952756 
vn -0.0629921 0.0866142 -0.992126 
vn 0.0629921 0.0866142 -0.992126 
vn 0 0.0866142 -1 
vn -0.220472 0.0551181 -0.976378 
vn -0.11811 0.0787402 -0.992126 
vn -0.173228 0.0708661 -0.984252 
vn -0.275591 0.023622 -0.96063 
vn -0.251969 0.0393701 -0.968504 
vn -0.291339 -0.0314961 -0.952756 
vn -0.299213 -0.015748 -0.952756 
vn 0.291339 0.00787402 -0.952756 
vn 0.220472 0.0551181 -0.976378 
vn 0.11811 0.0787402 -0.992126 
vn 0.173228 0.0708661 -0.984252 
vn 0.275591 0.023622 -0.96063 
vn 0.251969 0.0393701 -0.968504 
vn 0.291339 -0.0314961 -0.952756 
vn 0.299213 -0.015748 -0.952756 
vn 0.0629921 -0.110236 -0.992126 
vn -0.0629921 -0.110236 -0.992126 
vn 0 -0.110236 -0.992126 
vn 0.220472 -0.0787402 -0.976378 
vn 0.11811 -0.102362 -0.984252 
vn 0.173228 -0.0944882 -0.984252 
vn 0.275591 -0.0472441 -0.96063 
vn 0.251969 -0.0629921 -0.968504 
vn -0.220472 -0.0787402 -0.976378 
vn -0.275591 -0.0472441 -0.96063 
vn -0.251969 -0.0629921 -0.968504 
vn -0.11811 -0.102362 -0.984252 
vn -0.173228 -0.0944882 -0.984252 
vn -0.299213 -0.015748 -0.952756 
vn -0.220472 -0.0787402 -0.976378 
vn -0.251969 -0.0629921 -0.968504 
vn -0.291339 -0.0314961 -0.952756 
vn -0.275591 -0.0472441 -0.96063 
vn -0.220472 0.0551181 -0.976378 
vn -0.251969 0.0393701 -0.968504 
vn -0.291339 0.00787402 -0.952756 
vn -0.275591 0.023622 -0.96063 
vn -0.11811 0.0787402 -0.992126 
vn -0.173228 0.0708661 -0.984252 
vn -0.11811 -0.102362 -0.984252 
vn -0.173228 -0.0944882 -0.984252 
vn 0.220472 0.0551181 -0.976378 
vn 0.220472 -0.0787402 -0.976378 
vn 0.0629921 0.0866142 -0.992126 
vn -0.0629921 0.0866142 -0.992126 
vn 0 0.0866142 -1 
vn 0.11811 0.0787402 -0.992126 
vn 0.173228 0.0708661 -0.984252 
vn 0.0629921 -0.110236 -0.992126 
vn -0.0629921 -0.110236 -0.992126 
vn 0 -0.110236 -0.992126 
vn 0.11811 -0.102362 -0.984252 
vn 0.173228 -0.0944882 -0.984252 
vn 0.299213 -0.015748 -0.952756 
vn 0.251969 -0.0629921 -0.968504 
vn 0.251969 0.0393701 -0.968504 
vn 0.291339 -0.0314961 -0.952756 
vn 0.275591 -0.0472441 -0.96063 
vn 0.291339 0.00787402 -0.952756 
vn 0.275591 0.023622 -0.96063 
vn -0.11811 -0.102362 -0.984252 
vn -0.11811 -0.0787402 0.992126 
vn -0.0629921 -0.110236 -0.992126 
vn -0.0629921 -0.0866142 0.992126 
vn 0 -0.110236 -0.992126 
vn 0 -0.0866142 1 
vn 0.0629921 -0.110236 -0.992126 
vn 0.0629921 -0.0866142 0.992126 
vn 0.11811 -0.102362 -0.984252 
vn 0.11811 -0.0787402 0.992126 
vn -0.0629921 -0.110236 -0.992126 
vn -0.0629921 -0.0866142 0.992126 
vn 0 -0.110236 -0.992126 
vn 0 -0.0866142 1 
vn 0.0629921 -0.110236 -0.992126 
vn 0.0629921 -0.0866142 0.992126 
vn 0.0629921 -0.110236 -0.992126 
vn 0.0629921 -0.0866142 0.992126 
vn 0.11811 -0.102362 -0.984252 
vn 0.11811 -0.0787402 0.992126 
vn 0.173228 -0.0944882 -0.984252 
vn 0.173228 -0.0708661 0.984252 
vn 0.220472 -0.0787402 -0.976378 
vn 0.220472 -0.0551181 0.976378 
vn 0.251969 -0.0629921 -0.968504 
vn 0.220472 -0.0551181 0.976378 
vn 0.251969 -0.0629921 -0.968504 
vn 0.251969 -0.0393701 0.968504 
vn 0.275591 -0.0472441 -0.96063 
vn 0.275591 -0.023622 0.96063 
vn 0.291339 -0.0314961 -0.952756 
vn 0.291339 -0.00787402 0.952756 
vn 0.299213 0.00787402 0.952756 
vn 0.299213 -0.015748 -0.952756 
vn 0.291339 0.0314961 0.952756 
vn 0.291339 0.00787402 -0.952756 
vn 0.275591 0.023622 -0.96063 
vn 0.275591 0.0472441 0.96063 
vn 0.251969 0.0393701 -0.968504 
vn 0.251969 0.0629921 0.968504 
vn 0.220472 0.0551181 -0.976378 
vn 0.220472 0.0787402 0.976378 
vn 0.173228 0.0708661 -0.984252 
vn 0.173228 0.0944882 0.984252 
vn 0.11811 0.0787402 -0.992126 
vn 0.11811 0.102362 0.984252 
vn 0.0629921 0.0866142 -0.992126 
vn 0.0629921 0.110236 0.992126 
vn 0 0.0866142 -1 
vn 0 0.110236 0.992126 
vn 0 -0.110236 -0.992126 
vn 0 -0.0866142 1 
vn 0.0629921 -0.110236 -0.992126 
vn 0.0629921 -0.0866142 0.992126 
vn 0.11811 -0.102362 -0.984252 
vn 0.11811 -0.0787402 0.992126 
vn 0.173228 -0.0944882 -0.984252 
vn 0.173228 -0.0708661 0.984252 
vn 0.220472 -0.0787402 -0.976378 
vn 0.251969 -0.0393701 0.968504 
vn 0.275591 -0.0472441 -0.96063 
vn 0.275591 -0.023622 0.96063 
vn 0.291339 -0.0314961 -0.952756 
vn 0.291339 -0.00787402 0.952756 
vn 0.299213 -0.015748 -0.952756 
vn 0.299213 0.00787402 0.952756 
vn 0.291339 0.00787402 -0.952756 
vn 0.291339 0.0314961 0.952756 
vn 0.275591 0.023622 -0.96063 
vn 0.275591 0.0472441 0.96063 
vn 0.251969 0.0393701 -0.968504 
vn 0.251969 0.0629921 0.968504 
vn 0.220472 0.0551181 -0.976378 
vn 0.220472 0.0787402 0.976378 
vn 0.173228 0.0708661 -0.984252 
vn 0.173228 0.0944882 0.984252 
vn 0.11811 0.0787402 -0.992126 
vn 0.11811 0.102362 0.984252 
vn 0.0629921 0.0866142 -0.992126 
vn 0.0629921 0.110236 0.992126 

vt 0.947495 0.341571 
vt 0.936447 0.393257 
vt 0.923761 0.381084 
vt 0.828018 0.307036 
vt 0.835217 0.319065 
vt 0.839065 0.341571 
vt 0.830655 0.309537 
vt 0.833086 0.313599 
vt 0.838265 0.333325 
vt 0.836966 0.325726 
vt 0.822531 0.307036 
vt 0.825275 0.306191 
vt 0.811484 0.341571 
vt 0.815332 0.319065 
vt 0.819894 0.309537 
vt 0.817463 0.313599 
vt 0.812284 0.333325 
vt 0.813583 0.325726 
vt 0.822531 0.393257 
vt 0.811484 0.358722 
vt 0.811213 0.350146 
vt 0.839065 0.358722 
vt 0.839336 0.350146 
vt 0.828018 0.393257 
vt 0.825275 0.394102 
vt 0.835217 0.381227 
vt 0.830655 0.390756 
vt 0.833086 0.386694 
vt 0.838265 0.366967 
vt 0.836966 0.374567 
vt 0.815332 0.381227 
vt 0.812284 0.366967 
vt 0.813583 0.374567 
vt 0.819894 0.390756 
vt 0.817463 0.386694 
vt 0.936447 0.306892 
vt 0.943646 0.319065 
vt 0.928323 0.309537 
vt 0.936447 0.307036 
vt 0.93096 0.307036 
vt 0.933704 0.306191 
vt 0.939085 0.309537 
vt 0.941516 0.313599 
vt 0.923761 0.319065 
vt 0.925892 0.313599 
vt 0.943646 0.381227 
vt 0.939085 0.390756 
vt 0.941516 0.386694 
vt 0.936447 0.393257 
vt 0.93096 0.393257 
vt 0.933704 0.394102 
vt 0.928323 0.390756 
vt 0.947765 0.350146 
vt 0.945395 0.325726 
vt 0.947495 0.341571 
vt 0.946694 0.333325 
vt 0.945395 0.374567 
vt 0.947495 0.358722 
vt 0.946694 0.366967 
vt 0.923761 0.381227 
vt 0.925892 0.386694 
vt 0.919643 0.350146 
vt 0.922013 0.374567 
vt 0.922013 0.325726 
vt 0.919913 0.358722 
vt 0.920713 0.366967 
vt 0.919913 0.341571 
vt 0.920713 0.333325 
vt 0.884162 0.290479 
vt 0.884193 0.293117 
vt 0.875868 0.293117 
vt 0.884204 0.29586 
vt 0.875879 0.29586 
vt 0.884193 0.298603 
vt 0.875868 0.298603 
vt 0.884162 0.398908 
vt 0.875837 0.398908 
vt 0.884193 0.401546 
vt 0.875868 0.401546 
vt 0.884204 0.404289 
vt 0.875879 0.404289 
vt 0.884193 0.407032 
vt 0.875868 0.407032 
vt 0.875435 0.341428 
vt 0.883651 0.350146 
vt 0.875327 0.350003 
vt 0.883759 0.341571 
vt 0.875538 0.333182 
vt 0.883863 0.333325 
vt 0.875634 0.325583 
vt 0.883958 0.325726 
vt 0.875717 0.318922 
vt 0.884042 0.319065 
vt 0.875786 0.313455 
vt 0.884111 0.313599 
vt 0.875837 0.309394 
vt 0.884162 0.309537 
vt 0.875868 0.306892 
vt 0.884193 0.307036 
vt 0.874774 0.393958 
vt 0.883099 0.394102 
vt 0.874785 0.393113 
vt 0.88311 0.393257 
vt 0.874816 0.390612 
vt 0.883141 0.390756 
vt 0.874867 0.38655 
vt 0.883192 0.386694 
vt 0.874936 0.381084 
vt 0.883261 0.381227 
vt 0.87502 0.374423 
vt 0.883345 0.374567 
vt 0.875115 0.366824 
vt 0.88344 0.366967 
vt 0.875219 0.358578 
vt 0.883544 0.358722 
vt 0.875327 0.350003 
vt 0.883651 0.350146 
vt 0.875435 0.341428 
vt 0.883651 0.350146 
vt 0.875327 0.350003 
vt 0.883759 0.341571 
vt 0.875538 0.333182 
vt 0.883863 0.333325 
vt 0.875634 0.325583 
vt 0.883958 0.325726 
vt 0.875717 0.318922 
vt 0.884042 0.319065 
vt 0.875786 0.313455 
vt 0.884111 0.313599 
vt 0.875837 0.309394 
vt 0.884162 0.309537 
vt 0.875868 0.306892 
vt 0.884193 0.307036 
vt 0.875879 0.306048 
vt 0.884204 0.306191 
vt 0.874774 0.393958 
vt 0.883099 0.394102 
vt 0.874785 0.393113 
vt 0.88311 0.393257 
vt 0.874816 0.390612 
vt 0.883141 0.390756 
vt 0.874867 0.38655 
vt 0.883192 0.386694 
vt 0.874936 0.381084 
vt 0.883261 0.381227 
vt 0.87502 0.374423 
vt 0.883345 0.374567 
vt 0.875115 0.366824 
vt 0.88344 0.366967 
vt 0.875219 0.358578 
vt 0.883544 0.358722 
vt 0.875327 0.350003 
vt 0.883651 0.350146 
vt 0.939085 0.309394 
vt 0.928323 0.309537 
vt 0.811484 0.341571 
vt 0.811484 0.358722 
vt 0.822531 0.393257 
vt 0.825275 0.393958 
vt 0.835217 0.381084 
vt 0.947495 0.358578 
vt 0.936447 0.393113 
vt 0.93096 0.393113 
vt 0.933704 0.393958 
vt 0.943646 0.381084 
vt 0.939085 0.390612 
vt 0.941516 0.38655 
vt 0.946694 0.366824 
vt 0.945395 0.374423 
vt 0.947495 0.341428 
vt 0.947765 0.350003 
vt 0.919913 0.358578 
vt 0.923761 0.381084 
vt 0.928323 0.390612 
vt 0.925892 0.38655 
vt 0.920713 0.366824 
vt 0.922012 0.374423 
vt 0.919913 0.341428 
vt 0.919643 0.350003 
vt 0.93096 0.306892 
vt 0.936447 0.306892 
vt 0.933704 0.306048 
vt 0.923761 0.318922 
vt 0.928323 0.309394 
vt 0.925892 0.313455 
vt 0.920713 0.333182 
vt 0.922012 0.325583 
vt 0.943646 0.318922 
vt 0.946694 0.333182 
vt 0.945395 0.325583 
vt 0.939085 0.309394 
vt 0.941516 0.313455 
vt 0.839336 0.350003 
vt 0.835217 0.318922 
vt 0.836966 0.325583 
vt 0.839065 0.341428 
vt 0.838265 0.333182 
vt 0.835217 0.381084 
vt 0.836966 0.374423 
vt 0.839065 0.358578 
vt 0.838265 0.366824 
vt 0.830655 0.390612 
vt 0.833086 0.38655 
vt 0.830655 0.309394 
vt 0.833086 0.313455 
vt 0.815332 0.381084 
vt 0.815332 0.318922 
vt 0.822531 0.393113 
vt 0.828018 0.393113 
vt 0.825275 0.393958 
vt 0.819894 0.390612 
vt 0.817462 0.38655 
vt 0.822531 0.306892 
vt 0.828018 0.306892 
vt 0.825275 0.306048 
vt 0.819894 0.309394 
vt 0.817462 0.313455 
vt 0.811213 0.350003 
vt 0.813583 0.325583 
vt 0.813583 0.374423 
vt 0.811484 0.341428 
vt 0.812284 0.333182 
vt 0.811484 0.358578 
vt 0.812284 0.366824 
vt 0.875837 0.40967 
vt 0.884162 0.40967 
vt 0.875868 0.407032 
vt 0.884193 0.407032 
vt 0.875879 0.404289 
vt 0.884204 0.404289 
vt 0.875868 0.401546 
vt 0.884193 0.401546 
vt 0.875837 0.398908 
vt 0.884162 0.398908 
vt 0.875868 0.298603 
vt 0.884193 0.298603 
vt 0.875879 0.29586 
vt 0.884204 0.29586 
vt 0.875868 0.293117 
vt 0.884193 0.293117 
vt 0.88311 0.306892 
vt 0.874785 0.307036 
vt 0.883141 0.309394 
vt 0.874816 0.309537 
vt 0.883192 0.313455 
vt 0.874867 0.313599 
vt 0.883261 0.318922 
vt 0.874936 0.319065 
vt 0.883345 0.325583 
vt 0.874936 0.319065 
vt 0.883344 0.325583 
vt 0.87502 0.325726 
vt 0.88344 0.333182 
vt 0.875115 0.333325 
vt 0.883544 0.341428 
vt 0.875219 0.341571 
vt 0.875327 0.350146 
vt 0.883651 0.350003 
vt 0.875435 0.358722 
vt 0.883759 0.358578 
vt 0.883863 0.366824 
vt 0.875538 0.366967 
vt 0.883958 0.374423 
vt 0.875634 0.374567 
vt 0.884042 0.381084 
vt 0.875717 0.381227 
vt 0.884111 0.38655 
vt 0.875786 0.386694 
vt 0.884162 0.390612 
vt 0.875837 0.390756 
vt 0.884193 0.393113 
vt 0.875868 0.393257 
vt 0.884204 0.393958 
vt 0.875879 0.394102 
vt 0.883099 0.306048 
vt 0.874774 0.306191 
vt 0.88311 0.306892 
vt 0.874785 0.307036 
vt 0.883141 0.309394 
vt 0.874816 0.309537 
vt 0.883192 0.313455 
vt 0.874867 0.313599 
vt 0.883261 0.318922 
vt 0.87502 0.325726 
vt 0.88344 0.333182 
vt 0.875115 0.333325 
vt 0.883544 0.341428 
vt 0.875219 0.341571 
vt 0.883651 0.350003 
vt 0.875327 0.350146 
vt 0.883759 0.358578 
vt 0.875435 0.358722 
vt 0.883863 0.366824 
vt 0.875538 0.366967 
vt 0.883958 0.374423 
vt 0.875634 0.374567 
vt 0.884042 0.381084 
vt 0.875717 0.381227 
vt 0.884111 0.38655 
vt 0.875786 0.386694 
vt 0.884162 0.390612 
vt 0.875837 0.390756 
vt 0.884193 0.393113 
vt 0.875868 0.393257 

usemtl Meshescrabeyes1Mtl

f 4/4/4 5/5/5 6/6/6 
f 5/5/5 4/4/4 7/7/7 
f 5/5/5 7/7/7 8/8/8 
f 9/9/9 5/5/5 10/10/10 
f 5/5/5 9/9/9 6/6/6 
f 4/4/4 11/11/11 12/12/12 
f 4/4/4 6/6/6 11/11/11 
f 11/11/11 6/6/6 13/13/13 
f 14/14/14 11/11/11 13/13/13 
f 11/11/11 14/14/14 15/15/15 
f 15/15/15 14/14/14 16/16/16 
f 14/14/14 13/13/13 17/17/17 
f 14/14/14 17/17/17 18/18/18 
f 13/13/13 6/6/6 19/19/19 
f 13/13/13 20/20/20 21/21/21 
f 19/19/19 20/20/20 13/13/13 
f 22/22/22 6/6/6 23/23/23 
f 22/22/22 19/19/19 6/6/6 
f 22/22/22 24/24/24 19/19/19 
f 19/19/19 24/24/24 25/25/25 
f 26/26/26 24/24/24 22/22/22 
f 24/24/24 26/26/26 27/27/27 
f 27/27/27 26/26/26 28/28/28 
f 26/26/26 22/22/22 29/29/29 
f 26/26/26 29/29/29 30/30/30 
f 31/31/31 20/20/20 19/19/19 
f 20/20/20 31/31/31 32/32/32 
f 32/32/32 31/31/31 33/33/33 
f 31/31/31 19/19/19 34/34/34 
f 31/31/31 34/34/34 35/35/35 
f 37/37/37 38/38/38 39/39/39 
f 40/40/40 39/39/39 38/38/38 
f 39/39/39 40/40/40 41/41/41 
f 37/37/37 39/39/39 42/42/42 
f 37/37/37 42/42/42 43/43/43 
f 38/38/38 37/37/37 44/44/44 
f 38/38/38 44/44/44 45/45/45 
f 44/44/44 37/37/37 46/46/46 
f 47/47/47 46/46/46 48/48/48 
f 49/49/49 46/46/46 47/47/47 
f 50/50/50 49/49/49 51/51/51 
f 52/52/52 49/49/49 50/50/50 
f 49/49/49 52/52/52 46/46/46 
f 37/37/37 53/53/53 46/46/46 
f 53/53/53 37/37/37 54/54/54 
f 53/53/53 54/54/54 55/55/55 
f 55/55/55 54/54/54 56/56/56 
f 53/53/53 57/57/57 46/46/46 
f 57/57/57 53/53/53 58/58/58 
f 57/57/57 58/58/58 59/59/59 
f 60/60/60 46/46/46 52/52/52 
f 60/60/60 52/52/52 61/61/61 
f 46/46/46 60/60/60 44/44/44 
f 44/44/44 60/60/60 62/62/62 
f 63/63/63 62/62/62 60/60/60 
f 44/44/44 62/62/62 64/64/64 
f 63/63/63 65/65/65 62/62/62 
f 65/65/65 63/63/63 66/66/66 
f 67/67/67 64/64/64 62/62/62 
f 64/64/64 67/67/67 68/68/68 
f 72/72/72 71/71/71 70/70/70 
f 71/71/71 72/72/72 73/73/73 
f 74/74/74 73/73/73 72/72/72 
f 73/73/73 74/74/74 75/75/75 
f 80/80/80 79/79/79 78/78/78 
f 79/79/79 80/80/80 81/81/81 
f 82/82/82 81/81/81 80/80/80 
f 81/81/81 82/82/82 83/83/83 
f 84/84/84 85/85/85 86/86/86 
f 85/85/85 84/84/84 87/87/87 
f 88/88/88 87/87/87 84/84/84 
f 87/87/87 88/88/88 89/89/89 
f 90/90/90 89/89/89 88/88/88 
f 89/89/89 90/90/90 91/91/91 
f 92/92/92 91/91/91 90/90/90 
f 91/91/91 92/92/92 93/93/93 
f 94/94/94 93/93/93 92/92/92 
f 93/93/93 94/94/94 95/95/95 
f 96/96/96 95/95/95 94/94/94 
f 95/95/95 96/96/96 97/97/97 
f 98/98/98 97/97/97 96/96/96 
f 97/97/97 98/98/98 99/99/99 
f 104/104/104 103/103/103 102/102/102 
f 103/103/103 104/104/104 105/105/105 
f 106/106/106 105/105/105 104/104/104 
f 105/105/105 106/106/106 107/107/107 
f 108/108/108 107/107/107 106/106/106 
f 107/107/107 108/108/108 109/109/109 
f 110/110/110 109/109/109 108/108/108 
f 109/109/109 110/110/110 111/111/111 
f 112/112/112 111/111/111 110/110/110 
f 111/111/111 112/112/112 113/113/113 
f 114/114/114 113/113/113 112/112/112 
f 113/113/113 114/114/114 115/115/115 
f 116/116/116 115/115/115 114/114/114 
f 115/115/115 116/116/116 117/117/117 
f 118/118/118 119/119/119 120/120/120 
f 119/119/119 118/118/118 121/121/121 
f 122/122/122 121/121/121 118/118/118 
f 121/121/121 122/122/122 123/123/123 
f 124/124/124 123/123/123 122/122/122 
f 123/123/123 124/124/124 125/125/125 
f 126/126/126 125/125/125 124/124/124 
f 125/125/125 126/126/126 127/127/127 
f 128/128/128 127/127/127 126/126/126 
f 127/127/127 128/128/128 129/129/129 
f 130/130/130 129/129/129 128/128/128 
f 129/129/129 130/130/130 131/131/131 
f 132/132/132 131/131/131 130/130/130 
f 131/131/131 132/132/132 133/133/133 
f 140/140/140 139/139/139 138/138/138 
f 139/139/139 140/140/140 141/141/141 
f 142/142/142 141/141/141 140/140/140 
f 141/141/141 142/142/142 143/143/143 
f 144/144/144 143/143/143 142/142/142 
f 143/143/143 144/144/144 145/145/145 
f 146/146/146 145/145/145 144/144/144 
f 145/145/145 146/146/146 147/147/147 
f 148/148/148 147/147/147 146/146/146 
f 147/147/147 148/148/148 149/149/149 
f 150/150/150 149/149/149 148/148/148 
f 149/149/149 150/150/150 151/151/151 
f 152/152/152 151/151/151 150/150/150 
f 151/151/151 152/152/152 153/153/153 
f 161/161/161 162/162/162 163/163/163 
f 163/163/163 162/162/162 164/164/164 
f 165/165/165 162/162/162 161/161/161 
f 162/162/162 165/165/165 166/166/166 
f 166/166/166 165/165/165 167/167/167 
f 165/165/165 161/161/161 168/168/168 
f 165/165/165 168/168/168 169/169/169 
f 161/161/161 163/163/163 170/170/170 
f 161/161/161 170/170/170 171/171/171 
f 163/163/163 172/172/172 170/170/170 
f 173/173/173 172/172/172 163/163/163 
f 173/173/173 163/163/163 174/174/174 
f 173/173/173 174/174/174 175/175/175 
f 172/172/172 173/173/173 176/176/176 
f 176/176/176 173/173/173 177/177/177 
f 178/178/178 172/172/172 179/179/179 
f 178/178/178 170/170/170 172/172/172 
f 178/178/178 180/180/180 170/170/170 
f 181/181/181 170/170/170 180/180/180 
f 181/181/181 180/180/180 182/182/182 
f 183/183/183 180/180/180 178/178/178 
f 180/180/180 183/183/183 184/184/184 
f 184/184/184 183/183/183 185/185/185 
f 183/183/183 178/178/178 186/186/186 
f 183/183/183 186/186/186 187/187/187 
f 181/181/181 188/188/188 170/170/170 
f 188/188/188 189/189/189 170/170/170 
f 189/189/189 188/188/188 190/190/190 
f 188/188/188 181/181/181 191/191/191 
f 188/188/188 191/191/191 192/192/192 
f 193/193/193 194/194/194 195/195/195 
f 193/193/193 195/195/195 196/196/196 
f 196/196/196 195/195/195 197/197/197 
f 194/194/194 193/193/193 198/198/198 
f 193/193/193 199/199/199 198/198/198 
f 199/199/199 193/193/193 200/200/200 
f 199/199/199 200/200/200 201/201/201 
f 202/202/202 198/198/198 203/203/203 
f 194/194/194 204/204/204 205/205/205 
f 202/202/202 206/206/206 198/198/198 
f 207/207/207 194/194/194 198/198/198 
f 194/194/194 207/207/207 204/204/204 
f 207/207/207 198/198/198 206/206/206 
f 206/206/206 202/202/202 208/208/208 
f 208/208/208 202/202/202 209/209/209 
f 208/208/208 209/209/209 210/210/210 
f 206/206/206 208/208/208 211/211/211 
f 206/206/206 211/211/211 212/212/212 
f 213/213/213 204/204/204 207/207/207 
f 204/204/204 213/213/213 214/214/214 
f 214/214/214 213/213/213 215/215/215 
f 213/213/213 207/207/207 216/216/216 
f 216/216/216 207/207/207 217/217/217 
f 218/218/218 207/207/207 206/206/206 
f 207/207/207 218/218/218 219/219/219 
f 218/218/218 206/206/206 220/220/220 
f 219/219/219 218/218/218 221/221/221 
f 219/219/219 221/221/221 222/222/222 
f 218/218/218 220/220/220 223/223/223 
f 223/223/223 220/220/220 224/224/224 
f 229/229/229 228/228/228 227/227/227 
f 228/228/228 229/229/229 230/230/230 
f 231/231/231 230/230/230 229/229/229 
f 230/230/230 231/231/231 232/232/232 
f 237/237/237 236/236/236 235/235/235 
f 236/236/236 237/237/237 238/238/238 
f 239/239/239 238/238/238 237/237/237 
f 238/238/238 239/239/239 240/240/240 
f 243/243/243 242/242/242 241/241/241 
f 242/242/242 243/243/243 244/244/244 
f 245/245/245 244/244/244 243/243/243 
f 244/244/244 245/245/245 246/246/246 
f 247/247/247 246/246/246 245/245/245 
f 246/246/246 247/247/247 248/248/248 
f 249/249/249 248/248/248 247/247/247 
f 250/250/250 251/251/251 252/252/252 
f 253/253/253 252/252/252 251/251/251 
f 252/252/252 253/253/253 254/254/254 
f 255/255/255 254/254/254 253/253/253 
f 254/254/254 255/255/255 256/256/256 
f 255/255/255 257/257/257 256/256/256 
f 257/257/257 255/255/255 258/258/258 
f 258/258/258 259/259/259 257/257/257 
f 259/259/259 258/258/258 260/260/260 
f 261/261/261 259/259/259 260/260/260 
f 259/259/259 261/261/261 262/262/262 
f 263/263/263 262/262/262 261/261/261 
f 262/262/262 263/263/263 264/264/264 
f 265/265/265 264/264/264 263/263/263 
f 264/264/264 265/265/265 266/266/266 
f 267/267/267 266/266/266 265/265/265 
f 266/266/266 267/267/267 268/268/268 
f 269/269/269 268/268/268 267/267/267 
f 268/268/268 269/269/269 270/270/270 
f 271/271/271 270/270/270 269/269/269 
f 270/270/270 271/271/271 272/272/272 
f 279/279/279 278/278/278 277/277/277 
f 278/278/278 279/279/279 280/280/280 
f 281/281/281 280/280/280 279/279/279 
f 280/280/280 281/281/281 282/282/282 
f 283/283/283 282/282/282 281/281/281 
f 282/282/282 283/283/283 250/250/250 
f 251/251/251 250/250/250 283/283/283 
f 248/248/248 249/249/249 284/284/284 
f 285/285/285 284/284/284 249/249/249 
f 284/284/284 285/285/285 286/286/286 
f 287/287/287 286/286/286 285/285/285 
f 286/286/286 287/287/287 288/288/288 
f 289/289/289 288/288/288 287/287/287 
f 288/288/288 289/289/289 290/290/290 
f 291/291/291 290/290/290 289/289/289 
f 290/290/290 291/291/291 292/292/292 
f 293/293/293 292/292/292 291/291/291 
f 292/292/292 293/293/293 294/294/294 
f 295/295/295 294/294/294 293/293/293 
f 294/294/294 295/295/295 296/296/296 
f 297/297/297 296/296/296 295/295/295 
f 296/296/296 297/297/297 298/298/298 
f 299/299/299 298/298/298 297/297/297 
f 298/298/298 299/299/299 300/300/300 
f 301/301/301 300/300/300 299/299/299 
f 300/300/300 301/301/301 302/302/302 
f 303/303/303 302/302/302 301/301/301 
f 302/302/302 303/303/303 304/304/304 

g Body1

v -7.53674 20.8181 229.792 
v -7.13716 20.6793 232.774 
v -7.12152 20.8073 232.774 
v -7.23589 20.6914 232.928 
v -7.22026 20.8194 232.928 
v -7.2782 20.6965 232.975 
v -7.26256 20.8245 232.975 
v -7.32262 20.702 233.018 
v -7.30698 20.83 233.018 
v -7.36745 20.7074 233.054 
v -7.35182 20.8354 233.054 
v -7.41097 20.7128 233.082 
v -7.39534 20.8408 233.082 
v -7.45151 20.7177 233.101 
v -7.43587 20.8457 233.101 
v -7.47186 20.8501 233.11 
v -7.4875 20.7221 233.11 
v -7.50192 20.8538 233.11 
v -7.51756 20.7258 233.11 
v -7.52491 20.8566 233.099 
v -7.54054 20.7286 233.099 
v -7.53992 20.8584 233.078 
v -9.983 20.6887 232.566 
v -9.94112 20.7522 232.528 
v -9.97147 20.7603 232.559 
v -10.0196 20.6979 232.598 
v -10.0081 20.7695 232.591 
v -10.0611 20.7079 232.63 
v -10.0496 20.7795 232.622 
v -10.1059 20.7183 232.66 
v -10.0944 20.7898 232.653 
v -10.1523 20.7287 232.688 
v -10.1408 20.8002 232.681 
v -10.1984 20.7386 232.713 
v -10.1869 20.8102 232.705 
v -10.2426 20.7478 232.733 
v -10.231 20.8194 232.725 
v -10.283 20.7559 232.748 
v -10.2715 20.8274 232.74 
v -10.3182 20.7625 232.757 
v -10.3067 20.834 232.749 
v -10.3468 20.7674 232.76 
v -10.3353 20.839 232.752 
v -10.3562 20.842 232.749 
v -10.3677 20.7704 232.756 
v -10.3686 20.843 232.74 
v -10.3801 20.7715 232.747 
v -10.567 20.8767 232.223 
v -9.93339 20.7637 232.693 
v -10.567 20.9003 232.223 
v -9.93339 20.8276 232.693 
v -11.0384 20.9306 231.779 
v -8.86918 20.7637 232.693 
v -8.86918 20.8276 232.693 
v -7.80498 20.7637 232.693 
v -7.80498 20.8276 232.693 
v -7.17136 20.8767 232.417 
v -7.17136 20.9003 232.417 
v -7.17136 20.7074 232.417 
v -7.80498 20.7074 232.693 
v -7.17136 20.6616 232.417 
v -8.86918 20.7074 232.693 
v -7.80498 20.6213 232.693 
v -7.17136 20.5978 232.417 
v -7.80498 20.5579 232.693 
v -8.86918 20.6213 232.693 
v -8.86918 20.5579 232.693 
v -9.93339 20.7074 232.693 
v -9.93339 20.6213 232.693 
v -9.93339 20.5579 232.693 
v -10.567 20.7074 232.223 
v -10.567 20.6616 232.223 
v -10.567 20.5978 232.223 
v -11.0384 20.8667 231.779 
v -10.9976 20.4723 231.78 
v -7.12665 20.7651 232.738 
v -7.13754 20.6935 232.729 
v -7.13207 20.7642 232.752 
v -7.14295 20.6927 232.744 
v -7.14447 20.7651 232.761 
v -7.15536 20.6935 232.753 
v -7.1634 20.7676 232.764 
v -7.17429 20.696 232.756 
v -7.18812 20.7716 232.762 
v -7.19901 20.7001 232.753 
v -7.21769 20.7771 232.753 
v -7.22857 20.7055 232.745 
v -7.25095 20.7837 232.74 
v -7.04586 20.6226 229.968 
v -6.84786 20.6364 229.792 
v -7.04893 20.6666 229.968 
v -7.56813 20.6303 230.383 
v -7.56506 20.5864 230.383 
v -6.85092 20.6804 229.792 
v -7.04994 20.681 229.968 
v -7.57888 20.7845 230.383 
v -6.85406 20.7253 229.792 
v -8.00999 20.7851 230.182 
v -9.17373 21.121 229.873 
v -10.2797 20.8375 232.586 
v -11.1466 20.7217 229.827 
v -10.9481 20.7217 230.002 
v -11.1466 20.7687 229.827 
v -10.9481 20.7687 230.002 
v -10.9481 20.7063 230.002 
v -11.1466 20.6738 229.827 
v -10.4276 20.5571 230.418 
v -9.84063 20.6272 228.663 
v -9.84063 20.7602 228.663 
v -10.0434 20.7602 228.889 
v -10.0434 20.7217 228.889 
v -10.2461 20.7602 229.017 
v -10.0434 20.6272 228.889 
v -10.2461 20.7217 229.017 
v -10.2461 20.648 229.017 
v -8.34331 21.1521 229.885 
v -8.86918 20.6213 229.815 
v -7.80498 20.6213 229.815 
v -7.17136 20.5978 230.092 
v -7.28347 20.8271 232.639 
v -7.25559 20.6937 232.611 
v -10.0159 20.8225 233.135 
v -10.028 20.9491 233.114 
v -10.0465 20.9503 233.132 
v -10.0343 20.8236 233.153 
v -10.0711 20.9491 233.139 
v -10.0589 20.8225 233.16 
v -10.1009 20.9456 233.135 
v -10.0888 20.819 233.156 
v -10.1348 20.9399 233.12 
v -10.1227 20.8133 233.141 
v -10.1715 20.9323 233.095 
v -10.1594 20.8056 233.116 
v -10.2096 20.9229 233.061 
v -10.1975 20.7963 233.082 
v -10.2476 20.9123 233.019 
v -10.2355 20.7856 233.04 
v -10.3176 20.8887 232.917 
v -10.3054 20.762 232.938 
v -8.50359 21.4047 229.952 
v -8.30417 21.3397 229.953 
v -8.31467 21.4047 229.952 
v -8.51408 21.3397 229.953 
v -8.48946 21.4618 229.951 
v -8.29771 21.2691 229.954 
v -8.3288 21.4618 229.951 
v -8.52055 21.2691 229.954 
v -8.47224 21.5085 229.951 
v -8.29552 21.1957 229.955 
v -8.34601 21.5085 229.951 
v -8.52273 21.1957 229.955 
v -8.4526 21.5433 229.95 
v -8.29771 21.1223 229.956 
v -8.36565 21.5433 229.95 
v -8.52055 21.1223 229.956 
v -8.43129 21.5647 229.95 
v -8.38696 21.5647 229.95 
v -8.40913 21.572 229.95 
v -8.30417 21.0517 229.958 
v -8.51408 21.0517 229.958 
v -8.31467 20.9866 229.958 
v -8.50359 20.9866 229.958 
v -8.3288 20.9296 229.959 
v -8.48946 20.9296 229.959 
v -8.34601 20.8828 229.96 
v -8.47224 20.8828 229.96 
v -8.36565 20.8481 229.96 
v -8.4526 20.8481 229.96 
v -8.38696 20.8266 229.961 
v -8.43129 20.8266 229.961 
v -8.40913 20.8194 229.961 
v -9.37961 21.4047 229.952 
v -9.1802 21.3397 229.953 
v -9.1907 21.4047 229.952 
v -9.39011 21.3397 229.953 
v -9.36548 21.4618 229.951 
v -9.17373 21.2691 229.954 
v -9.20482 21.4618 229.951 
v -9.39657 21.2691 229.954 
v -9.34827 21.5085 229.951 
v -9.17155 21.1957 229.955 
v -9.22204 21.5085 229.951 
v -9.39876 21.1957 229.955 
v -9.32863 21.5433 229.95 
v -9.17373 21.1223 229.956 
v -9.24168 21.5433 229.95 
v -9.39657 21.1223 229.956 
v -9.30732 21.5647 229.95 
v -9.26299 21.5647 229.95 
v -9.28515 21.572 229.95 
v -9.1802 21.0517 229.958 
v -9.39011 21.0517 229.958 
v -9.1907 20.9866 229.958 
v -9.37961 20.9866 229.958 
v -9.20482 20.9296 229.959 
v -9.36548 20.9296 229.959 
v -9.22204 20.8828 229.96 
v -9.34827 20.8828 229.96 
v -9.24168 20.8481 229.96 
v -9.32863 20.8481 229.96 
v -9.26299 20.8266 229.961 
v -9.30732 20.8266 229.961 
v -9.28515 20.8194 229.961 
v -8.35333 21.2213 229.884 
v -8.46492 21.2213 229.884 
v -8.34713 21.1881 229.885 
v -8.47112 21.1881 229.885 
v -8.45658 21.2504 229.884 
v -8.34331 21.1521 229.885 
v -8.36168 21.2504 229.884 
v -8.47494 21.1521 229.885 
v -8.44641 21.2743 229.883 
v -8.34202 21.1147 229.886 
v -8.37185 21.2743 229.883 
v -8.47623 21.1147 229.886 
v -8.43481 21.292 229.883 
v -8.34331 21.0772 229.886 
v -8.38345 21.292 229.883 
v -8.47494 21.0772 229.886 
v -8.42222 21.3029 229.883 
v -8.39604 21.3029 229.883 
v -8.40913 21.3066 229.883 
v -8.34713 21.0412 229.887 
v -8.47112 21.0412 229.887 
v -8.35333 21.008 229.887 
v -8.46492 21.008 229.887 
v -8.36168 20.9789 229.888 
v -8.45658 20.9789 229.888 
v -8.37185 20.9551 229.888 
v -8.44641 20.9551 229.888 
v -8.38345 20.9373 229.888 
v -8.43481 20.9373 229.888 
v -8.39604 20.9264 229.888 
v -8.42222 20.9264 229.888 
v -8.40913 20.9227 229.889 
v -9.22456 21.2213 229.884 
v -9.33615 21.2213 229.884 
v -9.21836 21.1881 229.885 
v -9.34235 21.1881 229.885 
v -9.3278 21.2504 229.884 
v -9.21454 21.1521 229.885 
v -9.2329 21.2504 229.884 
v -9.34617 21.1521 229.885 
v -9.31763 21.2743 229.883 
v -9.21325 21.1147 229.886 
v -9.24307 21.2743 229.883 
v -9.34746 21.1147 229.886 
v -9.30603 21.292 229.883 
v -9.21454 21.0772 229.886 
v -9.25467 21.292 229.883 
v -9.34617 21.0772 229.886 
v -9.29344 21.3029 229.883 
v -9.26726 21.3029 229.883 
v -9.28035 21.3066 229.883 
v -9.21836 21.0412 229.887 
v -9.34235 21.0412 229.887 
v -9.22456 21.008 229.887 
v -9.33615 21.008 229.887 
v -9.2329 20.9789 229.888 
v -9.3278 20.9789 229.888 
v -9.24307 20.9551 229.888 
v -9.31763 20.9551 229.888 
v -9.25467 20.9373 229.888 
v -9.30603 20.9373 229.888 
v -9.26726 20.9264 229.888 
v -9.29344 20.9264 229.888 
v -9.28035 20.9227 229.889 
v -7.52387 20.6334 229.792 
v -7.99711 20.6004 230.182 
v -7.98423 20.4997 230.182 
v -7.26184 20.7122 232.731 
v -7.28665 20.7913 232.721 
v -7.29753 20.7198 232.713 
v -7.3234 20.7996 232.698 
v -7.33428 20.728 232.69 
v -7.35979 20.8081 232.672 
v -7.37068 20.7366 232.664 
v -7.39443 20.8167 232.644 
v -7.40532 20.7451 232.636 
v -7.42598 20.8249 232.615 
v -7.43687 20.7534 232.606 
v -7.48603 20.7676 232.548 
v -7.50158 20.8512 232.488 
v -8.15108 20.5535 228.628 
v -7.94887 20.5676 228.854 
v -7.95138 20.6036 228.854 
v -7.74665 20.5817 228.982 
v -7.95755 20.6921 228.854 
v -7.74916 20.6177 228.982 
v -7.75398 20.6868 228.982 
v -9.90142 20.7367 232.44 
v -9.91519 20.6692 232.483 
v -9.95266 20.6807 232.536 
v -9.99752 20.5246 230.216 
v -9.99752 20.7217 230.216 
v -9.99752 20.9188 230.216 
v -10.4276 20.7687 230.418 
v -10.4276 20.7217 230.418 
v -6.73567 20.6884 228.358 
v -6.97683 20.7382 227.941 
v -6.97221 20.6719 227.941 
v -6.96914 20.6279 227.941 
v -7.30757 20.7151 227.722 
v -6.74029 20.7547 228.358 
v -7.19815 20.8417 228.866 
v -6.66601 20.8144 228.775 
v -6.67504 20.8138 229.35 
v -6.85406 20.7253 229.792 
v -7.04994 20.681 229.968 
v -7.57888 20.7845 230.383 
v -7.53674 20.8181 229.792 
v -8.00999 20.7851 230.182 
v -7.52584 20.6584 228.186 
v -7.4095 20.6665 228.649 
v -7.6745 20.8085 229.434 
v -7.75398 20.6868 228.982 
v -7.88863 20.6331 228.458 
v -7.51296 20.7008 227.685 
v -8.15977 20.678 228.628 
v -7.95755 20.6921 228.854 
v -8.31942 20.6669 228.249 
v -8.22634 20.6096 228.107 
v -7.71547 20.6452 227.767 
v -7.50834 20.6345 227.685 
v -7.71373 20.6202 227.767 
v -6.84786 20.6364 229.792 
v -7.40524 20.6055 228.649 
v -7.10223 20.8049 232.725 
v -7.23589 20.6914 232.928 
v -7.52491 20.8566 233.099 
v -10.0611 20.7079 232.63 
v -10.283 20.7559 232.748 
v -11.0384 20.9306 231.779 
v -8.86918 20.8276 232.693 
v -8.86918 20.5579 232.693 
v -11.0384 20.9306 230.807 
v -11.0258 20.7154 231.254 
v -10.567 20.6616 230.365 
v -7.21313 20.7198 232.603 
v -7.12665 20.7651 232.738 
v -7.22857 20.7055 232.745 
v -6.65761 20.6939 228.775 
v -9.17373 21.121 229.873 
v -10.2797 20.8375 232.586 
v -10.1927 20.7278 232.666 
v -8.34601 21.5073 229.867 
v -8.38696 21.5635 229.866 
v -8.38696 21.5647 229.95 
v -8.40913 21.5707 229.866 
v -8.40913 21.572 229.95 
v -8.43129 21.5635 229.866 
v -8.43129 21.5647 229.95 
v -8.4526 21.5433 229.95 
v -11.1466 20.7217 229.827 
v -10.9481 20.7063 230.002 
v -10.4276 20.5571 230.418 
v -11.3314 20.7217 229.384 
v -11.3405 20.7217 228.81 
v -11.2622 20.651 228.393 
v -11.025 20.7687 227.975 
v -11.025 20.7217 227.975 
v -10.6934 20.7687 227.757 
v -10.472 20.5246 229.827 
v -10.4875 20.7217 227.72 
v -10.4875 20.7602 227.72 
v -10.2816 20.7602 227.802 
v -10.4717 20.7602 228.221 
v -10.5884 20.7217 228.684 
v -9.76945 20.7217 228.142 
v -9.68057 20.7217 228.284 
v -10.2461 20.7217 229.017 
v -8.35333 21.008 229.887 
v -8.34331 21.1521 229.885 
v -8.38345 21.2913 229.834 
v -8.38345 21.292 229.883 
v -8.39604 21.3022 229.834 
v -8.39604 21.3029 229.883 
v -8.40913 21.3059 229.834 
v -8.40913 21.3066 229.883 
v -8.42222 21.3022 229.834 
v -8.42222 21.3029 229.883 
v -8.43481 21.292 229.883 
v -8.43481 21.2913 229.834 
v -8.45658 21.2497 229.834 
v -7.80498 20.6213 229.815 
v -7.17136 20.5978 230.092 
v -6.74078 20.4116 230.83 
v -7.20225 20.7913 232.611 
v -7.13737 20.7716 232.695 
v -7.15309 20.7771 232.669 
v -7.175 20.7837 232.64 
v -7.12665 20.7651 232.738 
v -7.12844 20.7676 232.719 
v -7.13207 20.7642 232.752 
v -7.18812 20.7716 232.762 
v -7.14447 20.7651 232.761 
v -7.1634 20.7676 232.764 
v -7.3234 20.7996 232.698 
v -7.21769 20.7771 232.753 
v -7.25095 20.7837 232.74 
v -7.28665 20.7913 232.721 
v -7.35979 20.8081 232.672 
v -7.34159 20.8249 232.504 
v -7.26844 20.8081 232.553 
v -7.2338 20.7996 232.581 
v -7.30483 20.8167 232.527 
v -7.39443 20.8167 232.644 
v -7.41055 20.8392 232.472 
v -7.37728 20.8325 232.486 
v -7.44011 20.8446 232.464 
v -7.45324 20.8325 232.585 
v -7.42598 20.8249 232.615 
v -7.47514 20.8392 232.556 
v -7.49086 20.8446 232.53 
v -7.48376 20.8512 232.464 
v -7.46483 20.8487 232.461 
v -7.49617 20.852 232.473 
v -7.50158 20.8512 232.488 
v -7.49979 20.8487 232.507 
v -7.13337 20.8087 232.583 
v -7.09537 20.8041 232.615 
v -7.11039 20.8059 232.594 
v -7.16343 20.8124 232.582 
v -7.08889 20.8033 232.644 
v -7.19942 20.8168 232.591 
v -7.09121 20.8036 232.682 
v -7.23996 20.8217 232.611 
v -7.10223 20.8049 232.725 
v -7.28347 20.8271 232.639 
v -7.12152 20.8073 232.774 
v -7.32831 20.8325 232.675 
v -7.14835 20.8106 232.825 
v -7.37273 20.838 232.717 
v -7.18169 20.8146 232.877 
v -7.41504 20.8431 232.765 
v -7.22026 20.8194 232.928 
v -7.4536 20.8479 232.816 
v -7.26256 20.8245 232.975 
v -7.48694 20.8519 232.868 
v -7.30698 20.83 233.018 
v -7.51377 20.8552 232.919 
v -7.35182 20.8354 233.054 
v -7.53307 20.8576 232.967 
v -7.39534 20.8408 233.082 
v -7.54408 20.8589 233.011 
v -7.43587 20.8457 233.101 
v -7.5464 20.8592 233.048 
v -7.47186 20.8501 233.11 
v -7.53992 20.8584 233.078 
v -7.50192 20.8538 233.11 
v -7.52491 20.8566 233.099 
v -7.80498 20.8276 232.693 
v -7.17136 20.9003 232.417 
v -7.80498 21.1267 231.974 
v -6.74078 20.9809 231.697 
v -8.86918 21.1267 231.974 
v -8.86918 20.8276 232.693 
v -7.80498 21.1267 231.254 
v -6.74078 20.9809 231.254 
v -9.93339 21.1267 231.811 
v -9.93339 20.8276 232.693 
v -10.567 20.9003 232.223 
v -11.0384 20.9306 231.779 
v -11.0666 20.9386 231.254 
v -7.80498 21.1267 230.535 
v -6.74078 20.9809 230.83 
v -9.93339 21.1267 231.254 
v -11.0384 20.9306 230.807 
v -8.86918 21.1267 231.254 
v -9.93339 21.1267 230.696 
v -10.567 20.9003 230.365 
v -8.86918 21.1267 230.535 
v -9.93339 20.824 229.815 
v -8.86918 20.824 229.815 
v -7.17136 20.9003 230.092 
v -7.80498 20.824 229.815 
v -7.17136 20.7074 230.092 
v -7.38837 20.71 232.717 
v -9.22204 21.5073 229.867 
v -9.26299 21.5635 229.866 
v -9.26299 21.5647 229.95 
v -9.28515 21.5707 229.866 
v -9.28515 21.572 229.95 
v -9.30732 21.5635 229.866 
v -9.30732 21.5647 229.95 
v -10.472 20.7602 229.827 
v -10.5302 20.8565 229.255 
v -10.8114 20.9188 228.901 
v -10.3339 20.7602 229.469 
v -10.2461 20.7602 229.017 
v -10.4276 20.7687 230.418 
v -9.99752 20.9188 230.216 
v -10.5884 20.7602 228.684 
v -10.0434 20.7602 228.889 
v -10.108 20.7602 228.493 
v -9.84063 20.7602 228.663 
v -9.68057 20.7602 228.284 
v -9.76945 20.7602 228.142 
v -11.3314 20.7687 229.384 
v -10.9481 20.7687 230.002 
v -11.1466 20.7687 229.827 
v -11.3405 20.7687 228.81 
v -11.2622 20.7687 228.393 
v -10.8235 20.8449 228.186 
v -9.25467 21.2913 229.834 
v -9.25467 21.292 229.883 
v -9.26726 21.3022 229.834 
v -9.26726 21.3029 229.883 
v -9.28035 21.3059 229.834 
v -9.28035 21.3066 229.883 
v -9.29344 21.3022 229.834 
v -9.29344 21.3029 229.883 
v -9.30603 21.292 229.883 
v -9.30603 21.2913 229.834 
v -9.31763 21.2735 229.834 
v -10.2096 20.9229 233.061 
v -10.0156 20.9323 233.005 
v -10.2476 20.9123 233.019 
v -10.0262 20.9229 232.955 
v -10.0123 20.9399 233.049 
v -10.2841 20.9007 232.97 
v -10.1715 20.9323 233.095 
v -10.0438 20.9123 232.901 
v -10.0165 20.9456 233.086 
v -10.3176 20.8887 232.917 
v -10.1348 20.9399 233.12 
v -10.0677 20.9007 232.845 
v -10.028 20.9491 233.114 
v -10.3468 20.8767 232.861 
v -10.1009 20.9456 233.135 
v -10.0465 20.9503 233.132 
v -10.0711 20.9491 233.139 
v -10.0969 20.8887 232.789 
v -10.3707 20.8651 232.805 
v -10.1304 20.8767 232.736 
v -10.3883 20.8545 232.751 
v -10.1669 20.8651 232.688 
v -10.399 20.8451 232.701 
v -10.2049 20.8545 232.645 
v -10.4022 20.8375 232.657 
v -10.243 20.8451 232.611 
v -10.398 20.8318 232.62 
v -10.2797 20.8375 232.586 
v -10.3865 20.8283 232.592 
v -10.3136 20.8318 232.571 
v -10.3681 20.8271 232.575 
v -10.3434 20.8283 232.568 
v -9.91383 20.7377 232.43 
v -9.89799 20.7377 232.455 
v -9.90142 20.7367 232.44 
v -9.93475 20.7407 232.427 
v -9.90366 20.7407 232.475 
v -9.96335 20.7456 232.43 
v -9.91823 20.7456 232.5 
v -9.99856 20.7522 232.439 
v -9.94112 20.7522 232.528 
v -10.039 20.7603 232.454 
v -9.97147 20.7603 232.559 
v -10.0831 20.7695 232.474 
v -10.0081 20.7695 232.591 
v -10.1293 20.7795 232.498 
v -10.0496 20.7795 232.622 
v -10.1756 20.7898 232.526 
v -10.0944 20.7898 232.653 
v -10.2204 20.8002 232.557 
v -10.1408 20.8002 232.681 
v -10.2619 20.8102 232.589 
v -10.1869 20.8102 232.705 
v -10.2986 20.8194 232.62 
v -10.231 20.8194 232.725 
v -10.3289 20.8274 232.651 
v -10.2715 20.8274 232.74 
v -10.3518 20.834 232.679 
v -10.3067 20.834 232.749 
v -10.3664 20.839 232.704 
v -10.3353 20.839 232.752 
v -10.372 20.842 232.724 
v -10.3562 20.842 232.749 
v -10.3686 20.843 232.74 
v -7.19815 20.8417 228.866 
v -7.53674 20.8181 229.792 
v -7.52584 20.6584 228.186 
v -7.4095 20.6665 228.649 
v -7.71547 20.6452 227.767 
v -7.50834 20.6345 227.685 
v -7.71373 20.6202 227.767 
v -7.71121 20.5842 227.767 
v -7.52159 20.5974 228.186 
v -7.40524 20.6055 228.649 
v -7.23589 20.6914 232.928 
v -7.51756 20.7258 233.11 
v -7.52491 20.8566 233.099 
v -7.54054 20.7286 233.099 
v -7.53992 20.8584 233.078 
v -7.55556 20.7304 233.078 
v -7.5464 20.8592 233.048 
v -7.56203 20.7312 233.048 
v -7.54408 20.8589 233.011 
v -7.55972 20.7309 233.011 
v -7.53307 20.8576 232.967 
v -7.5487 20.7296 232.967 
v -7.51377 20.8552 232.919 
v -7.52941 20.7272 232.919 
v -7.48694 20.8519 232.868 
v -7.50257 20.7239 232.868 
v -7.4536 20.8479 232.816 
v -7.46923 20.7198 232.816 
v -7.41504 20.8431 232.765 
v -7.43067 20.7151 232.765 
v -10.283 20.7559 232.748 
v -10.3686 20.843 232.74 
v -10.3801 20.7715 232.747 
v -10.372 20.842 232.724 
v -10.3836 20.7704 232.732 
v -10.3664 20.839 232.704 
v -10.3779 20.7674 232.711 
v -10.3518 20.834 232.679 
v -10.3633 20.7625 232.687 
v -10.3289 20.8274 232.651 
v -10.3404 20.7559 232.658 
v -10.2619 20.8102 232.589 
v -10.2735 20.7386 232.596 
v -10.1756 20.7898 232.526 
v -10.1872 20.7183 232.534 
v -11.0384 20.9306 231.779 
v -10.567 20.7074 232.223 
v -10.567 20.6616 232.223 
v -10.567 20.5978 232.223 
v -11.0384 20.8667 231.779 
v -11.0666 20.9386 231.254 
v -10.9976 20.7074 231.78 
v -11.0666 20.8747 231.254 
v -11.0384 20.9306 230.807 
v -10.9976 20.5437 231.78 
v -10.9976 20.4723 231.78 
v -11.0258 20.7154 231.254 
v -11.0384 20.8667 230.807 
v -11.0258 20.5376 231.254 
v -11.0258 20.4661 231.254 
v -10.567 20.7074 230.365 
v -10.9976 20.7074 230.808 
v -10.9976 20.5437 230.808 
v -10.9976 20.4723 230.808 
v -10.567 20.5978 230.365 
v -10.567 20.6616 230.365 
v -10.3468 20.8767 232.861 
v -10.3347 20.75 232.882 
v -10.3054 20.762 232.938 
v -10.3176 20.8887 232.917 
v -10.3707 20.8651 232.805 
v -10.3586 20.7385 232.826 
v -10.3883 20.8545 232.751 
v -10.3762 20.7278 232.772 
v -10.399 20.8451 232.701 
v -10.3868 20.7185 232.722 
v -10.4022 20.8375 232.657 
v -10.3901 20.7108 232.678 
v -10.398 20.8318 232.62 
v -10.3859 20.7051 232.641 
v -10.3865 20.8283 232.592 
v -10.3744 20.7016 232.613 
v -10.3559 20.7004 232.596 
v -10.3434 20.8283 232.568 
v -10.2797 20.8375 232.586 
v -8.40913 21.572 229.95 
v -8.43129 21.5635 229.866 
v -8.43129 21.5647 229.95 
v -8.4526 21.5433 229.95 
v -8.4526 21.5421 229.867 
v -8.47224 21.5085 229.951 
v -8.47224 21.5073 229.867 
v -8.48946 21.4618 229.951 
v -8.48946 21.4605 229.868 
v -8.50359 21.4047 229.952 
v -8.50359 21.4035 229.869 
v -8.51408 21.3397 229.953 
v -8.51408 21.3384 229.87 
v -8.52055 21.2691 229.954 
v -8.52055 21.2679 229.871 
v -8.52273 21.1957 229.955 
v -8.52273 21.1945 229.872 
v -11.1466 20.7217 229.827 
v -11.1466 20.7687 229.827 
v -11.3314 20.7687 229.384 
v -10.9481 20.7063 230.002 
v -11.1466 20.6738 229.827 
v -10.4276 20.5571 230.418 
v -11.3314 20.7217 229.384 
v -11.3314 20.593 229.384 
v -11.3405 20.7687 228.81 
v -11.3405 20.7217 228.81 
v -11.3405 20.593 228.81 
v -11.2622 20.7687 228.393 
v -11.2622 20.7217 228.393 
v -11.2622 20.651 228.393 
v -11.025 20.7687 227.975 
v -11.025 20.7217 227.975 
v -11.025 20.651 227.975 
v -10.472 20.5246 229.827 
v -10.108 20.695 228.493 
v -10.108 20.7217 228.493 
v -9.76945 20.695 228.142 
v -10.108 20.7602 228.493 
v -9.76945 20.7217 228.142 
v -9.76945 20.7602 228.142 
v -8.40913 21.3066 229.883 
v -8.42222 21.3022 229.834 
v -8.43481 21.292 229.883 
v -8.43481 21.2913 229.834 
v -8.44641 21.2743 229.883 
v -8.44641 21.2735 229.834 
v -8.45658 21.2504 229.884 
v -8.45658 21.2497 229.834 
v -8.46492 21.2213 229.884 
v -8.46492 21.2206 229.835 
v -8.47112 21.1881 229.885 
v -8.47112 21.1874 229.835 
v -8.47494 21.1521 229.885 
v -8.47494 21.1514 229.836 
v -8.47623 21.1147 229.886 
v -8.47623 21.1139 229.836 
v -9.39876 21.1945 229.872 
v -9.39657 21.1223 229.956 
v -9.39876 21.1957 229.955 
v -9.39657 21.121 229.873 
v -9.39011 21.0517 229.958 
v -9.39011 21.0505 229.874 
v -9.37961 20.9866 229.958 
v -9.37961 20.9854 229.875 
v -9.36548 20.9296 229.959 
v -9.36548 20.9284 229.876 
v -9.34827 20.8828 229.96 
v -9.34827 20.8816 229.877 
v -9.32863 20.8481 229.96 
v -9.32863 20.8468 229.877 
v -9.30732 20.8266 229.961 
v -9.30732 20.8254 229.877 
v -9.28515 20.8194 229.961 
v -9.28515 20.8182 229.877 
v -9.34746 21.1139 229.836 
v -9.34617 21.0772 229.886 
v -9.34746 21.1147 229.886 
v -9.34617 21.0765 229.837 
v -9.34235 21.0412 229.887 
v -9.34235 21.0405 229.837 
v -9.33615 21.008 229.887 
v -9.33615 21.0073 229.838 
v -9.3278 20.9789 229.888 
v -9.3278 20.9782 229.838 
v -9.31763 20.9551 229.888 
v -9.31763 20.9543 229.839 
v -9.30603 20.9373 229.888 
v -9.30603 20.9366 229.839 
v -9.29344 20.9264 229.888 
v -9.29344 20.9257 229.839 
v -9.26726 20.9264 229.888 
v -7.28347 20.8271 232.639 
v -10.567 20.9003 230.365 
v -7.25559 20.6937 232.611 
v -9.28515 21.572 229.95 
v -9.30732 21.5635 229.866 
v -9.30732 21.5647 229.95 
v -9.32863 21.5433 229.95 
v -9.32863 21.5421 229.867 
v -9.34827 21.5085 229.951 
v -9.34827 21.5073 229.867 
v -9.36548 21.4618 229.951 
v -9.36548 21.4605 229.868 
v -9.37961 21.4047 229.952 
v -9.37961 21.4035 229.869 
v -9.39011 21.3397 229.953 
v -9.39011 21.3384 229.87 
v -9.39657 21.2691 229.954 
v -9.39657 21.2679 229.871 
v -9.39876 21.1957 229.955 
v -9.39876 21.1945 229.872 
v -9.28035 21.3059 229.834 
v -9.28035 21.3066 229.883 
v -9.30603 21.292 229.883 
v -9.30603 21.2913 229.834 
v -9.31763 21.2743 229.883 
v -9.31763 21.2735 229.834 
v -9.3278 21.2504 229.884 
v -9.3278 21.2497 229.834 
v -9.33615 21.2213 229.884 
v -9.33615 21.2206 229.835 
v -9.34235 21.1881 229.885 
v -9.34235 21.1874 229.835 
v -9.34617 21.1521 229.885 
v -9.34617 21.1514 229.836 
v -9.34746 21.1147 229.886 
v -9.34746 21.1139 229.836 
v -10.1009 20.9456 233.135 
v -8.52273 21.1945 229.872 
v -8.52055 21.1223 229.956 
v -8.52273 21.1957 229.955 
v -8.52055 21.121 229.873 
v -8.51408 21.0517 229.958 
v -8.51408 21.0505 229.874 
v -8.50359 20.9866 229.958 
v -8.50359 20.9854 229.875 
v -8.48946 20.9296 229.959 
v -8.48946 20.9284 229.876 
v -8.47224 20.8828 229.96 
v -8.47224 20.8816 229.877 
v -8.4526 20.8481 229.96 
v -8.4526 20.8468 229.877 
v -8.43129 20.8266 229.961 
v -8.43129 20.8254 229.877 
v -8.40913 20.8194 229.961 
v -8.40913 20.8182 229.877 
v -8.47623 21.1139 229.836 
v -8.47494 21.0772 229.886 
v -8.47623 21.1147 229.886 
v -8.47494 21.0765 229.837 
v -8.47112 21.0412 229.887 
v -8.47112 21.0405 229.837 
v -8.46492 21.008 229.887 
v -8.46492 21.0073 229.838 
v -8.45658 20.9789 229.888 
v -8.45658 20.9782 229.838 
v -8.44641 20.9551 229.888 
v -8.44641 20.9543 229.839 
v -8.43481 20.9373 229.888 
v -8.43481 20.9366 229.839 
v -8.40913 20.9227 229.889 
v -8.40913 20.922 229.839 
v -10.0589 20.8225 233.16 
v -10.1715 20.9323 233.095 
v -10.2096 20.9229 233.061 
v -10.1975 20.7963 233.082 
v -10.2476 20.9123 233.019 
v -10.2355 20.7856 233.04 
v -10.2841 20.9007 232.97 
v -10.2719 20.7741 232.991 
v -10.3176 20.8887 232.917 
v -10.3054 20.762 232.938 
v -7.74916 20.6177 228.982 
v -7.65911 20.5878 229.434 
v -7.66162 20.6238 229.434 
v -7.74665 20.5817 228.982 
v -7.75398 20.6868 228.982 
v -7.52135 20.5974 229.792 
v -7.6745 20.8085 229.434 
v -7.52387 20.6334 229.792 
v -7.53674 20.8181 229.792 
v -7.37068 20.7366 232.664 
v -7.42598 20.8249 232.615 
v -7.43687 20.7534 232.606 
v -7.45324 20.8325 232.585 
v -7.46412 20.761 232.577 
v -7.47514 20.8392 232.556 
v -7.48603 20.7676 232.548 
v -7.49086 20.8446 232.53 
v -7.50175 20.7731 232.522 
v -7.49979 20.8487 232.507 
v -7.51067 20.7771 232.499 
v -7.50158 20.8512 232.488 
v -7.51247 20.7796 232.479 
v -7.49617 20.852 232.473 
v -7.50705 20.7805 232.465 
v -7.49464 20.7796 232.456 
v -8.22634 20.6096 228.107 
v -8.2246 20.5846 228.107 
v -8.31325 20.5784 228.249 
v -8.31942 20.6669 228.249 
v -8.22208 20.5485 228.107 
v -7.40524 20.6055 228.649 
v -8.31074 20.5424 228.249 
v -8.15108 20.5535 228.628 
v -8.15359 20.5895 228.628 
v -8.15977 20.678 228.628 
v -7.94887 20.5676 228.854 
v -7.95138 20.6036 228.854 
v -7.95755 20.6921 228.854 
v -7.40775 20.6415 228.649 
v -7.4095 20.6665 228.649 
v -7.52584 20.6584 228.186 
v -7.5241 20.6334 228.186 
v -7.37273 20.838 232.717 
v -7.43067 20.7151 232.765 
v -7.41504 20.8431 232.765 
v -7.38837 20.71 232.717 
v -6.97683 20.7382 227.941 
v -6.97221 20.6719 227.941 
v -6.96914 20.6279 227.941 
v -7.30757 20.7151 227.722 
v -7.30295 20.6488 227.722 
v -7.53674 20.8181 229.792 
v -7.51296 20.7008 227.685 
v -7.71547 20.6452 227.767 
v -7.50834 20.6345 227.685 
v -7.29989 20.6049 227.722 
v -7.71373 20.6202 227.767 
v -7.50583 20.5985 227.685 
v -7.71121 20.5842 227.767 
v -10.3289 20.8274 232.651 
v -10.3404 20.7559 232.658 
v -10.2986 20.8194 232.62 
v -10.3101 20.7478 232.628 
v -10.2619 20.8102 232.589 
v -10.2735 20.7386 232.596 
v -10.2204 20.8002 232.557 
v -10.232 20.7287 232.564 
v -10.1756 20.7898 232.526 
v -10.1872 20.7183 232.534 
v -11.0384 20.9306 230.807 
v -11.0384 20.8667 230.807 
v -10.567 20.8767 230.365 
v -10.567 20.7074 230.365 
v -9.93339 20.7602 229.815 
v -10.567 20.5978 230.365 
v -10.567 20.6616 230.365 
v -9.93339 20.6213 229.815 
v -7.2338 20.7996 232.581 
v -7.27933 20.7366 232.545 
v -7.26844 20.8081 232.553 
v -7.24469 20.728 232.573 
v -7.20225 20.7913 232.611 
v -7.21313 20.7198 232.603 
v -7.18588 20.7122 232.632 
v -8.00999 20.7851 230.182 
v -8.47623 21.1139 229.836 
v -8.34331 21.0765 229.837 
v -8.47494 21.0765 229.837 
v -8.34713 21.0405 229.837 
v -8.34202 21.1139 229.836 
v -8.47112 21.0405 229.837 
v -8.47494 21.1514 229.836 
v -8.35333 21.0073 229.838 
v -8.34331 21.1514 229.836 
v -8.46492 21.0073 229.838 
v -8.47112 21.1874 229.835 
v -8.36168 20.9782 229.838 
v -8.34713 21.1874 229.835 
v -8.45658 20.9782 229.838 
v -8.46492 21.2206 229.835 
v -8.37185 20.9543 229.839 
v -8.35333 21.2206 229.835 
v -8.44641 20.9543 229.839 
v -8.45658 21.2497 229.834 
v -8.38345 20.9366 229.839 
v -8.36168 21.2497 229.834 
v -8.43481 20.9366 229.839 
v -8.44641 21.2735 229.834 
v -8.39604 20.9257 229.839 
v -8.42222 20.9257 229.839 
v -8.40913 20.922 229.839 
v -8.37185 21.2735 229.834 
v -8.43481 21.2913 229.834 
v -8.38345 21.2913 229.834 
v -8.42222 21.3022 229.834 
v -8.39604 21.3022 229.834 
v -8.40913 21.3059 229.834 
v -9.34746 21.1139 229.836 
v -9.21454 21.0765 229.837 
v -9.34617 21.0765 229.837 
v -9.21836 21.0405 229.837 
v -9.21325 21.1139 229.836 
v -9.34235 21.0405 229.837 
v -9.34617 21.1514 229.836 
v -9.22456 21.0073 229.838 
v -9.21454 21.1514 229.836 
v -9.33615 21.0073 229.838 
v -9.34235 21.1874 229.835 
v -9.2329 20.9782 229.838 
v -9.21836 21.1874 229.835 
v -9.3278 20.9782 229.838 
v -9.33615 21.2206 229.835 
v -9.24307 20.9543 229.839 
v -9.22456 21.2206 229.835 
v -9.31763 20.9543 229.839 
v -9.3278 21.2497 229.834 
v -9.25467 20.9366 229.839 
v -9.2329 21.2497 229.834 
v -9.30603 20.9366 229.839 
v -9.31763 21.2735 229.834 
v -9.26726 20.9257 229.839 
v -9.29344 20.9257 229.839 
v -9.28035 20.922 229.839 
v -9.24307 21.2735 229.834 
v -9.30603 21.2913 229.834 
v -9.25467 21.2913 229.834 
v -9.29344 21.3022 229.834 
v -9.26726 21.3022 229.834 
v -9.28035 21.3059 229.834 
v -8.52273 21.1945 229.872 
v -8.29771 21.121 229.873 
v -8.52055 21.121 229.873 
v -8.30417 21.0505 229.874 
v -8.29552 21.1945 229.872 
v -8.51408 21.0505 229.874 
v -8.52055 21.2679 229.871 
v -8.31467 20.9854 229.875 
v -8.29771 21.2679 229.871 
v -8.50359 20.9854 229.875 
v -8.51408 21.3384 229.87 
v -8.3288 20.9284 229.876 
v -8.30417 21.3384 229.87 
v -8.48946 20.9284 229.876 
v -8.50359 21.4035 229.869 
v -8.34601 20.8816 229.877 
v -8.31467 21.4035 229.869 
v -8.47224 20.8816 229.877 
v -8.48946 21.4605 229.868 
v -8.36565 20.8468 229.877 
v -8.3288 21.4605 229.868 
v -8.4526 20.8468 229.877 
v -8.47224 21.5073 229.867 
v -8.38696 20.8254 229.877 
v -8.43129 20.8254 229.877 
v -8.40913 20.8182 229.877 
v -8.34601 21.5073 229.867 
v -8.4526 21.5421 229.867 
v -8.36565 21.5421 229.867 
v -8.43129 21.5635 229.866 
v -8.38696 21.5635 229.866 
v -8.40913 21.5707 229.866 
v -9.39876 21.1945 229.872 
v -9.17373 21.121 229.873 
v -9.39657 21.121 229.873 
v -9.1802 21.0505 229.874 
v -9.17155 21.1945 229.872 
v -9.39011 21.0505 229.874 
v -9.39657 21.2679 229.871 
v -9.1907 20.9854 229.875 
v -9.17373 21.2679 229.871 
v -9.37961 20.9854 229.875 
v -9.39011 21.3384 229.87 
v -9.20482 20.9284 229.876 
v -9.1802 21.3384 229.87 
v -9.36548 20.9284 229.876 
v -9.37961 21.4035 229.869 
v -9.22204 20.8816 229.877 
v -9.1907 21.4035 229.869 
v -9.34827 20.8816 229.877 
v -9.36548 21.4605 229.868 
v -9.24168 20.8468 229.877 
v -9.20482 21.4605 229.868 
v -9.32863 20.8468 229.877 
v -9.34827 21.5073 229.867 
v -9.26299 20.8254 229.877 
v -9.30732 20.8254 229.877 
v -9.28515 20.8182 229.877 
v -9.22204 21.5073 229.867 
v -9.32863 21.5421 229.867 
v -9.24168 21.5421 229.867 
v -9.30732 21.5635 229.866 
v -9.26299 21.5635 229.866 
v -9.28515 21.5707 229.866 
v -10.3865 20.8283 232.592 
v -10.3744 20.7016 232.613 
v -10.3559 20.7004 232.596 
v -10.3681 20.8271 232.575 
v -10.3313 20.7016 232.589 
v -10.3434 20.8283 232.568 
v -10.3015 20.7051 232.592 
v -10.3136 20.8318 232.571 
v -10.2675 20.7108 232.607 
v -10.2797 20.8375 232.586 
v -10.2308 20.7185 232.632 
v -10.243 20.8451 232.611 
v -10.1927 20.7278 232.666 
v -10.4276 20.5571 230.418 
v -11.025 20.7687 227.975 
v -11.025 20.7217 227.975 
v -11.025 20.651 227.975 
v -10.6934 20.651 227.757 
v -10.6934 20.7217 227.757 
v -10.6934 20.7687 227.757 
v -10.4875 20.651 227.72 
v -10.472 20.5246 229.827 
v -10.2816 20.695 227.802 
v -10.4875 20.7217 227.72 
v -10.2816 20.7217 227.802 
v -10.4875 20.7602 227.72 
v -10.5884 20.695 228.684 
v -10.2816 20.7602 227.802 
v -10.5884 20.7217 228.684 
v -10.108 20.695 228.493 
v -10.5884 20.7602 228.684 
v -10.108 20.7217 228.493 
v -10.108 20.7602 228.493 
v -8.35333 21.008 229.887 
v -8.34331 21.1521 229.885 
v -9.93339 20.7074 229.815 
v -8.86918 20.7074 229.815 
v -8.86918 20.6213 229.815 
v -7.80498 20.6213 229.815 
v -7.80498 20.5579 229.815 
v -7.17136 20.5978 230.092 
v -8.86919 20.5579 229.815 
v -9.93339 20.5579 229.815 
v -9.28515 20.8182 229.877 
v -7.08889 20.8033 232.644 
v -7.28347 20.8271 232.639 
v -10.567 20.9003 230.365 
v -9.93339 20.824 229.815 
v -8.86918 20.824 229.815 
v -7.17136 20.9003 230.092 
v -7.80498 20.824 229.815 
v -7.17136 20.8767 230.092 
v -7.80498 20.7602 229.815 
v -8.86918 20.7602 229.815 
v -7.17136 20.7074 230.092 
v -7.80498 20.7074 229.815 
v -7.17136 20.6616 230.092 
v -7.25559 20.6937 232.611 
v -9.1802 21.0517 229.958 
v -9.22204 21.5073 229.867 
v -10.2049 20.8545 232.645 
v -10.1547 20.7385 232.709 
v -10.0438 20.9123 232.901 
v -7.52135 20.5974 229.792 
v -7.52387 20.6334 229.792 
v -7.53674 20.8181 229.792 
v -7.99711 20.6004 230.182 
v -7.98423 20.4997 230.182 
v -7.50158 20.8512 232.488 
v -7.49617 20.852 232.473 
v -7.50705 20.7805 232.465 
v -7.48376 20.8512 232.464 
v -7.49464 20.7796 232.456 
v -7.46483 20.8487 232.461 
v -7.47571 20.7771 232.453 
v -7.44011 20.8446 232.464 
v -7.45099 20.7731 232.455 
v -7.41055 20.8392 232.472 
v -7.42143 20.7676 232.464 
v -7.37728 20.8325 232.486 
v -7.38816 20.761 232.477 
v -7.34159 20.8249 232.504 
v -7.35247 20.7534 232.496 
v -7.30483 20.8167 232.527 
v -7.31572 20.7451 232.519 
v -7.26844 20.8081 232.553 
v -7.27933 20.7366 232.545 
v -7.88688 20.6081 228.458 
v -7.88863 20.6331 228.458 
v -7.88437 20.5721 228.458 
v -7.40524 20.6055 228.649 
v -7.40775 20.6415 228.649 
v -7.4095 20.6665 228.649 
v -10.1872 20.7183 232.534 
v -10.1293 20.7795 232.498 
v -10.1408 20.7079 232.506 
v -10.1756 20.7898 232.526 
v -10.0831 20.7695 232.474 
v -10.0947 20.6979 232.481 
v -10.039 20.7603 232.454 
v -10.0505 20.6887 232.461 
v -9.99856 20.7522 232.439 
v -10.0101 20.6807 232.446 
v -9.96335 20.7456 232.43 
v -9.97489 20.6741 232.437 
v -9.93475 20.7407 232.427 
v -9.94628 20.6692 232.434 
v -9.92537 20.6661 232.438 
v -9.91383 20.7377 232.43 
v -9.91296 20.6651 232.447 
v -9.90142 20.7367 232.44 
v -10.472 20.5246 229.827 
v -10.472 20.7217 229.827 
v -10.472 20.7602 229.827 
v -9.99752 20.5246 230.216 
v -9.99752 20.7217 230.216 
v -9.99752 20.9188 230.216 
v -7.37273 20.838 232.717 
v -7.43067 20.7151 232.765 
v -7.41504 20.8431 232.765 
v -7.38837 20.71 232.717 
v -7.32831 20.8325 232.675 
v -7.34394 20.7045 232.675 
v -7.28347 20.8271 232.639 
v -7.29911 20.699 232.639 
v -7.23996 20.8217 232.611 
v -7.25559 20.6937 232.611 
v -7.19942 20.8168 232.591 
v -7.21506 20.6888 232.591 
v -7.17907 20.6844 232.582 
v -7.16343 20.8124 232.582 
v -7.149 20.6807 232.583 
v -7.13337 20.8087 232.583 
v -7.12602 20.6779 232.594 
v -7.11039 20.8059 232.594 
v -6.73567 20.6884 228.358 
v -6.97221 20.6719 227.941 
v -6.96914 20.6279 227.941 
v -7.50834 20.6345 227.685 
v -7.29989 20.6049 227.722 
v -7.71373 20.6202 227.767 
v -7.50583 20.5985 227.685 
v -7.16348 20.5179 228.151 
v -6.7326 20.6444 228.358 
v -7.71121 20.5842 227.767 
v -6.65454 20.6499 228.775 
v -7.52159 20.5974 228.186 
v -7.1724 20.4724 228.866 
v -6.66356 20.6492 229.35 
v -6.84786 20.6364 229.792 
v -7.04586 20.6226 229.968 
v -7.56506 20.5864 230.383 
v -7.40524 20.6055 228.649 
v -7.52135 20.5974 229.792 
v -7.98423 20.4997 230.182 
v -7.457 20.5112 229.221 
v -7.65911 20.5878 229.434 
v -7.74665 20.5817 228.982 
v -7.88437 20.5721 228.458 
v -7.94887 20.5676 228.854 
v -8.15108 20.5535 228.628 
v -8.31074 20.5424 228.249 
v -8.22208 20.5485 228.107 
v -7.23589 20.6914 232.928 
v -7.52491 20.8566 233.099 
v -10.0611 20.7079 232.63 
v -10.283 20.7559 232.748 
v -10.3801 20.7715 232.747 
v -10.2619 20.8102 232.589 
v -10.1756 20.7898 232.526 
v -11.0384 20.9306 231.779 
v -8.86918 20.5579 232.693 
v -10.9976 20.4723 231.78 
v -11.0258 20.7154 231.254 
v -10.567 20.5978 230.365 
v -10.567 20.6616 230.365 
v -7.21313 20.7198 232.603 
v -6.84786 20.6364 229.792 
v -7.04994 20.681 229.968 
v -7.57888 20.7845 230.383 
v -6.65761 20.6939 228.775 
v -10.2797 20.8375 232.586 
v -10.1927 20.7278 232.666 
v -11.1466 20.7217 229.827 
v -10.9481 20.7063 230.002 
v -10.4276 20.5571 230.418 
v -11.3314 20.7217 229.384 
v -11.3405 20.7217 228.81 
v -11.2622 20.651 228.393 
v -11.025 20.7217 227.975 
v -11.025 20.651 227.975 
v -10.6934 20.651 227.757 
v -10.4875 20.651 227.72 
v -10.8114 20.5246 228.901 
v -11.2622 20.651 228.393 
v -11.3405 20.593 228.81 
v -11.3314 20.593 229.384 
v -10.9481 20.7063 230.002 
v -11.1466 20.6738 229.827 
v -10.4276 20.5571 230.418 
v -10.472 20.5246 229.827 
v -9.99752 20.5246 230.216 
v -10.4717 20.695 228.221 
v -10.5884 20.695 228.684 
v -10.3339 20.5246 229.469 
v -10.2461 20.648 229.017 
v -10.0434 20.6272 228.889 
v -10.108 20.695 228.493 
v -9.84063 20.6272 228.663 
v -9.68057 20.6272 228.284 
v -9.76945 20.695 228.142 
v -10.2816 20.695 227.802 
v -10.4875 20.7217 227.72 
v -10.2816 20.7602 227.802 
v -10.5884 20.7217 228.684 
v -9.76945 20.7217 228.142 
v -9.68057 20.7217 228.284 
v -10.2461 20.7217 229.017 
v -10.2426 20.7478 232.733 
v -10.3101 20.7478 232.628 
v -10.1984 20.7386 232.713 
v -10.2735 20.7386 232.596 
v -10.3404 20.7559 232.658 
v -10.1523 20.7287 232.688 
v -10.283 20.7559 232.748 
v -10.232 20.7287 232.564 
v -10.3633 20.7625 232.687 
v -10.1059 20.7183 232.66 
v -10.3182 20.7625 232.757 
v -10.1872 20.7183 232.534 
v -10.3779 20.7674 232.711 
v -10.0611 20.7079 232.63 
v -10.3468 20.7674 232.76 
v -10.1408 20.7079 232.506 
v -10.3836 20.7704 232.732 
v -10.3677 20.7704 232.756 
v -10.3801 20.7715 232.747 
v -10.0196 20.6979 232.598 
v -10.0947 20.6979 232.481 
v -9.983 20.6887 232.566 
v -10.0505 20.6887 232.461 
v -9.95266 20.6807 232.536 
v -10.0101 20.6807 232.446 
v -9.92976 20.6741 232.507 
v -9.97489 20.6741 232.437 
v -9.91519 20.6692 232.483 
v -9.94628 20.6692 232.434 
v -9.90952 20.6661 232.462 
v -9.92537 20.6661 232.438 
v -9.91296 20.6651 232.447 
v -8.86918 20.6213 229.815 
v -7.80498 20.6213 229.815 
v -7.80498 20.5579 229.815 
v -7.17136 20.5978 230.092 
v -6.74078 20.4116 230.83 
v -8.86919 20.5579 229.815 
v -7.80498 20.4116 230.535 
v -6.74078 20.4116 231.254 
v -9.93339 20.5579 229.815 
v -8.86918 20.4116 230.535 
v -7.80498 20.4116 231.254 
v -6.74078 20.4116 231.697 
v -9.93339 20.4116 230.535 
v -10.9976 20.4723 230.808 
v -8.86919 20.4116 231.254 
v -7.80498 20.4116 231.974 
v -7.17136 20.5978 232.417 
v -7.80498 20.5579 232.693 
v -10.2072 20.3541 231.254 
v -11.0258 20.4661 231.254 
v -8.86918 20.4116 231.974 
v -8.86918 20.5579 232.693 
v -9.93339 20.4116 231.974 
v -10.9976 20.4723 231.78 
v -9.93339 20.5579 232.693 
v -10.567 20.5978 232.223 
v -10.1547 20.7385 232.709 
v -10.3762 20.7278 232.772 
v -10.3868 20.7185 232.722 
v -10.1183 20.75 232.757 
v -10.1927 20.7278 232.666 
v -10.3586 20.7385 232.826 
v -10.3901 20.7108 232.678 
v -10.0848 20.762 232.81 
v -10.2308 20.7185 232.632 
v -10.3347 20.75 232.882 
v -10.3859 20.7051 232.641 
v -10.0556 20.7741 232.866 
v -10.2675 20.7108 232.607 
v -10.3054 20.762 232.938 
v -10.3744 20.7016 232.613 
v -10.0317 20.7856 232.922 
v -10.3015 20.7051 232.592 
v -10.3559 20.7004 232.596 
v -10.3313 20.7016 232.589 
v -10.2719 20.7741 232.991 
v -10.0141 20.7963 232.976 
v -10.2355 20.7856 233.04 
v -10.0034 20.8056 233.026 
v -10.1975 20.7963 233.082 
v -10.0001 20.8133 233.07 
v -10.1594 20.8056 233.116 
v -10.0044 20.819 233.107 
v -10.1227 20.8133 233.141 
v -10.0159 20.8225 233.135 
v -10.0888 20.819 233.156 
v -10.0343 20.8236 233.153 
v -10.0589 20.8225 233.16 
v -9.30732 20.8266 229.961 
v -9.30732 20.8254 229.877 
v -9.28515 20.8194 229.961 
v -9.28515 20.8182 229.877 
v -9.26299 20.8266 229.961 
v -9.26299 20.8254 229.877 
v -9.30603 20.9373 229.888 
v -9.30603 20.9366 229.839 
v -9.29344 20.9264 229.888 
v -9.29344 20.9257 229.839 
v -9.28035 20.9227 229.889 
v -9.28035 20.922 229.839 
v -9.26726 20.9264 229.888 
v -9.26726 20.9257 229.839 
v -9.25467 20.9366 229.839 
v -9.25467 20.9373 229.888 
v -9.24307 20.9543 229.839 
v -7.08889 20.8033 232.644 
v -7.28347 20.8271 232.639 
v -9.93339 20.824 229.815 
v -7.17136 20.7074 230.092 
v -7.52941 20.7272 232.919 
v -7.32262 20.702 233.018 
v -7.36745 20.7074 233.054 
v -7.50257 20.7239 232.868 
v -7.5487 20.7296 232.967 
v -7.2782 20.6965 232.975 
v -7.41097 20.7128 233.082 
v -7.46923 20.7198 232.816 
v -7.55972 20.7309 233.011 
v -7.23589 20.6914 232.928 
v -7.45151 20.7177 233.101 
v -7.43067 20.7151 232.765 
v -7.56203 20.7312 233.048 
v -7.19733 20.6866 232.877 
v -7.4875 20.7221 233.11 
v -7.38837 20.71 232.717 
v -7.55556 20.7304 233.078 
v -7.51756 20.7258 233.11 
v -7.54054 20.7286 233.099 
v -7.16399 20.6826 232.825 
v -7.34394 20.7045 232.675 
v -7.13716 20.6793 232.774 
v -7.29911 20.699 232.639 
v -7.11786 20.6769 232.725 
v -7.25559 20.6937 232.611 
v -7.10684 20.6756 232.682 
v -7.21506 20.6888 232.591 
v -7.10453 20.6753 232.644 
v -7.17907 20.6844 232.582 
v -7.111 20.6761 232.615 
v -7.149 20.6807 232.583 
v -7.12602 20.6779 232.594 
v -10.1009 20.9456 233.135 
v -7.33428 20.728 232.69 
v -7.21313 20.7198 232.603 
v -7.14825 20.7001 232.687 
v -7.13754 20.6935 232.729 
v -7.13933 20.696 232.71 
v -7.14295 20.6927 232.744 
v -7.16397 20.7055 232.661 
v -7.18588 20.7122 232.632 
v -7.19901 20.7001 232.753 
v -7.15536 20.6935 232.753 
v -7.17429 20.696 232.756 
v -7.22857 20.7055 232.745 
v -7.26184 20.7122 232.731 
v -7.29753 20.7198 232.713 
v -7.37068 20.7366 232.664 
v -7.35247 20.7534 232.496 
v -7.27933 20.7366 232.545 
v -7.24469 20.728 232.573 
v -7.31572 20.7451 232.519 
v -7.40532 20.7451 232.636 
v -7.42143 20.7676 232.464 
v -7.38816 20.761 232.477 
v -7.45099 20.7731 232.455 
v -7.49464 20.7796 232.456 
v -7.47571 20.7771 232.453 
v -7.50705 20.7805 232.465 
v -7.50175 20.7731 232.522 
v -7.51247 20.7796 232.479 
v -7.51067 20.7771 232.499 
v -7.48603 20.7676 232.548 
v -7.46412 20.761 232.577 
v -7.43687 20.7534 232.606 
v -8.43129 20.8266 229.961 
v -8.43129 20.8254 229.877 
v -8.40913 20.8194 229.961 
v -8.40913 20.8182 229.877 
v -8.38696 20.8266 229.961 
v -8.38696 20.8254 229.877 
v -8.43481 20.9373 229.888 
v -8.43481 20.9366 229.839 
v -8.42222 20.9264 229.888 
v -8.42222 20.9257 229.839 
v -8.40913 20.9227 229.889 
v -8.40913 20.922 229.839 
v -8.39604 20.9264 229.888 
v -8.39604 20.9257 229.839 
v -8.38345 20.9366 229.839 
v -8.38345 20.9373 229.888 
v -6.73567 20.6884 228.358 
v -6.65454 20.6499 228.775 
v -6.7326 20.6444 228.358 
v -6.97683 20.7382 227.941 
v -6.74029 20.7547 228.358 
v -6.97221 20.6719 227.941 
v -6.96914 20.6279 227.941 
v -6.66601 20.8144 228.775 
v -6.67504 20.8138 229.35 
v -6.84786 20.6364 229.792 
v -7.13716 20.6793 232.774 
v -7.10223 20.8049 232.725 
v -7.12152 20.8073 232.774 
v -7.16399 20.6826 232.825 
v -7.14835 20.8106 232.825 
v -7.19733 20.6866 232.877 
v -7.18169 20.8146 232.877 
v -7.23589 20.6914 232.928 
v -7.22026 20.8194 232.928 
v -7.2782 20.6965 232.975 
v -7.26256 20.8245 232.975 
v -9.94112 20.7522 232.528 
v -10.1523 20.7287 232.688 
v -10.283 20.7559 232.748 
v -10.2715 20.8274 232.74 
v -7.2338 20.7996 232.581 
v -7.27933 20.7366 232.545 
v -7.20225 20.7913 232.611 
v -7.21313 20.7198 232.603 
v -7.175 20.7837 232.64 
v -7.18588 20.7122 232.632 
v -7.15309 20.7771 232.669 
v -7.16397 20.7055 232.661 
v -7.13737 20.7716 232.695 
v -7.14825 20.7001 232.687 
v -7.12844 20.7676 232.719 
v -7.13933 20.696 232.71 
v -7.12665 20.7651 232.738 
v -7.13754 20.6935 232.729 
v -7.13207 20.7642 232.752 
v -7.14295 20.6927 232.744 
v -6.84786 20.6364 229.792 
v -6.85092 20.6804 229.792 
v -6.85406 20.7253 229.792 
v -6.66663 20.6932 229.35 
v -6.67504 20.8138 229.35 
v -6.66356 20.6492 229.35 
v -6.66601 20.8144 228.775 
v -6.65761 20.6939 228.775 
v -10.2797 20.8375 232.586 
v -10.2308 20.7185 232.632 
v -10.1927 20.7278 232.666 
v -8.31467 20.9854 229.875 
v -8.31467 20.9866 229.958 
v -8.3288 20.9296 229.959 
v -8.30417 21.0505 229.874 
v -8.30417 21.0517 229.958 
v -8.29771 21.121 229.873 
v -8.29771 21.1223 229.956 
v -8.29552 21.1945 229.872 
v -8.29552 21.1957 229.955 
v -8.29771 21.2679 229.871 
v -8.29771 21.2691 229.954 
v -8.30417 21.3384 229.87 
v -8.30417 21.3397 229.953 
v -8.31467 21.4035 229.869 
v -8.31467 21.4047 229.952 
v -8.3288 21.4605 229.868 
v -8.3288 21.4618 229.951 
v -8.34601 21.5073 229.867 
v -8.34601 21.5085 229.951 
v -8.36565 21.5421 229.867 
v -8.36565 21.5433 229.95 
v -8.38696 21.5635 229.866 
v -8.38696 21.5647 229.95 
v -8.40913 21.572 229.95 
v -10.4276 20.5571 230.418 
v -10.8114 20.5246 228.901 
v -10.472 20.5246 229.827 
v -10.4717 20.695 228.221 
v -10.5884 20.695 228.684 
v -10.2816 20.695 227.802 
v -10.2816 20.7217 227.802 
v -10.4717 20.695 228.221 
v -10.4717 20.7217 228.221 
v -10.5884 20.695 228.684 
v -10.2816 20.7602 227.802 
v -10.4717 20.7602 228.221 
v -10.5884 20.7217 228.684 
v -10.5884 20.7602 228.684 
v -9.76945 20.695 228.142 
v -9.76945 20.7217 228.142 
v -9.76945 20.7602 228.142 
v -9.68057 20.7217 228.284 
v -9.68057 20.6272 228.284 
v -9.68057 20.7602 228.284 
v -9.84063 20.6272 228.663 
v -9.84063 20.7217 228.663 
v -9.84063 20.7602 228.663 
v -10.0434 20.7602 228.889 
v -10.0434 20.7217 228.889 
v -10.0434 20.6272 228.889 
v -8.35333 21.0073 229.838 
v -8.35333 21.008 229.887 
v -8.36168 20.9789 229.888 
v -8.34713 21.0405 229.837 
v -8.34713 21.0412 229.887 
v -8.34331 21.0765 229.837 
v -8.34331 21.0772 229.886 
v -8.34202 21.1139 229.836 
v -8.34202 21.1147 229.886 
v -8.34331 21.1514 229.836 
v -8.34331 21.1521 229.885 
v -8.34713 21.1874 229.835 
v -8.34713 21.1881 229.885 
v -8.35333 21.2206 229.835 
v -8.35333 21.2213 229.884 
v -8.36168 21.2497 229.834 
v -8.36168 21.2504 229.884 
v -8.37185 21.2735 229.834 
v -8.37185 21.2743 229.883 
v -8.38345 21.2913 229.834 
v -8.38345 21.292 229.883 
v -8.39604 21.3022 229.834 
v -8.39604 21.3029 229.883 
v -8.40913 21.3066 229.883 
v -7.17136 20.5978 230.092 
v -6.74078 20.4116 230.83 
v -6.74078 20.4116 231.254 
v -6.74078 20.4116 231.697 
v -9.28515 20.8194 229.961 
v -9.28515 20.8182 229.877 
v -9.26299 20.8266 229.961 
v -9.26299 20.8254 229.877 
v -9.24168 20.8468 229.877 
v -9.24168 20.8481 229.96 
v -9.22204 20.8816 229.877 
v -9.22204 20.8828 229.96 
v -9.20482 20.9284 229.876 
v -9.20482 20.9296 229.959 
v -9.1907 20.9854 229.875 
v -9.26726 20.9264 229.888 
v -9.26726 20.9257 229.839 
v -9.25467 20.9366 229.839 
v -9.25467 20.9373 229.888 
v -9.24307 20.9543 229.839 
v -9.24307 20.9551 229.888 
v -9.2329 20.9782 229.838 
v -9.2329 20.9789 229.888 
v -9.22456 21.0073 229.838 
v -7.08889 20.8033 232.644 
v -7.28347 20.8271 232.639 
v -6.74078 20.9809 231.697 
v -6.74078 20.9809 231.254 
v -6.74078 20.9809 230.83 
v -10.567 20.9003 230.365 
v -7.17136 20.9003 230.092 
v -7.17136 20.8767 230.092 
v -6.74078 20.917 230.83 
v -6.74078 20.9809 230.83 
v -7.17136 20.7074 230.092 
v -6.74078 20.7074 230.83 
v -6.74078 20.917 231.254 
v -6.74078 20.9809 231.254 
v -6.74078 20.7074 231.254 
v -6.74078 20.4854 230.83 
v -7.17136 20.6616 230.092 
v -6.74078 20.4116 230.83 
v -6.74078 20.4116 231.254 
v -6.74078 20.4854 231.254 
v -6.74078 20.4116 231.697 
v -6.74078 20.4854 231.697 
v -7.17136 20.5978 232.417 
v -7.17136 20.6616 232.417 
v -6.74078 20.7074 231.697 
v -7.17136 20.7074 232.417 
v -7.17136 20.8767 232.417 
v -6.74078 20.917 231.697 
v -7.17136 20.9003 232.417 
v -6.74078 20.9809 231.697 
v -7.25559 20.6937 232.611 
v -9.1907 20.9866 229.958 
v -9.1802 21.0505 229.874 
v -9.1802 21.0517 229.958 
v -9.17373 21.121 229.873 
v -9.17373 21.1223 229.956 
v -9.17155 21.1945 229.872 
v -9.17155 21.1957 229.955 
v -9.17373 21.2679 229.871 
v -9.17373 21.2691 229.954 
v -9.1802 21.3384 229.87 
v -9.1802 21.3397 229.953 
v -9.1907 21.4035 229.869 
v -9.1907 21.4047 229.952 
v -9.20482 21.4605 229.868 
v -9.20482 21.4618 229.951 
v -9.22204 21.5073 229.867 
v -9.22204 21.5085 229.951 
v -9.24168 21.5421 229.867 
v -9.24168 21.5433 229.95 
v -9.26299 21.5635 229.866 
v -9.26299 21.5647 229.95 
v -9.28515 21.572 229.95 
v -10.8114 20.9188 228.901 
v -9.22456 21.008 229.887 
v -9.21836 21.0405 229.837 
v -9.21836 21.0412 229.887 
v -9.21454 21.0765 229.837 
v -9.21454 21.0772 229.886 
v -9.21325 21.1139 229.836 
v -9.21325 21.1147 229.886 
v -9.21454 21.1514 229.836 
v -9.21454 21.1521 229.885 
v -9.21836 21.1874 229.835 
v -9.21836 21.1881 229.885 
v -9.22456 21.2206 229.835 
v -9.22456 21.2213 229.884 
v -9.2329 21.2497 229.834 
v -9.2329 21.2504 229.884 
v -9.24307 21.2735 229.834 
v -9.24307 21.2743 229.883 
v -9.25467 21.2913 229.834 
v -9.25467 21.292 229.883 
v -9.26726 21.3029 229.883 
v -9.28035 21.3059 229.834 
v -9.28035 21.3066 229.883 
v -10.1009 20.9456 233.135 
v -8.40913 20.8194 229.961 
v -8.40913 20.8182 229.877 
v -8.38696 20.8266 229.961 
v -8.38696 20.8254 229.877 
v -8.36565 20.8468 229.877 
v -8.36565 20.8481 229.96 
v -8.34601 20.8816 229.877 
v -8.34601 20.8828 229.96 
v -8.3288 20.9284 229.876 
v -8.40913 20.9227 229.889 
v -8.40913 20.922 229.839 
v -8.39604 20.9264 229.888 
v -8.39604 20.9257 229.839 
v -8.38345 20.9366 229.839 
v -8.38345 20.9373 229.888 
v -8.37185 20.9543 229.839 
v -8.37185 20.9551 229.888 
v -8.36168 20.9782 229.838 
v -10.2049 20.8545 232.645 
v -10.1547 20.7385 232.709 
v -10.1669 20.8651 232.688 
v -10.1183 20.75 232.757 
v -10.1304 20.8767 232.736 
v -10.0848 20.762 232.81 
v -10.0969 20.8887 232.789 
v -10.0556 20.7741 232.866 
v -10.0677 20.9007 232.845 
v -10.0317 20.7856 232.922 
v -10.0438 20.9123 232.901 
v -10.0141 20.7963 232.976 
v -10.0262 20.9229 232.955 
v -10.0034 20.8056 233.026 
v -10.0156 20.9323 233.005 
v -10.0001 20.8133 233.07 
v -10.0123 20.9399 233.049 
v -10.0044 20.819 233.107 
v -10.0165 20.9456 233.086 
v -10.0159 20.8225 233.135 
v -10.028 20.9491 233.114 
v -10.0465 20.9503 233.132 
v -10.0589 20.8225 233.16 
v -8.22634 20.6096 228.107 
v -7.88688 20.6081 228.458 
v -8.2246 20.5846 228.107 
v -7.88863 20.6331 228.458 
v -7.88437 20.5721 228.458 
v -8.22208 20.5485 228.107 
v -9.91296 20.6651 232.447 
v -9.90142 20.7367 232.44 
v -9.90952 20.6661 232.462 
v -9.89799 20.7377 232.455 
v -9.91519 20.6692 232.483 
v -9.90366 20.7407 232.475 
v -9.92976 20.6741 232.507 
v -9.91823 20.7456 232.5 
v -9.95266 20.6807 232.536 
v -10.3339 20.7217 229.469 
v -10.2461 20.7602 229.017 
v -10.3339 20.7602 229.469 
v -10.2461 20.7217 229.017 
v -10.2461 20.648 229.017 
v -10.3339 20.5246 229.469 
v -10.472 20.5246 229.827 
v -10.472 20.7217 229.827 
v -10.472 20.7602 229.827 
v -7.149 20.6807 232.583 
v -7.13337 20.8087 232.583 
v -7.12602 20.6779 232.594 
v -7.11039 20.8059 232.594 
v -7.111 20.6761 232.615 
v -7.09537 20.8041 232.615 
v -7.10453 20.6753 232.644 
v -7.08889 20.8033 232.644 
v -7.10684 20.6756 232.682 
v -7.09121 20.8036 232.682 
v -7.11786 20.6769 232.725 

vn -0.496063 0.858268 -0.11811 
vn 0.0472441 -0.992126 0.0787402 
vn 0.283465 0.952756 0.0787402 
vn 0.023622 -0.992126 0.11811 
vn 0.259843 0.96063 0.11811 
vn 0.015748 -0.992126 0.125984 
vn 0.251969 0.96063 0.125984 
vn 0 -0.992126 0.141732 
vn 0.23622 0.96063 0.141732 
vn -0.00787402 -0.984252 0.15748 
vn 0.228346 0.96063 0.15748 
vn -0.023622 -0.984252 0.173228 
vn 0.212598 0.96063 0.173228 
vn -0.0472441 -0.976378 0.204724 
vn 0.188976 0.96063 0.204724 
vn 0.141732 0.96063 0.251969 
vn -0.0944882 -0.96063 0.275591 
vn 0.015748 0.929134 0.370079 
vn -0.251969 -0.858268 0.448819 
vn -0.228346 0.850394 0.480315 
vn -0.488189 -0.755906 0.425197 
vn -0.23622 0.952756 0.19685 
vn -0.015748 -0.968504 0.251969 
vn 0.307087 0.952756 0.0393701 
vn 0.291339 0.952756 0.0551181 
vn -0.023622 -0.968504 0.259843 
vn 0.283465 0.952756 0.0629921 
vn -0.0314961 -0.96063 0.267717 
vn 0.275591 0.96063 0.0708661 
vn -0.0393701 -0.96063 0.283465 
vn 0.267717 0.96063 0.0787402 
vn -0.0472441 -0.952756 0.291339 
vn 0.259843 0.96063 0.0944882 
vn -0.0551181 -0.952756 0.299213 
vn 0.251969 0.96063 0.102362 
vn -0.0629921 -0.944882 0.314961 
vn 0.244094 0.96063 0.11811 
vn -0.0787402 -0.937008 0.330709 
vn 0.228346 0.968504 0.133858 
vn -0.102362 -0.92126 0.370079 
vn 0.204724 0.968504 0.165354 
vn -0.15748 -0.874016 0.448819 
vn 0.141732 0.96063 0.228346 
vn -0.0472441 0.92126 0.377953 
vn -0.440945 -0.606299 0.661417 
vn -0.291339 0.889764 0.354331 
vn -0.519685 -0.787402 0.330709 
vn -0.645669 -0.00787402 0.76378 
vn -0.417323 0 0.905512 
vn -0.425197 0.677165 0.598425 
vn -0.228346 0.732283 0.637795 
vn -0.598425 0.622047 0.503937 
vn 0 0 1 
vn -0.015748 0.826772 0.559055 
vn 0.173228 0 0.984252 
vn 0.0708661 0.834646 0.551181 
vn 0.645669 0 0.76378 
vn 0.251969 0.88189 0.401575 
vn 0.645669 0 0.76378 
vn 0.173228 0 0.984252 
vn 0.645669 0 0.76378 
vn 0 0 1 
vn 0.173228 0 0.984252 
vn 0.433071 -0.685039 0.590551 
vn 0.0866142 -0.787402 0.614173 
vn 0 0 1 
vn 0 -0.80315 0.590551 
vn -0.417323 0 0.905512 
vn -0.417323 0 0.905512 
vn -0.385827 -0.566929 0.732283 
vn -0.653543 -0.0314961 0.755906 
vn -0.653543 0 0.755906 
vn -0.543307 -0.551181 0.637795 
vn -0.834646 -0.0787402 0.543307 
vn -0.440945 -0.866142 0.244094 
vn 0.330709 0.937008 0.125984 
vn 0.0393701 -0.992126 -0.0944882 
vn 0.275591 0.937008 0.212598 
vn -0.023622 -1 -0.015748 
vn 0.212598 0.937008 0.283465 
vn -0.0787402 -0.992126 0.0629921 
vn 0.141732 0.92126 0.354331 
vn -0.141732 -0.984252 0.125984 
vn 0.0787402 0.913386 0.401575 
vn -0.204724 -0.96063 0.188976 
vn 0.015748 0.897638 0.440945 
vn -0.259843 -0.937008 0.228346 
vn -0.0393701 0.88189 0.464567 
vn 0.440945 -0.818898 0.377953 
vn 0.527559 -0.787402 0.322835 
vn 0.637795 0.0472441 0.76378 
vn -0.141732 -0.015748 0.992126 
vn -0.212598 -0.779528 0.590551 
vn 0.811024 0.0551181 0.582677 
vn 0.244094 0.929134 0.275591 
vn -0.133858 0.88189 0.448819 
vn 0.228346 0.952756 0.188976 
vn -0.692913 0.330709 0.645669 
vn 0.622047 -0.0551181 -0.779528 
vn 0.377953 0.535433 -0.755906 
vn -0.779528 0 0.629921 
vn -0.645669 0 0.76378 
vn -0.598425 0.606299 0.527559 
vn -0.511811 0.653543 0.559055 
vn -0.582677 -0.503937 0.637795 
vn -0.472441 -0.834646 0.275591 
vn -0.251969 -0.818898 0.519685 
vn 0.023622 -1 -0.0551181 
vn 0.267717 0.96063 0.0944882 
vn 0.228346 0.96063 0.133858 
vn 0.645669 0 0.76378 
vn 0.299213 0.944882 0.11811 
vn -0.023622 -1 -0.023622 
vn 0.834646 0 0.559055 
vn 0.0551181 -1 -0.0393701 
vn 0.637795 0.0629921 0.771654 
vn 0 0 -1 
vn 0.251969 0 -0.968504 
vn 0.488189 -0.511811 -0.708661 
vn 0.00787402 0.984252 -0.15748 
vn -0.212598 -0.96063 -0.173228 
vn 0.456693 -0.80315 0.377953 
vn 0.220472 0.976378 0.0629921 
vn 0.11811 0.976378 0.19685 
vn 0.307087 -0.748031 0.590551 
vn -0.023622 0.937008 0.346457 
vn 0.0472441 -0.645669 0.76378 
vn -0.204724 0.850394 0.488189 
vn -0.220472 -0.551181 0.811024 
vn -0.393701 0.732283 0.559055 
vn -0.377953 -0.535433 0.755906 
vn -0.519685 0.669291 0.527559 
vn -0.448819 -0.574803 0.677165 
vn -0.582677 0.669291 0.448819 
vn -0.480315 -0.637795 0.606299 
vn -0.614173 0.700787 0.362205 
vn -0.480315 -0.692913 0.535433 
vn -0.629921 0.748031 0.212598 
vn -0.464567 -0.771654 0.425197 
vn -0.606299 0.141732 0.787402 
vn 0.637795 0.0944882 0.76378 
vn 0.645669 0.149606 0.748031 
vn -0.614173 0.0944882 0.787402 
vn -0.590551 0.19685 0.779528 
vn 0.637795 0.0551181 0.771654 
vn 0.645669 0.220472 0.724409 
vn -0.622047 0.0551181 0.779528 
vn -0.566929 0.283465 0.779528 
vn 0.629921 0.015748 0.771654 
vn 0.645669 0.330709 0.685039 
vn -0.629921 0.015748 0.779528 
vn -0.511811 0.417323 0.748031 
vn 0.629921 -0.023622 0.779528 
vn 0.622047 0.543307 0.566929 
vn -0.629921 -0.023622 0.771654 
vn -0.370079 0.669291 0.645669 
vn 0.354331 0.913386 0.212598 
vn -0.00787402 0.944882 0.330709 
vn 0.622047 -0.0629921 0.779528 
vn -0.637795 -0.0629921 0.771654 
vn 0.614173 -0.110236 0.787402 
vn -0.637795 -0.110236 0.76378 
vn 0.598425 -0.165354 0.779528 
vn -0.637795 -0.181102 0.748031 
vn 0.582677 -0.251969 0.779528 
vn -0.637795 -0.275591 0.716535 
vn 0.535433 -0.393701 0.748031 
vn -0.622047 -0.433071 0.653543 
vn 0.385827 -0.708661 0.598425 
vn -0.503937 -0.748031 0.433071 
vn -0.204724 -0.968504 0.165354 
vn -0.606299 0.141732 0.787402 
vn 0.637795 0.0944882 0.76378 
vn 0.645669 0.149606 0.748031 
vn -0.614173 0.0944882 0.787402 
vn -0.590551 0.19685 0.779528 
vn 0.637795 0.0551181 0.771654 
vn 0.645669 0.220472 0.724409 
vn -0.622047 0.0551181 0.779528 
vn -0.566929 0.283465 0.779528 
vn 0.629921 0.015748 0.771654 
vn 0.645669 0.330709 0.685039 
vn -0.629921 0.015748 0.779528 
vn -0.511811 0.417323 0.748031 
vn 0.629921 -0.023622 0.779528 
vn 0.622047 0.543307 0.566929 
vn -0.629921 -0.023622 0.771654 
vn -0.370079 0.669291 0.645669 
vn 0.354331 0.913386 0.212598 
vn -0.00787402 0.944882 0.330709 
vn 0.622047 -0.0629921 0.779528 
vn -0.637795 -0.0629921 0.771654 
vn 0.614173 -0.110236 0.787402 
vn -0.637795 -0.110236 0.76378 
vn 0.598425 -0.165354 0.779528 
vn -0.637795 -0.181102 0.748031 
vn 0.582677 -0.251969 0.779528 
vn -0.637795 -0.275591 0.716535 
vn 0.535433 -0.393701 0.748031 
vn -0.622047 -0.433071 0.653543 
vn 0.385827 -0.708661 0.598425 
vn -0.503937 -0.748031 0.433071 
vn -0.204724 -0.968504 0.165354 
vn 0.645669 0.173228 0.740157 
vn -0.598425 0.15748 0.787402 
vn 0.645669 0.110236 0.755906 
vn -0.614173 0.102362 0.787402 
vn -0.582677 0.220472 0.779528 
vn 0.637795 0.0629921 0.771654 
vn 0.645669 0.251969 0.716535 
vn -0.622047 0.0629921 0.779528 
vn -0.551181 0.314961 0.771654 
vn 0.629921 0.015748 0.771654 
vn 0.645669 0.377953 0.661417 
vn -0.629921 0.015748 0.779528 
vn -0.496063 0.456693 0.740157 
vn 0.622047 -0.0314961 0.779528 
vn 0.598425 0.606299 0.527559 
vn -0.629921 -0.0314961 0.771654 
vn -0.338583 0.700787 0.622047 
vn 0.314961 0.929134 0.19685 
vn -0.015748 0.944882 0.330709 
vn 0.614173 -0.0708661 0.779528 
vn -0.637795 -0.0787402 0.76378 
vn 0.606299 -0.125984 0.787402 
vn -0.637795 -0.133858 0.755906 
vn 0.590551 -0.19685 0.779528 
vn -0.637795 -0.204724 0.740157 
vn 0.566929 -0.283465 0.771654 
vn -0.637795 -0.314961 0.700787 
vn 0.511811 -0.440945 0.732283 
vn -0.606299 -0.488189 0.622047 
vn 0.346457 -0.740157 0.566929 
vn -0.472441 -0.787402 0.393701 
vn -0.181102 -0.968504 0.173228 
vn 0.645669 0.173228 0.740157 
vn -0.598425 0.15748 0.787402 
vn 0.645669 0.110236 0.755906 
vn -0.614173 0.102362 0.787402 
vn -0.582677 0.220472 0.779528 
vn 0.637795 0.0629921 0.771654 
vn 0.645669 0.251969 0.716535 
vn -0.622047 0.0629921 0.779528 
vn -0.551181 0.314961 0.771654 
vn 0.629921 0.015748 0.771654 
vn 0.645669 0.377953 0.661417 
vn -0.629921 0.015748 0.779528 
vn -0.496063 0.456693 0.740157 
vn 0.622047 -0.0314961 0.779528 
vn 0.598425 0.606299 0.527559 
vn -0.629921 -0.0314961 0.771654 
vn -0.338583 0.700787 0.622047 
vn 0.314961 0.929134 0.19685 
vn -0.015748 0.944882 0.330709 
vn 0.614173 -0.0708661 0.779528 
vn -0.637795 -0.0787402 0.76378 
vn 0.606299 -0.125984 0.787402 
vn -0.637795 -0.133858 0.755906 
vn 0.590551 -0.19685 0.779528 
vn -0.637795 -0.204724 0.740157 
vn 0.566929 -0.283465 0.771654 
vn -0.637795 -0.314961 0.700787 
vn 0.511811 -0.440945 0.732283 
vn -0.606299 -0.488189 0.622047 
vn 0.346457 -0.740157 0.566929 
vn -0.472441 -0.787402 0.393701 
vn -0.181102 -0.968504 0.173228 
vn -0.992126 -0.0708661 -0.0787402 
vn -0.748031 -0.0708661 0.653543 
vn -0.338583 -0.937008 0.015748 
vn -0.307087 -0.913386 0.259843 
vn -0.0787402 0.874016 0.480315 
vn -0.346457 -0.897638 0.267717 
vn -0.11811 0.874016 0.480315 
vn -0.385827 -0.88189 0.275591 
vn -0.141732 0.874016 0.464567 
vn -0.409449 -0.874016 0.259843 
vn -0.165354 0.88189 0.440945 
vn -0.433071 -0.874016 0.23622 
vn -0.173228 0.897638 0.409449 
vn -0.440945 -0.874016 0.204724 
vn -0.433071 -0.897638 0.0944882 
vn -0.0393701 0.992126 0.0944882 
vn -0.393701 -0.897638 0.188976 
vn -0.417323 -0.818898 0.385827 
vn -0.637795 -0.0472441 0.76378 
vn -0.464567 -0.724409 0.511811 
vn -0.393701 0.771654 0.503937 
vn -0.732283 -0.0551181 0.677165 
vn -0.503937 0.84252 0.188976 
vn 0.519685 0.787402 -0.330709 
vn 0.0472441 -0.984252 0.181102 
vn 0 -0.968504 0.23622 
vn 0.708661 -0.511811 -0.488189 
vn 0.874016 0 -0.488189 
vn 0.338583 0.944882 -0.015748 
vn -0.023622 0.905512 0.425197 
vn -0.385827 0 0.92126 
vn 0.929134 0.0629921 -0.370079 
vn 0.472441 0.771654 -0.417323 
vn 0.700787 0.0472441 -0.716535 
vn 0.622047 -0.433071 -0.645669 
vn 0.299213 0.614173 -0.724409 
vn 0.417323 0.88189 -0.220472 
vn 0 1 0.0472441 
vn 0.330709 0.944882 -0.0472441 
vn 0.267717 0.952756 0.133858 
vn 0.228346 0.952756 0.188976 
vn 0.244094 0.929134 0.275591 
vn -0.133858 0.88189 0.448819 
vn -0.496063 0.858268 -0.11811 
vn -0.692913 0.330709 0.645669 
vn -0.779528 0.598425 0.181102 
vn -0.228346 0.96063 -0.15748 
vn -0.377953 0.929134 0.00787402 
vn -0.503937 0.84252 0.188976 
vn 0.314961 0.708661 -0.629921 
vn -0.244094 0.716535 -0.653543 
vn -0.535433 0.771654 0.338583 
vn -0.393701 0.771654 0.503937 
vn -0.385827 0.92126 -0.0314961 
vn 0.417323 0.385827 -0.818898 
vn -0.897638 0.433071 -0.0944882 
vn -0.0393701 0 -1 
vn -0.984252 -0.0708661 -0.141732 
vn 0.527559 -0.787402 0.322835 
vn -0.173228 -0.96063 -0.23622 
vn 0.299213 0.952756 0.0629921 
vn 0.023622 -0.992126 0.11811 
vn -0.228346 0.850394 0.480315 
vn -0.0314961 -0.96063 0.267717 
vn -0.0787402 -0.937008 0.330709 
vn -0.598425 0.622047 0.503937 
vn -0.015748 0.826772 0.559055 
vn 0 -0.80315 0.590551 
vn -0.527559 0.818898 -0.212598 
vn -0.992126 -0.133858 0 
vn -0.685039 0 -0.724409 
vn 0.173228 -0.897638 -0.409449 
vn 0.330709 0.937008 0.125984 
vn -0.259843 -0.937008 0.228346 
vn 0.992126 0.0708661 -0.0944882 
vn 0.622047 -0.0551181 -0.779528 
vn 0.377953 0.535433 -0.755906 
vn 0.582677 -0.669291 -0.448819 
vn 0.637795 0.275591 -0.716535 
vn 0.503937 0.748031 -0.433071 
vn 0.354331 0.913386 0.212598 
vn 0.204724 0.968504 -0.165354 
vn -0.00787402 0.944882 0.330709 
vn -0.385827 0.708661 -0.598425 
vn -0.370079 0.669291 0.645669 
vn -0.511811 0.417323 0.748031 
vn -0.779528 0 0.629921 
vn -0.582677 -0.503937 0.637795 
vn -0.251969 -0.818898 0.519685 
vn -0.968504 0 0.23622 
vn -1 0 -0.0787402 
vn -0.283465 -0.944882 -0.173228 
vn -0.480315 0.787402 -0.377953 
vn -0.724409 0 -0.685039 
vn 0.125984 0.952756 -0.267717 
vn 0.456693 -0.866142 -0.188976 
vn 0.188976 0 -0.984252 
vn 0.322835 0.84252 -0.440945 
vn 0.503937 0.84252 -0.181102 
vn 0.401575 0.913386 0.023622 
vn 0.614173 0 -0.787402 
vn 0.511811 0 -0.858268 
vn 0.968504 0 -0.259843 
vn 0.834646 0 0.559055 
vn 0.606299 -0.125984 0.787402 
vn 0.637795 0.0629921 0.771654 
vn 0.606299 0.488189 -0.622047 
vn 0.598425 0.606299 0.527559 
vn 0.472441 0.787402 -0.393701 
vn 0.314961 0.929134 0.19685 
vn 0.181102 0.968504 -0.173228 
vn -0.015748 0.944882 0.330709 
vn -0.346457 0.740157 -0.566929 
vn -0.338583 0.700787 0.622047 
vn -0.496063 0.456693 0.740157 
vn -0.511811 0.440945 -0.732283 
vn -0.590551 0.19685 -0.779528 
vn 0.251969 0 -0.968504 
vn 0.488189 -0.511811 -0.708661 
vn 0.330709 -0.913386 -0.244094 
vn 0.440945 0.874016 -0.204724 
vn 0.409449 0.913386 -0.0314961 
vn 0.433071 0.897638 -0.0944882 
vn 0.440945 0.88189 -0.15748 
vn 0.330709 0.937008 0.125984 
vn 0.377953 0.92126 0.0472441 
vn 0.275591 0.937008 0.212598 
vn 0.0787402 0.913386 0.401575 
vn 0.212598 0.937008 0.283465 
vn 0.141732 0.92126 0.354331 
vn -0.11811 0.874016 0.480315 
vn 0.015748 0.897638 0.440945 
vn -0.0393701 0.88189 0.464567 
vn -0.0787402 0.874016 0.480315 
vn -0.141732 0.874016 0.464567 
vn 0.346457 0.897638 -0.267717 
vn 0.409449 0.874016 -0.259843 
vn 0.433071 0.874016 -0.23622 
vn 0.385827 0.88189 -0.275591 
vn -0.165354 0.88189 0.440945 
vn 0.259843 0.937008 -0.228346 
vn 0.307087 0.913386 -0.259843 
vn 0.204724 0.96063 -0.188976 
vn -0.165354 0.913386 0.362205 
vn -0.173228 0.897638 0.409449 
vn -0.149606 0.937008 0.314961 
vn -0.125984 0.96063 0.244094 
vn 0.0787402 0.992126 -0.0629921 
vn 0.141732 0.984252 -0.125984 
vn 0.023622 1 0.015748 
vn -0.0393701 0.992126 0.0944882 
vn -0.0866142 0.984252 0.173228 
vn 0.251969 0.858268 -0.448819 
vn 0.417323 0.897638 -0.133858 
vn 0.488189 0.755906 -0.425197 
vn 0.0944882 0.96063 -0.275591 
vn 0.346457 0.937008 -0.015748 
vn 0.0472441 0.976378 -0.204724 
vn 0.314961 0.944882 0.0314961 
vn 0.023622 0.984252 -0.173228 
vn 0.299213 0.952756 0.0629921 
vn 0.00787402 0.984252 -0.15748 
vn 0.283465 0.952756 0.0787402 
vn 0 0.992126 -0.141732 
vn 0.275591 0.96063 0.0944882 
vn -0.015748 0.992126 -0.125984 
vn 0.267717 0.96063 0.102362 
vn -0.023622 0.992126 -0.11811 
vn 0.259843 0.96063 0.11811 
vn -0.0314961 0.992126 -0.102362 
vn 0.251969 0.96063 0.125984 
vn -0.0393701 0.992126 -0.0944882 
vn 0.23622 0.96063 0.141732 
vn -0.0472441 0.992126 -0.0787402 
vn 0.228346 0.96063 0.15748 
vn -0.0629921 1 -0.0551181 
vn 0.212598 0.96063 0.173228 
vn -0.0866142 0.992126 -0.0314961 
vn 0.188976 0.96063 0.204724 
vn -0.125984 0.992126 0.0314961 
vn 0.141732 0.96063 0.251969 
vn -0.23622 0.952756 0.19685 
vn 0.015748 0.929134 0.370079 
vn -0.228346 0.850394 0.480315 
vn 0.0708661 0.834646 0.551181 
vn 0.251969 0.88189 0.401575 
vn 0.0787402 0.984252 0.173228 
vn 0.299213 0.952756 0.0708661 
vn 0 0.976378 0.220472 
vn -0.015748 0.826772 0.559055 
vn 0.0787402 1 0 
vn 0.338583 0.944882 0 
vn -0.0629921 0.976378 0.220472 
vn -0.228346 0.732283 0.637795 
vn -0.425197 0.677165 0.598425 
vn -0.598425 0.622047 0.503937 
vn -0.527559 0.850394 0.00787402 
vn 0.0944882 0.992126 -0.11811 
vn 0.425197 0.88189 -0.188976 
vn -0.0708661 1 0 
vn -0.527559 0.818898 -0.212598 
vn 0 1 0 
vn -0.0629921 0.992126 -0.102362 
vn -0.417323 0.732283 -0.543307 
vn -0.00787402 0.992126 -0.141732 
vn -0.181102 0.622047 -0.755906 
vn -0.00787402 0.661417 -0.748031 
vn 0.535433 0.637795 -0.551181 
vn 0.251969 0.511811 -0.818898 
vn 0.637795 0 -0.771654 
vn -0.251969 -0.96063 -0.125984 
vn 0.637795 0.275591 -0.716535 
vn 0.503937 0.748031 -0.433071 
vn 0.354331 0.913386 0.212598 
vn 0.204724 0.968504 -0.165354 
vn -0.00787402 0.944882 0.330709 
vn -0.385827 0.708661 -0.598425 
vn -0.370079 0.669291 0.645669 
vn 0.566929 0.692913 -0.440945 
vn 0.110236 0.992126 -0.015748 
vn 0.023622 1 -0.00787402 
vn 0.299213 0.952756 0.0472441 
vn 0.299213 0.944882 0.11811 
vn -0.023622 0.905512 0.425197 
vn 0.338583 0.944882 -0.015748 
vn 0.212598 0.976378 -0.0787402 
vn 0.228346 0.96063 0.133858 
vn -0.00787402 0.984252 -0.181102 
vn 0.267717 0.96063 0.0944882 
vn 0.354331 0.937008 -0.0393701 
vn 0.488189 0.708661 -0.511811 
vn -0.566929 0.795276 0.19685 
vn -0.511811 0.653543 0.559055 
vn -0.598425 0.606299 0.527559 
vn -0.543307 0.84252 -0.00787402 
vn -0.574803 0.787402 -0.220472 
vn 0.125984 0.992126 -0.0551181 
vn 0.606299 0.488189 -0.622047 
vn 0.598425 0.606299 0.527559 
vn 0.472441 0.787402 -0.393701 
vn 0.314961 0.929134 0.19685 
vn 0.181102 0.968504 -0.173228 
vn -0.015748 0.944882 0.330709 
vn -0.346457 0.740157 -0.566929 
vn -0.338583 0.700787 0.622047 
vn -0.496063 0.456693 0.740157 
vn -0.511811 0.440945 -0.732283 
vn -0.566929 0.283465 -0.771654 
vn -0.582677 0.669291 0.448819 
vn 0.385827 0.897638 -0.204724 
vn -0.614173 0.700787 0.362205 
vn 0.417323 0.874016 -0.267717 
vn 0.346457 0.929134 -0.133858 
vn -0.629921 0.724409 0.283465 
vn -0.519685 0.669291 0.527559 
vn 0.433071 0.84252 -0.322835 
vn 0.299213 0.952756 -0.0472441 
vn -0.629921 0.748031 0.212598 
vn -0.393701 0.732283 0.559055 
vn 0.456693 0.811024 -0.370079 
vn 0.220472 0.976378 0.0629921 
vn -0.622047 0.76378 0.149606 
vn -0.204724 0.850394 0.488189 
vn 0.11811 0.976378 0.19685 
vn -0.023622 0.937008 0.346457 
vn 0.464567 0.771654 -0.425197 
vn -0.614173 0.787402 0.0866142 
vn 0.480315 0.732283 -0.480315 
vn -0.598425 0.795276 0.023622 
vn 0.480315 0.692913 -0.535433 
vn -0.582677 0.811024 -0.0472441 
vn 0.480315 0.637795 -0.606299 
vn -0.559055 0.818898 -0.125984 
vn 0.448819 0.574803 -0.677165 
vn -0.519685 0.818898 -0.23622 
vn 0.377953 0.535433 -0.755906 
vn -0.456693 0.80315 -0.377953 
vn 0.220472 0.551181 -0.811024 
vn -0.307087 0.748031 -0.590551 
vn -0.0472441 0.645669 -0.76378 
vn 0.440945 0.606299 -0.661417 
vn 0.385827 0.92126 -0.0787402 
vn 0.519685 0.787402 -0.330709 
vn 0.15748 0.874016 -0.448819 
vn 0.338583 0.937008 -0.015748 
vn 0.102362 0.92126 -0.370079 
vn 0.314961 0.944882 0.015748 
vn 0.0787402 0.937008 -0.330709 
vn 0.307087 0.952756 0.0393701 
vn 0.0629921 0.944882 -0.314961 
vn 0.291339 0.952756 0.0551181 
vn 0.0551181 0.952756 -0.299213 
vn 0.283465 0.952756 0.0629921 
vn 0.0472441 0.952756 -0.291339 
vn 0.275591 0.96063 0.0708661 
vn 0.0393701 0.96063 -0.283465 
vn 0.267717 0.96063 0.0787402 
vn 0.0314961 0.96063 -0.267717 
vn 0.259843 0.96063 0.0944882 
vn 0.023622 0.968504 -0.259843 
vn 0.251969 0.96063 0.102362 
vn 0.015748 0.968504 -0.251969 
vn 0.244094 0.96063 0.11811 
vn 0 0.968504 -0.23622 
vn 0.228346 0.968504 0.133858 
vn -0.015748 0.976378 -0.212598 
vn 0.204724 0.968504 0.165354 
vn -0.0472441 0.984252 -0.181102 
vn 0.141732 0.96063 0.228346 
vn -0.11811 0.992126 -0.0787402 
vn -0.0472441 0.92126 0.377953 
vn -0.291339 0.889764 0.354331 
vn 0 1 0.0472441 
vn -0.496063 0.858268 -0.11811 
vn -0.779528 0.598425 0.181102 
vn -0.228346 0.96063 -0.15748 
vn -0.897638 0.433071 -0.0944882 
vn -0.0393701 0 -1 
vn -0.984252 -0.0708661 -0.141732 
vn -0.362205 -0.929134 -0.0708661 
vn -0.448819 -0.889764 0.0787402 
vn -0.173228 -0.96063 -0.23622 
vn 0.023622 -0.992126 0.11811 
vn -0.251969 -0.858268 0.448819 
vn -0.228346 0.850394 0.480315 
vn -0.488189 -0.755906 0.425197 
vn -0.23622 0.952756 0.19685 
vn -0.417323 -0.897638 0.133858 
vn -0.125984 0.992126 0.0314961 
vn -0.346457 -0.937008 0.015748 
vn -0.0866142 0.992126 -0.0314961 
vn -0.314961 -0.944882 -0.0314961 
vn -0.0629921 1 -0.0551181 
vn -0.299213 -0.952756 -0.0629921 
vn -0.0472441 0.992126 -0.0787402 
vn -0.283465 -0.952756 -0.0787402 
vn -0.0393701 0.992126 -0.0944882 
vn -0.275591 -0.96063 -0.0944882 
vn -0.0314961 0.992126 -0.102362 
vn -0.267717 -0.96063 -0.102362 
vn -0.023622 0.992126 -0.11811 
vn -0.259843 -0.96063 -0.11811 
vn -0.0787402 -0.937008 0.330709 
vn -0.291339 0.889764 0.354331 
vn -0.519685 -0.787402 0.330709 
vn -0.11811 0.992126 -0.0787402 
vn -0.385827 -0.92126 0.0787402 
vn -0.0472441 0.984252 -0.181102 
vn -0.338583 -0.937008 0.015748 
vn -0.015748 0.976378 -0.212598 
vn -0.314961 -0.944882 -0.015748 
vn 0 0.968504 -0.23622 
vn -0.307087 -0.952756 -0.0393701 
vn 0.023622 0.968504 -0.259843 
vn -0.283465 -0.952756 -0.0629921 
vn 0.0393701 0.96063 -0.283465 
vn -0.267717 -0.96063 -0.0787402 
vn -0.598425 0.622047 0.503937 
vn -0.653543 -0.0314961 0.755906 
vn -0.653543 0 0.755906 
vn -0.543307 -0.551181 0.637795 
vn -0.834646 -0.0787402 0.543307 
vn -0.527559 0.850394 0.00787402 
vn -0.850394 -0.0708661 0.519685 
vn -0.992126 -0.133858 0 
vn -0.527559 0.818898 -0.212598 
vn -0.850394 0 0.527559 
vn -0.440945 -0.866142 0.244094 
vn -0.992126 -0.133858 0 
vn -0.92126 -0.11811 -0.377953 
vn -1 0 0 
vn -0.330709 -0.944882 0.0314961 
vn -0.685039 -0.023622 -0.732283 
vn -0.92126 -0.0787402 -0.385827 
vn -0.929134 0 -0.377953 
vn -0.251969 -0.96063 -0.149606 
vn -0.354331 -0.818898 -0.448819 
vn -0.685039 0 -0.724409 
vn -0.622047 0.76378 0.149606 
vn -0.456693 -0.811024 0.370079 
vn -0.464567 -0.771654 0.425197 
vn -0.629921 0.748031 0.212598 
vn -0.614173 0.787402 0.0866142 
vn -0.433071 -0.84252 0.322835 
vn -0.598425 0.795276 0.023622 
vn -0.417323 -0.874016 0.267717 
vn -0.582677 0.811024 -0.0472441 
vn -0.385827 -0.897638 0.204724 
vn -0.559055 0.818898 -0.125984 
vn -0.346457 -0.929134 0.133858 
vn -0.519685 0.818898 -0.23622 
vn -0.299213 -0.952756 0.0472441 
vn -0.456693 0.80315 -0.377953 
vn -0.220472 -0.976378 -0.0629921 
vn -0.11811 -0.976378 -0.19685 
vn -0.0472441 0.645669 -0.76378 
vn 0.377953 0.535433 -0.755906 
vn -0.00787402 0.944882 0.330709 
vn -0.385827 0.708661 -0.598425 
vn -0.370079 0.669291 0.645669 
vn -0.511811 0.417323 0.748031 
vn -0.535433 0.393701 -0.748031 
vn -0.566929 0.283465 0.779528 
vn -0.582677 0.251969 -0.779528 
vn -0.590551 0.19685 0.779528 
vn -0.598425 0.165354 -0.779528 
vn -0.606299 0.141732 0.787402 
vn -0.614173 0.110236 -0.787402 
vn -0.614173 0.0944882 0.787402 
vn -0.622047 0.0629921 -0.779528 
vn -0.622047 0.0551181 0.779528 
vn -0.629921 0.023622 -0.779528 
vn -0.629921 0.015748 0.779528 
vn -0.629921 -0.015748 -0.771654 
vn -0.779528 0 0.629921 
vn -0.598425 0.606299 0.527559 
vn -0.566929 0.795276 0.19685 
vn -0.582677 -0.503937 0.637795 
vn -0.472441 -0.834646 0.275591 
vn -0.251969 -0.818898 0.519685 
vn -0.968504 0 0.23622 
vn -0.417323 -0.897638 0.141732 
vn -0.543307 0.84252 -0.00787402 
vn -1 0 -0.0787402 
vn -0.346457 -0.937008 0.023622 
vn -0.574803 0.787402 -0.220472 
vn -0.944882 0 -0.338583 
vn -0.283465 -0.944882 -0.173228 
vn -0.480315 0.787402 -0.377953 
vn -0.724409 0 -0.685039 
vn -0.228346 -0.944882 -0.220472 
vn 0.456693 -0.866142 -0.188976 
vn -0.220472 -0.929134 -0.299213 
vn -0.543307 0 -0.834646 
vn 0.283465 -0.755906 -0.590551 
vn -0.00787402 0.984252 -0.181102 
vn 0.511811 0 -0.858268 
vn 0.488189 0.708661 -0.511811 
vn -0.015748 0.944882 0.330709 
vn -0.346457 0.740157 -0.566929 
vn -0.496063 0.456693 0.740157 
vn -0.511811 0.440945 -0.732283 
vn -0.551181 0.314961 0.771654 
vn -0.566929 0.283465 -0.771654 
vn -0.582677 0.220472 0.779528 
vn -0.590551 0.19685 -0.779528 
vn -0.598425 0.15748 0.787402 
vn -0.606299 0.125984 -0.787402 
vn -0.614173 0.102362 0.787402 
vn -0.614173 0.0708661 -0.779528 
vn -0.622047 0.0629921 0.779528 
vn -0.622047 0.0314961 -0.779528 
vn -0.629921 0.015748 0.779528 
vn -0.629921 -0.015748 -0.771654 
vn -0.629921 -0.015748 -0.771654 
vn -0.629921 -0.023622 0.771654 
vn -0.629921 0.015748 0.779528 
vn -0.637795 -0.0551181 -0.771654 
vn -0.637795 -0.0629921 0.771654 
vn -0.637795 -0.0944882 -0.76378 
vn -0.637795 -0.110236 0.76378 
vn -0.645669 -0.149606 -0.748031 
vn -0.637795 -0.181102 0.748031 
vn -0.645669 -0.220472 -0.724409 
vn -0.637795 -0.275591 0.716535 
vn -0.645669 -0.330709 -0.685039 
vn -0.622047 -0.433071 0.653543 
vn -0.622047 -0.543307 -0.566929 
vn -0.503937 -0.748031 0.433071 
vn -0.354331 -0.913386 -0.212598 
vn -0.204724 -0.968504 0.165354 
vn 0.00787402 -0.944882 -0.330709 
vn -0.629921 -0.015748 -0.771654 
vn -0.629921 -0.0314961 0.771654 
vn -0.629921 0.015748 0.779528 
vn -0.637795 -0.0629921 -0.771654 
vn -0.637795 -0.0787402 0.76378 
vn -0.645669 -0.110236 -0.755906 
vn -0.637795 -0.133858 0.755906 
vn -0.645669 -0.173228 -0.740157 
vn -0.637795 -0.204724 0.740157 
vn -0.645669 -0.251969 -0.716535 
vn -0.637795 -0.314961 0.700787 
vn -0.645669 -0.377953 -0.661417 
vn -0.606299 -0.488189 0.622047 
vn -0.598425 -0.606299 -0.527559 
vn -0.472441 -0.787402 0.393701 
vn -0.314961 -0.929134 -0.19685 
vn 0.346457 -0.740157 0.566929 
vn 0.00787402 0.984252 -0.15748 
vn -0.417323 0.732283 -0.543307 
vn -0.212598 -0.96063 -0.173228 
vn -0.00787402 0.944882 0.330709 
vn -0.385827 0.708661 -0.598425 
vn -0.370079 0.669291 0.645669 
vn -0.511811 0.417323 0.748031 
vn -0.535433 0.393701 -0.748031 
vn -0.566929 0.283465 0.779528 
vn -0.582677 0.251969 -0.779528 
vn -0.590551 0.19685 0.779528 
vn -0.598425 0.165354 -0.779528 
vn -0.606299 0.141732 0.787402 
vn -0.614173 0.110236 -0.787402 
vn -0.614173 0.0944882 0.787402 
vn -0.622047 0.0629921 -0.779528 
vn -0.622047 0.0551181 0.779528 
vn -0.629921 0.023622 -0.779528 
vn -0.629921 0.015748 0.779528 
vn -0.629921 -0.015748 -0.771654 
vn 0.181102 0.968504 -0.173228 
vn -0.015748 0.944882 0.330709 
vn -0.496063 0.456693 0.740157 
vn -0.511811 0.440945 -0.732283 
vn -0.551181 0.314961 0.771654 
vn -0.566929 0.283465 -0.771654 
vn -0.582677 0.220472 0.779528 
vn -0.590551 0.19685 -0.779528 
vn -0.598425 0.15748 0.787402 
vn -0.606299 0.125984 -0.787402 
vn -0.614173 0.102362 0.787402 
vn -0.614173 0.0708661 -0.779528 
vn -0.622047 0.0629921 0.779528 
vn -0.622047 0.0314961 -0.779528 
vn -0.629921 0.015748 0.779528 
vn -0.629921 -0.015748 -0.771654 
vn -0.204724 0.850394 0.488189 
vn -0.629921 -0.015748 -0.771654 
vn -0.629921 -0.023622 0.771654 
vn -0.629921 0.015748 0.779528 
vn -0.637795 -0.0551181 -0.771654 
vn -0.637795 -0.0629921 0.771654 
vn -0.637795 -0.0944882 -0.76378 
vn -0.637795 -0.110236 0.76378 
vn -0.645669 -0.149606 -0.748031 
vn -0.637795 -0.181102 0.748031 
vn -0.645669 -0.220472 -0.724409 
vn -0.637795 -0.275591 0.716535 
vn -0.645669 -0.330709 -0.685039 
vn -0.622047 -0.433071 0.653543 
vn -0.622047 -0.543307 -0.566929 
vn -0.503937 -0.748031 0.433071 
vn -0.354331 -0.913386 -0.212598 
vn -0.204724 -0.968504 0.165354 
vn 0.00787402 -0.944882 -0.330709 
vn -0.629921 -0.015748 -0.771654 
vn -0.629921 -0.0314961 0.771654 
vn -0.629921 0.015748 0.779528 
vn -0.637795 -0.0629921 -0.771654 
vn -0.637795 -0.0787402 0.76378 
vn -0.645669 -0.110236 -0.755906 
vn -0.637795 -0.133858 0.755906 
vn -0.645669 -0.173228 -0.740157 
vn -0.637795 -0.204724 0.740157 
vn -0.645669 -0.251969 -0.716535 
vn -0.637795 -0.314961 0.700787 
vn -0.645669 -0.377953 -0.661417 
vn -0.606299 -0.488189 0.622047 
vn -0.598425 -0.606299 -0.527559 
vn -0.181102 -0.968504 0.173228 
vn 0.015748 -0.944882 -0.330709 
vn 0.0472441 -0.645669 0.76378 
vn -0.519685 0.669291 0.527559 
vn -0.582677 0.669291 0.448819 
vn -0.480315 -0.637795 0.606299 
vn -0.614173 0.700787 0.362205 
vn -0.480315 -0.692913 0.535433 
vn -0.629921 0.724409 0.283465 
vn -0.480315 -0.732283 0.480315 
vn -0.629921 0.748031 0.212598 
vn -0.464567 -0.771654 0.425197 
vn -0.732283 -0.0551181 0.677165 
vn -0.338583 -0.937008 0.0708661 
vn -0.952756 -0.0708661 0.283465 
vn -0.464567 -0.724409 0.511811 
vn -0.503937 0.84252 0.188976 
vn -0.409449 -0.913386 -0.0393701 
vn -0.377953 0.929134 0.00787402 
vn -0.992126 -0.0708661 -0.0787402 
vn -0.496063 0.858268 -0.11811 
vn -0.409449 -0.874016 0.259843 
vn -0.173228 0.897638 0.409449 
vn -0.440945 -0.874016 0.204724 
vn -0.165354 0.913386 0.362205 
vn -0.440945 -0.88189 0.15748 
vn -0.149606 0.937008 0.314961 
vn -0.433071 -0.897638 0.0944882 
vn -0.125984 0.96063 0.244094 
vn -0.409449 -0.913386 0.0314961 
vn -0.0866142 0.984252 0.173228 
vn -0.377953 -0.92126 -0.0472441 
vn -0.0393701 0.992126 0.0944882 
vn -0.330709 -0.937008 -0.125984 
vn 0.023622 1 0.015748 
vn -0.275591 -0.937008 -0.212598 
vn -0.212598 -0.937008 -0.283465 
vn 0.417323 0.385827 -0.818898 
vn 0.425197 0.0314961 -0.905512 
vn -0.992126 -0.0708661 0.0629921 
vn -0.385827 0.92126 -0.0314961 
vn -0.0393701 -0.937008 -0.346457 
vn -0.173228 -0.96063 -0.23622 
vn -0.291339 -0.952756 -0.023622 
vn -0.393701 -0.897638 0.188976 
vn -0.826772 -0.0551181 0.566929 
vn -0.535433 0.771654 0.338583 
vn -0.417323 -0.818898 0.385827 
vn -0.637795 -0.0472441 0.76378 
vn -0.393701 0.771654 0.503937 
vn -0.307087 -0.023622 -0.952756 
vn -0.228346 0.96063 -0.15748 
vn -0.779528 0.598425 0.181102 
vn -0.937008 -0.0629921 0.338583 
vn -0.015748 0.992126 -0.125984 
vn -0.259843 -0.96063 -0.11811 
vn -0.023622 0.992126 -0.11811 
vn -0.251969 -0.96063 -0.125984 
vn 0.472441 0.771654 -0.417323 
vn 0.700787 0.0472441 -0.716535 
vn 0.622047 -0.433071 -0.645669 
vn 0.299213 0.614173 -0.724409 
vn 0.417323 0.0314961 -0.905512 
vn -0.496063 0.858268 -0.11811 
vn -0.244094 0.716535 -0.653543 
vn -0.897638 0.433071 -0.0944882 
vn -0.0393701 0 -1 
vn 0.133858 -0.84252 -0.519685 
vn -0.984252 -0.0708661 -0.141732 
vn -0.228346 -0.944882 -0.244094 
vn -0.362205 -0.929134 -0.0708661 
vn 0 0.968504 -0.23622 
vn -0.307087 -0.952756 -0.0393701 
vn 0.015748 0.968504 -0.251969 
vn -0.291339 -0.952756 -0.0551181 
vn 0.023622 0.968504 -0.259843 
vn -0.283465 -0.952756 -0.0629921 
vn 0.0314961 0.96063 -0.267717 
vn -0.275591 -0.96063 -0.0708661 
vn 0.0393701 0.96063 -0.283465 
vn -0.267717 -0.96063 -0.0787402 
vn -0.527559 0.818898 -0.212598 
vn -0.92126 -0.11811 -0.377953 
vn -0.677165 -0.023622 -0.740157 
vn -0.685039 -0.023622 -0.732283 
vn -0.283465 0 -0.96063 
vn -0.354331 -0.818898 -0.448819 
vn -0.685039 0 -0.724409 
vn -0.283465 0 -0.96063 
vn 0.433071 0.874016 -0.23622 
vn 0.141732 -0.874016 -0.464567 
vn 0.409449 0.874016 -0.259843 
vn 0.165354 -0.88189 -0.440945 
vn 0.440945 0.874016 -0.204724 
vn 0.173228 -0.897638 -0.409449 
vn 0.165354 -0.913386 -0.362205 
vn -0.692913 0.330709 0.645669 
vn -0.629921 -0.015748 -0.771654 
vn 0.622047 -0.0629921 -0.779528 
vn -0.637795 -0.0629921 -0.771654 
vn 0.614173 -0.102362 -0.787402 
vn 0.629921 -0.015748 -0.779528 
vn -0.645669 -0.110236 -0.755906 
vn -0.622047 0.0314961 -0.779528 
vn 0.598425 -0.15748 -0.787402 
vn 0.629921 0.0314961 -0.771654 
vn -0.645669 -0.173228 -0.740157 
vn -0.614173 0.0708661 -0.779528 
vn 0.582677 -0.220472 -0.779528 
vn 0.637795 0.0787402 -0.76378 
vn -0.645669 -0.251969 -0.716535 
vn -0.606299 0.125984 -0.787402 
vn 0.551181 -0.314961 -0.771654 
vn 0.637795 0.133858 -0.755906 
vn -0.645669 -0.377953 -0.661417 
vn -0.590551 0.19685 -0.779528 
vn 0.496063 -0.456693 -0.740157 
vn 0.637795 0.204724 -0.740157 
vn -0.598425 -0.606299 -0.527559 
vn -0.566929 0.283465 -0.771654 
vn 0.338583 -0.700787 -0.622047 
vn -0.314961 -0.929134 -0.19685 
vn 0.015748 -0.944882 -0.330709 
vn 0.637795 0.314961 -0.700787 
vn -0.511811 0.440945 -0.732283 
vn 0.606299 0.488189 -0.622047 
vn -0.346457 0.740157 -0.566929 
vn 0.472441 0.787402 -0.393701 
vn 0.181102 0.968504 -0.173228 
vn -0.629921 -0.015748 -0.771654 
vn 0.622047 -0.0629921 -0.779528 
vn -0.637795 -0.0629921 -0.771654 
vn 0.614173 -0.102362 -0.787402 
vn 0.629921 -0.015748 -0.779528 
vn -0.645669 -0.110236 -0.755906 
vn -0.622047 0.0314961 -0.779528 
vn 0.598425 -0.15748 -0.787402 
vn 0.629921 0.0314961 -0.771654 
vn -0.645669 -0.173228 -0.740157 
vn -0.614173 0.0708661 -0.779528 
vn 0.582677 -0.220472 -0.779528 
vn 0.637795 0.0787402 -0.76378 
vn -0.645669 -0.251969 -0.716535 
vn -0.606299 0.125984 -0.787402 
vn 0.551181 -0.314961 -0.771654 
vn 0.637795 0.133858 -0.755906 
vn -0.645669 -0.377953 -0.661417 
vn -0.590551 0.19685 -0.779528 
vn 0.496063 -0.456693 -0.740157 
vn 0.637795 0.204724 -0.740157 
vn -0.598425 -0.606299 -0.527559 
vn -0.566929 0.283465 -0.771654 
vn 0.338583 -0.700787 -0.622047 
vn -0.314961 -0.929134 -0.19685 
vn 0.015748 -0.944882 -0.330709 
vn 0.637795 0.314961 -0.700787 
vn -0.511811 0.440945 -0.732283 
vn 0.606299 0.488189 -0.622047 
vn -0.346457 0.740157 -0.566929 
vn 0.472441 0.787402 -0.393701 
vn 0.181102 0.968504 -0.173228 
vn -0.629921 -0.015748 -0.771654 
vn 0.622047 -0.0551181 -0.779528 
vn -0.637795 -0.0551181 -0.771654 
vn 0.614173 -0.0944882 -0.787402 
vn 0.629921 -0.015748 -0.779528 
vn -0.637795 -0.0944882 -0.76378 
vn -0.629921 0.023622 -0.779528 
vn 0.606299 -0.141732 -0.787402 
vn 0.629921 0.023622 -0.771654 
vn -0.645669 -0.149606 -0.748031 
vn -0.622047 0.0629921 -0.779528 
vn 0.590551 -0.19685 -0.779528 
vn 0.637795 0.0629921 -0.771654 
vn -0.645669 -0.220472 -0.724409 
vn -0.614173 0.110236 -0.787402 
vn 0.566929 -0.283465 -0.779528 
vn 0.637795 0.110236 -0.76378 
vn -0.645669 -0.330709 -0.685039 
vn -0.598425 0.165354 -0.779528 
vn 0.511811 -0.417323 -0.748031 
vn 0.637795 0.181102 -0.748031 
vn -0.622047 -0.543307 -0.566929 
vn -0.582677 0.251969 -0.779528 
vn 0.370079 -0.669291 -0.645669 
vn -0.354331 -0.913386 -0.212598 
vn 0.00787402 -0.944882 -0.330709 
vn 0.637795 0.275591 -0.716535 
vn -0.535433 0.393701 -0.748031 
vn 0.622047 0.433071 -0.653543 
vn -0.385827 0.708661 -0.598425 
vn 0.503937 0.748031 -0.433071 
vn 0.204724 0.968504 -0.165354 
vn -0.629921 -0.015748 -0.771654 
vn 0.622047 -0.0551181 -0.779528 
vn -0.637795 -0.0551181 -0.771654 
vn 0.614173 -0.0944882 -0.787402 
vn 0.629921 -0.015748 -0.779528 
vn -0.637795 -0.0944882 -0.76378 
vn -0.629921 0.023622 -0.779528 
vn 0.606299 -0.141732 -0.787402 
vn 0.629921 0.023622 -0.771654 
vn -0.645669 -0.149606 -0.748031 
vn -0.622047 0.0629921 -0.779528 
vn 0.590551 -0.19685 -0.779528 
vn 0.637795 0.0629921 -0.771654 
vn -0.645669 -0.220472 -0.724409 
vn -0.614173 0.110236 -0.787402 
vn 0.566929 -0.283465 -0.779528 
vn 0.637795 0.110236 -0.76378 
vn -0.645669 -0.330709 -0.685039 
vn -0.598425 0.165354 -0.779528 
vn 0.511811 -0.417323 -0.748031 
vn 0.637795 0.181102 -0.748031 
vn -0.622047 -0.543307 -0.566929 
vn -0.582677 0.251969 -0.779528 
vn 0.370079 -0.669291 -0.645669 
vn -0.354331 -0.913386 -0.212598 
vn 0.00787402 -0.944882 -0.330709 
vn 0.637795 0.275591 -0.716535 
vn -0.535433 0.393701 -0.748031 
vn 0.622047 0.433071 -0.653543 
vn -0.385827 0.708661 -0.598425 
vn 0.503937 0.748031 -0.433071 
vn 0.204724 0.968504 -0.165354 
vn -0.456693 0.80315 -0.377953 
vn -0.220472 -0.976378 -0.0629921 
vn -0.11811 -0.976378 -0.19685 
vn -0.307087 0.748031 -0.590551 
vn 0.023622 -0.937008 -0.346457 
vn -0.0472441 0.645669 -0.76378 
vn 0.204724 -0.850394 -0.488189 
vn 0.220472 0.551181 -0.811024 
vn 0.393701 -0.732283 -0.559055 
vn 0.377953 0.535433 -0.755906 
vn 0.519685 -0.669291 -0.527559 
vn 0.448819 0.574803 -0.677165 
vn 0.582677 -0.669291 -0.448819 
vn -0.251969 -0.818898 0.519685 
vn -0.480315 0.787402 -0.377953 
vn -0.724409 0 -0.685039 
vn -0.228346 -0.944882 -0.220472 
vn 0.0314961 -0.913386 -0.417323 
vn -0.354331 0 -0.937008 
vn 0.125984 0.952756 -0.267717 
vn 0.267717 -0.76378 -0.582677 
vn 0.456693 -0.866142 -0.188976 
vn 0.622047 -0.354331 -0.692913 
vn 0.188976 0 -0.984252 
vn 0.708661 0 -0.700787 
vn 0.322835 0.84252 -0.440945 
vn 0.0393701 -0.984252 -0.149606 
vn 0.503937 0.84252 -0.181102 
vn 0.614173 0 -0.787402 
vn -0.220472 -0.929134 -0.299213 
vn 0.212598 0.976378 -0.0787402 
vn -0.543307 0 -0.834646 
vn -0.00787402 0.984252 -0.181102 
vn 0.606299 -0.125984 0.787402 
vn 0.637795 0.0629921 0.771654 
vn -0.283465 0 -0.96063 
vn 0 0 -1 
vn 0 0 -1 
vn 0.251969 0 -0.968504 
vn 0.110236 -0.850394 -0.519685 
vn 0.488189 -0.511811 -0.708661 
vn 0 -0.905512 -0.433071 
vn -0.0787402 -0.92126 -0.370079 
vn 0.00787402 -0.944882 -0.330709 
vn 0.346457 0.937008 -0.015748 
vn 0.00787402 0.984252 -0.15748 
vn -0.417323 0.732283 -0.543307 
vn -0.181102 0.622047 -0.755906 
vn -0.00787402 0.661417 -0.748031 
vn 0.535433 0.637795 -0.551181 
vn 0.251969 0.511811 -0.818898 
vn 0.637795 0 -0.771654 
vn 0.251969 0 -0.968504 
vn 0 0 -1 
vn 0.637795 0 -0.771654 
vn 0.251969 0 -0.968504 
vn 0.637795 0 -0.771654 
vn -0.212598 -0.96063 -0.173228 
vn 0.622047 -0.0629921 0.779528 
vn 0.637795 0.275591 -0.716535 
vn 0.480315 0.637795 -0.606299 
vn 0.614173 -0.700787 -0.362205 
vn 0.433071 0.84252 -0.322835 
vn -0.409449 -0.913386 -0.0393701 
vn -0.992126 -0.0708661 -0.0787402 
vn -0.496063 0.858268 -0.11811 
vn -0.748031 -0.0708661 0.653543 
vn -0.338583 -0.937008 0.015748 
vn -0.0393701 0.992126 0.0944882 
vn 0.023622 1 0.015748 
vn -0.275591 -0.937008 -0.212598 
vn 0.0787402 0.992126 -0.0629921 
vn -0.212598 -0.937008 -0.283465 
vn 0.141732 0.984252 -0.125984 
vn -0.141732 -0.92126 -0.354331 
vn 0.204724 0.96063 -0.188976 
vn -0.0787402 -0.913386 -0.401575 
vn 0.259843 0.937008 -0.228346 
vn -0.015748 -0.897638 -0.440945 
vn 0.307087 0.913386 -0.259843 
vn 0.0393701 -0.88189 -0.464567 
vn 0.346457 0.897638 -0.267717 
vn 0.0787402 -0.874016 -0.480315 
vn 0.385827 0.88189 -0.275591 
vn 0.11811 -0.874016 -0.480315 
vn 0.409449 0.874016 -0.259843 
vn 0.141732 -0.874016 -0.464567 
vn 0.574803 0.0393701 -0.818898 
vn 0.314961 0.708661 -0.629921 
vn 0.393701 -0.779528 -0.488189 
vn -0.173228 -0.96063 -0.23622 
vn -0.307087 -0.023622 -0.952756 
vn -0.228346 0.96063 -0.15748 
vn -0.267717 -0.96063 -0.0787402 
vn 0.0472441 0.952756 -0.291339 
vn -0.259843 -0.96063 -0.0944882 
vn 0.0393701 0.96063 -0.283465 
vn 0.0551181 0.952756 -0.299213 
vn -0.251969 -0.96063 -0.102362 
vn 0.0629921 0.944882 -0.314961 
vn -0.244094 -0.96063 -0.11811 
vn 0.0787402 0.937008 -0.330709 
vn -0.228346 -0.968504 -0.133858 
vn 0.102362 0.92126 -0.370079 
vn -0.204724 -0.968504 -0.165354 
vn 0.15748 0.874016 -0.448819 
vn -0.141732 -0.96063 -0.228346 
vn 0.0472441 -0.92126 -0.377953 
vn 0.440945 0.606299 -0.661417 
vn 0.291339 -0.889764 -0.354331 
vn 0.519685 0.787402 -0.330709 
vn 0.456693 -0.866142 -0.188976 
vn 0.826772 0 -0.566929 
vn 0.566929 0.692913 -0.440945 
vn 0.708661 -0.511811 -0.488189 
vn 0.874016 0 -0.488189 
vn 0.338583 0.944882 -0.015748 
vn -0.015748 0.992126 -0.125984 
vn -0.259843 -0.96063 -0.11811 
vn -0.023622 0.992126 -0.11811 
vn -0.251969 -0.96063 -0.125984 
vn 0 0.992126 -0.141732 
vn -0.23622 -0.96063 -0.141732 
vn 0.00787402 0.984252 -0.15748 
vn -0.228346 -0.96063 -0.15748 
vn 0.023622 0.984252 -0.173228 
vn -0.212598 -0.96063 -0.173228 
vn 0.0472441 0.976378 -0.204724 
vn -0.188976 -0.96063 -0.204724 
vn -0.141732 -0.96063 -0.251969 
vn 0.0944882 0.96063 -0.275591 
vn -0.015748 -0.929134 -0.370079 
vn 0.251969 0.858268 -0.448819 
vn 0.228346 -0.850394 -0.480315 
vn 0.488189 0.755906 -0.425197 
vn 0.929134 0.0629921 -0.370079 
vn 0.700787 0.0472441 -0.716535 
vn 0.622047 -0.433071 -0.645669 
vn -0.0393701 0 -1 
vn 0.133858 -0.84252 -0.519685 
vn -0.984252 -0.0708661 -0.141732 
vn -0.228346 -0.944882 -0.244094 
vn -0.0629921 -1 -0.0551181 
vn 0.748031 -0.582677 -0.322835 
vn -0.362205 -0.929134 -0.0708661 
vn 0.692913 -0.716535 -0.0787402 
vn -0.448819 -0.889764 0.0787402 
vn -0.0393701 -1 -0.015748 
vn 0.637795 -0.755906 0.149606 
vn 0.527559 -0.787402 0.322835 
vn 0.440945 -0.818898 0.377953 
vn -0.212598 -0.779528 0.590551 
vn -0.173228 -0.96063 -0.23622 
vn -0.409449 -0.913386 -0.0393701 
vn -0.338583 -0.937008 0.015748 
vn -0.0787402 -1 -0.015748 
vn -0.338583 -0.937008 0.0708661 
vn -0.464567 -0.724409 0.511811 
vn 0.393701 -0.779528 -0.488189 
vn -0.417323 -0.818898 0.385827 
vn -0.393701 -0.897638 0.188976 
vn -0.291339 -0.952756 -0.023622 
vn -0.0393701 -0.937008 -0.346457 
vn 0.023622 -0.992126 0.11811 
vn -0.228346 0.850394 0.480315 
vn -0.0314961 -0.96063 0.267717 
vn -0.0787402 -0.937008 0.330709 
vn -0.519685 -0.787402 0.330709 
vn 0.023622 0.968504 -0.259843 
vn 0.0393701 0.96063 -0.283465 
vn -0.598425 0.622047 0.503937 
vn 0 -0.80315 0.590551 
vn -0.440945 -0.866142 0.244094 
vn -0.992126 -0.133858 0 
vn -0.354331 -0.818898 -0.448819 
vn -0.685039 0 -0.724409 
vn 0.173228 -0.897638 -0.409449 
vn 0.527559 -0.787402 0.322835 
vn 0.244094 0.929134 0.275591 
vn -0.133858 0.88189 0.448819 
vn 0.992126 0.0708661 -0.0944882 
vn 0.377953 0.535433 -0.755906 
vn 0.582677 -0.669291 -0.448819 
vn -0.779528 0 0.629921 
vn -0.582677 -0.503937 0.637795 
vn -0.251969 -0.818898 0.519685 
vn -0.968504 0 0.23622 
vn -1 0 -0.0787402 
vn -0.283465 -0.944882 -0.173228 
vn -0.724409 0 -0.685039 
vn -0.228346 -0.944882 -0.220472 
vn 0.0314961 -0.913386 -0.417323 
vn 0.267717 -0.76378 -0.582677 
vn -0.0472441 -1 -0.0472441 
vn -0.283465 -0.944882 -0.173228 
vn -0.346457 -0.937008 0.023622 
vn -0.417323 -0.897638 0.141732 
vn -0.582677 -0.503937 0.637795 
vn -0.472441 -0.834646 0.275591 
vn -0.251969 -0.818898 0.519685 
vn 0.456693 -0.866142 -0.188976 
vn 0.708661 -0.511811 -0.488189 
vn 0.645669 -0.748031 0.149606 
vn 0.0393701 -0.984252 -0.149606 
vn 0.0314961 -0.992126 -0.102362 
vn 0.0551181 -1 -0.0393701 
vn -0.023622 -1 -0.023622 
vn -0.220472 -0.929134 -0.299213 
vn 0.023622 -1 -0.0551181 
vn 0.0866142 -0.984252 -0.173228 
vn 0.283465 -0.755906 -0.590551 
vn 0.622047 -0.354331 -0.692913 
vn 0.188976 0 -0.984252 
vn 0.503937 0.84252 -0.181102 
vn 0.614173 0 -0.787402 
vn 0.511811 0 -0.858268 
vn 0.968504 0 -0.259843 
vn 0.834646 0 0.559055 
vn -0.0629921 -0.944882 0.314961 
vn -0.291339 -0.952756 -0.0551181 
vn -0.0551181 -0.952756 0.299213 
vn -0.283465 -0.952756 -0.0629921 
vn -0.307087 -0.952756 -0.0393701 
vn -0.0472441 -0.952756 0.291339 
vn -0.0787402 -0.937008 0.330709 
vn -0.275591 -0.96063 -0.0708661 
vn -0.314961 -0.944882 -0.015748 
vn -0.0393701 -0.96063 0.283465 
vn -0.102362 -0.92126 0.370079 
vn -0.267717 -0.96063 -0.0787402 
vn -0.338583 -0.937008 0.015748 
vn -0.0314961 -0.96063 0.267717 
vn -0.15748 -0.874016 0.448819 
vn -0.259843 -0.96063 -0.0944882 
vn -0.385827 -0.92126 0.0787402 
vn -0.440945 -0.606299 0.661417 
vn -0.519685 -0.787402 0.330709 
vn -0.023622 -0.968504 0.259843 
vn -0.251969 -0.96063 -0.102362 
vn -0.015748 -0.968504 0.251969 
vn -0.244094 -0.96063 -0.11811 
vn 0 -0.968504 0.23622 
vn -0.228346 -0.968504 -0.133858 
vn 0.015748 -0.976378 0.212598 
vn -0.204724 -0.968504 -0.165354 
vn 0.0472441 -0.984252 0.181102 
vn -0.141732 -0.96063 -0.228346 
vn 0.11811 -0.992126 0.0787402 
vn 0.0472441 -0.92126 -0.377953 
vn 0.291339 -0.889764 -0.354331 
vn 0 0 -1 
vn 0.251969 0 -0.968504 
vn 0.110236 -0.850394 -0.519685 
vn 0.488189 -0.511811 -0.708661 
vn 0.330709 -0.913386 -0.244094 
vn 0 -0.905512 -0.433071 
vn 0.015748 -0.992126 -0.133858 
vn 0.291339 -0.96063 0 
vn -0.0787402 -0.92126 -0.370079 
vn 0 -0.992126 -0.11811 
vn 0 -1 0 
vn 0.283465 -0.952756 0.0866142 
vn -0.0866142 -0.984252 -0.173228 
vn -0.251969 -0.96063 -0.149606 
vn 0.015748 -1 -0.00787402 
vn 0.023622 -0.992126 0.0944882 
vn 0.433071 -0.685039 0.590551 
vn 0.0866142 -0.787402 0.614173 
vn -0.0629921 -1 -0.023622 
vn -0.330709 -0.944882 0.0314961 
vn 0.00787402 -0.992126 0.102362 
vn 0 -0.80315 0.590551 
vn -0.0629921 -0.992126 0.141732 
vn -0.440945 -0.866142 0.244094 
vn -0.385827 -0.566929 0.732283 
vn -0.543307 -0.551181 0.637795 
vn 0.614173 -0.700787 -0.362205 
vn -0.417323 -0.874016 0.267717 
vn -0.385827 -0.897638 0.204724 
vn 0.629921 -0.724409 -0.283465 
vn 0.582677 -0.669291 -0.448819 
vn -0.433071 -0.84252 0.322835 
vn -0.346457 -0.929134 0.133858 
vn 0.629921 -0.748031 -0.212598 
vn 0.519685 -0.669291 -0.527559 
vn -0.456693 -0.811024 0.370079 
vn -0.299213 -0.952756 0.0472441 
vn 0.622047 -0.76378 -0.149606 
vn 0.393701 -0.732283 -0.559055 
vn -0.464567 -0.771654 0.425197 
vn -0.220472 -0.976378 -0.0629921 
vn 0.614173 -0.787402 -0.0866142 
vn 0.204724 -0.850394 -0.488189 
vn -0.11811 -0.976378 -0.19685 
vn 0.023622 -0.937008 -0.346457 
vn -0.480315 -0.732283 0.480315 
vn 0.598425 -0.795276 -0.023622 
vn -0.480315 -0.692913 0.535433 
vn 0.582677 -0.811024 0.0472441 
vn -0.480315 -0.637795 0.606299 
vn 0.559055 -0.818898 0.125984 
vn -0.448819 -0.574803 0.677165 
vn 0.519685 -0.818898 0.23622 
vn -0.377953 -0.535433 0.755906 
vn 0.456693 -0.80315 0.377953 
vn -0.220472 -0.551181 0.811024 
vn 0.307087 -0.748031 0.590551 
vn 0.0472441 -0.645669 0.76378 
vn -0.503937 -0.748031 0.433071 
vn -0.354331 -0.913386 -0.212598 
vn -0.204724 -0.968504 0.165354 
vn 0.00787402 -0.944882 -0.330709 
vn 0.385827 -0.708661 0.598425 
vn 0.370079 -0.669291 -0.645669 
vn -0.606299 -0.488189 0.622047 
vn -0.598425 -0.606299 -0.527559 
vn -0.472441 -0.787402 0.393701 
vn -0.314961 -0.929134 -0.19685 
vn -0.181102 -0.968504 0.173228 
vn 0.015748 -0.944882 -0.330709 
vn 0.346457 -0.740157 0.566929 
vn 0.338583 -0.700787 -0.622047 
vn 0.496063 -0.456693 -0.740157 
vn 0.511811 -0.440945 0.732283 
vn 0.551181 -0.314961 -0.771654 
vn 0.346457 0.937008 -0.015748 
vn 0.00787402 0.984252 -0.15748 
vn -0.181102 0.622047 -0.755906 
vn 0.637795 0 -0.771654 
vn -0.283465 -0.952756 -0.0787402 
vn 0 -0.992126 0.141732 
vn -0.00787402 -0.984252 0.15748 
vn -0.275591 -0.96063 -0.0944882 
vn -0.299213 -0.952756 -0.0629921 
vn 0.015748 -0.992126 0.125984 
vn -0.023622 -0.984252 0.173228 
vn -0.267717 -0.96063 -0.102362 
vn -0.314961 -0.944882 -0.0314961 
vn 0.023622 -0.992126 0.11811 
vn -0.0472441 -0.976378 0.204724 
vn -0.259843 -0.96063 -0.11811 
vn -0.346457 -0.937008 0.015748 
vn 0.0314961 -0.992126 0.102362 
vn -0.0944882 -0.96063 0.275591 
vn -0.251969 -0.96063 -0.125984 
vn -0.417323 -0.897638 0.133858 
vn -0.251969 -0.858268 0.448819 
vn -0.488189 -0.755906 0.425197 
vn 0.0393701 -0.992126 0.0944882 
vn -0.23622 -0.96063 -0.141732 
vn 0.0472441 -0.992126 0.0787402 
vn -0.228346 -0.96063 -0.15748 
vn 0.0629921 -1 0.0551181 
vn -0.212598 -0.96063 -0.173228 
vn 0.0866142 -0.992126 0.0314961 
vn -0.188976 -0.96063 -0.204724 
vn 0.125984 -0.992126 -0.0314961 
vn -0.141732 -0.96063 -0.251969 
vn 0.23622 -0.952756 -0.19685 
vn -0.015748 -0.929134 -0.370079 
vn 0.228346 -0.850394 -0.480315 
vn -0.204724 0.850394 0.488189 
vn -0.385827 -0.88189 0.275591 
vn 0.173228 -0.897638 -0.409449 
vn 0.125984 -0.96063 -0.244094 
vn 0.0393701 -0.992126 -0.0944882 
vn 0.0866142 -0.984252 -0.173228 
vn -0.023622 -1 -0.015748 
vn 0.149606 -0.937008 -0.314961 
vn 0.165354 -0.913386 -0.362205 
vn -0.204724 -0.96063 0.188976 
vn -0.0787402 -0.992126 0.0629921 
vn -0.141732 -0.984252 0.125984 
vn -0.259843 -0.937008 0.228346 
vn -0.307087 -0.913386 0.259843 
vn -0.346457 -0.897638 0.267717 
vn -0.409449 -0.874016 0.259843 
vn 0.0787402 -0.874016 -0.480315 
vn 0.141732 -0.874016 -0.464567 
vn 0.165354 -0.88189 -0.440945 
vn 0.11811 -0.874016 -0.480315 
vn -0.433071 -0.874016 0.23622 
vn -0.015748 -0.897638 -0.440945 
vn 0.0393701 -0.88189 -0.464567 
vn -0.0787402 -0.913386 -0.401575 
vn -0.212598 -0.937008 -0.283465 
vn -0.141732 -0.92126 -0.354331 
vn -0.275591 -0.937008 -0.212598 
vn -0.409449 -0.913386 0.0314961 
vn -0.330709 -0.937008 -0.125984 
vn -0.377953 -0.92126 -0.0472441 
vn -0.433071 -0.897638 0.0944882 
vn -0.440945 -0.88189 0.15748 
vn -0.440945 -0.874016 0.204724 
vn -0.503937 -0.748031 0.433071 
vn -0.354331 -0.913386 -0.212598 
vn -0.204724 -0.968504 0.165354 
vn 0.00787402 -0.944882 -0.330709 
vn 0.385827 -0.708661 0.598425 
vn 0.370079 -0.669291 -0.645669 
vn -0.606299 -0.488189 0.622047 
vn -0.598425 -0.606299 -0.527559 
vn -0.472441 -0.787402 0.393701 
vn -0.314961 -0.929134 -0.19685 
vn -0.181102 -0.968504 0.173228 
vn 0.015748 -0.944882 -0.330709 
vn 0.346457 -0.740157 0.566929 
vn 0.338583 -0.700787 -0.622047 
vn 0.496063 -0.456693 -0.740157 
vn 0.511811 -0.440945 0.732283 
vn 0.929134 0.0629921 -0.370079 
vn 0.692913 -0.716535 -0.0787402 
vn 0.748031 -0.582677 -0.322835 
vn 0.472441 0.771654 -0.417323 
vn 0.417323 0.88189 -0.220472 
vn 0.700787 0.0472441 -0.716535 
vn 0.622047 -0.433071 -0.645669 
vn 0.330709 0.944882 -0.0472441 
vn 0.267717 0.952756 0.133858 
vn 0.527559 -0.787402 0.322835 
vn 0.0472441 -0.992126 0.0787402 
vn 0.299213 0.952756 0.0629921 
vn 0.283465 0.952756 0.0787402 
vn 0.0393701 -0.992126 0.0944882 
vn 0.275591 0.96063 0.0944882 
vn 0.0314961 -0.992126 0.102362 
vn 0.267717 0.96063 0.102362 
vn 0.023622 -0.992126 0.11811 
vn 0.259843 0.96063 0.11811 
vn 0.015748 -0.992126 0.125984 
vn 0.251969 0.96063 0.125984 
vn 0.307087 0.952756 0.0393701 
vn -0.0472441 -0.952756 0.291339 
vn -0.0787402 -0.937008 0.330709 
vn 0.228346 0.968504 0.133858 
vn 0.433071 0.874016 -0.23622 
vn 0.141732 -0.874016 -0.464567 
vn 0.440945 0.874016 -0.204724 
vn 0.173228 -0.897638 -0.409449 
vn 0.440945 0.88189 -0.15748 
vn 0.165354 -0.913386 -0.362205 
vn 0.433071 0.897638 -0.0944882 
vn 0.149606 -0.937008 -0.314961 
vn 0.409449 0.913386 -0.0314961 
vn 0.125984 -0.96063 -0.244094 
vn 0.377953 0.92126 0.0472441 
vn 0.0866142 -0.984252 -0.173228 
vn 0.330709 0.937008 0.125984 
vn 0.0393701 -0.992126 -0.0944882 
vn 0.275591 0.937008 0.212598 
vn -0.023622 -1 -0.015748 
vn 0.527559 -0.787402 0.322835 
vn 0.811024 0.0551181 0.582677 
vn 0.228346 0.952756 0.188976 
vn 0.976378 0.0708661 0.188976 
vn 0.267717 0.952756 0.133858 
vn 0.637795 -0.755906 0.149606 
vn 0.330709 0.944882 -0.0472441 
vn 0.992126 0.0708661 -0.0944882 
vn 0.377953 0.535433 -0.755906 
vn 0.519685 -0.669291 -0.527559 
vn 0.582677 -0.669291 -0.448819 
vn 0.606299 -0.141732 -0.787402 
vn 0.614173 -0.110236 0.787402 
vn 0.598425 -0.165354 0.779528 
vn 0.614173 -0.0944882 -0.787402 
vn 0.622047 -0.0629921 0.779528 
vn 0.622047 -0.0551181 -0.779528 
vn 0.629921 -0.023622 0.779528 
vn 0.629921 -0.015748 -0.779528 
vn 0.629921 0.015748 0.771654 
vn 0.629921 0.023622 -0.771654 
vn 0.637795 0.0551181 0.771654 
vn 0.637795 0.0629921 -0.771654 
vn 0.637795 0.0944882 0.76378 
vn 0.637795 0.110236 -0.76378 
vn 0.645669 0.149606 0.748031 
vn 0.637795 0.181102 -0.748031 
vn 0.645669 0.220472 0.724409 
vn 0.637795 0.275591 -0.716535 
vn 0.645669 0.330709 0.685039 
vn 0.622047 0.433071 -0.653543 
vn 0.622047 0.543307 0.566929 
vn 0.503937 0.748031 -0.433071 
vn 0.354331 0.913386 0.212598 
vn -0.00787402 0.944882 0.330709 
vn -0.251969 -0.818898 0.519685 
vn -0.0472441 -1 -0.0472441 
vn 0.456693 -0.866142 -0.188976 
vn 0.645669 -0.748031 0.149606 
vn 0.0393701 -0.984252 -0.149606 
vn 0.622047 -0.354331 -0.692913 
vn 0.708661 0 -0.700787 
vn 0.645669 -0.748031 0.149606 
vn 0.944882 0 0.330709 
vn 0.0393701 -0.984252 -0.149606 
vn 0.503937 0.84252 -0.181102 
vn 0.401575 0.913386 0.023622 
vn 0.614173 0 -0.787402 
vn 0.212598 0.976378 -0.0787402 
vn 0.283465 -0.755906 -0.590551 
vn 0.511811 0 -0.858268 
vn 0.488189 0.708661 -0.511811 
vn 0.968504 0 -0.259843 
vn 0.0866142 -0.984252 -0.173228 
vn 0.354331 0.937008 -0.0393701 
vn 0.023622 -1 -0.0551181 
vn 0.84252 0 0.535433 
vn 0.267717 0.96063 0.0944882 
vn 0.228346 0.96063 0.133858 
vn 0.645669 0 0.76378 
vn -0.023622 -1 -0.023622 
vn 0.598425 -0.15748 -0.787402 
vn 0.606299 -0.125984 0.787402 
vn 0.590551 -0.19685 0.779528 
vn 0.614173 -0.102362 -0.787402 
vn 0.614173 -0.0708661 0.779528 
vn 0.622047 -0.0629921 -0.779528 
vn 0.622047 -0.0314961 0.779528 
vn 0.629921 -0.015748 -0.779528 
vn 0.629921 0.015748 0.771654 
vn 0.629921 0.0314961 -0.771654 
vn 0.637795 0.0629921 0.771654 
vn 0.637795 0.0787402 -0.76378 
vn 0.645669 0.110236 0.755906 
vn 0.637795 0.133858 -0.755906 
vn 0.645669 0.173228 0.740157 
vn 0.637795 0.204724 -0.740157 
vn 0.645669 0.251969 0.716535 
vn 0.637795 0.314961 -0.700787 
vn 0.645669 0.377953 0.661417 
vn 0.606299 0.488189 -0.622047 
vn 0.598425 0.606299 0.527559 
vn 0.472441 0.787402 -0.393701 
vn 0.314961 0.929134 0.19685 
vn -0.015748 0.944882 0.330709 
vn 0.488189 -0.511811 -0.708661 
vn 0.330709 -0.913386 -0.244094 
vn 0.291339 -0.96063 0 
vn 0.283465 -0.952756 0.0866142 
vn -0.204724 -0.968504 0.165354 
vn 0.00787402 -0.944882 -0.330709 
vn 0.385827 -0.708661 0.598425 
vn 0.370079 -0.669291 -0.645669 
vn 0.511811 -0.417323 -0.748031 
vn 0.535433 -0.393701 0.748031 
vn 0.566929 -0.283465 -0.779528 
vn 0.582677 -0.251969 0.779528 
vn 0.590551 -0.19685 -0.779528 
vn 0.598425 -0.165354 0.779528 
vn 0.606299 -0.141732 -0.787402 
vn 0.346457 -0.740157 0.566929 
vn 0.338583 -0.700787 -0.622047 
vn 0.496063 -0.456693 -0.740157 
vn 0.511811 -0.440945 0.732283 
vn 0.551181 -0.314961 -0.771654 
vn 0.566929 -0.283465 0.771654 
vn 0.582677 -0.220472 -0.779528 
vn 0.590551 -0.19685 0.779528 
vn 0.598425 -0.15748 -0.787402 
vn 0.346457 0.937008 -0.015748 
vn 0.00787402 0.984252 -0.15748 
vn 0.299213 0.952756 0.0708661 
vn 0.338583 0.944882 0 
vn 0.425197 0.88189 -0.188976 
vn -0.417323 0.732283 -0.543307 
vn 0.535433 0.637795 -0.551181 
vn 0.637795 0 -0.771654 
vn 0.944882 0 -0.322835 
vn 0.425197 0.88189 -0.188976 
vn 0.637795 0 -0.771654 
vn 0.944882 0 -0.322835 
vn 1 0 0 
vn 0.338583 0.944882 0 
vn 1 0 0 
vn 0.944882 0 -0.322835 
vn 0.637795 0 -0.771654 
vn 0.330709 -0.913386 -0.244094 
vn 0.291339 -0.96063 0 
vn 1 0 0 
vn 0.283465 -0.952756 0.0866142 
vn 0.968504 0 0.244094 
vn 0.433071 -0.685039 0.590551 
vn 0.645669 0 0.76378 
vn 0.968504 0 0.244094 
vn 0.645669 0 0.76378 
vn 0.645669 0 0.76378 
vn 0.968504 0 0.244094 
vn 0.251969 0.88189 0.401575 
vn 0.299213 0.952756 0.0708661 
vn -0.212598 -0.96063 -0.173228 
vn 0.614173 -0.110236 0.787402 
vn 0.614173 -0.0944882 -0.787402 
vn 0.622047 -0.0629921 0.779528 
vn 0.622047 -0.0551181 -0.779528 
vn 0.629921 -0.023622 0.779528 
vn 0.629921 -0.015748 -0.779528 
vn 0.629921 0.015748 0.771654 
vn 0.629921 0.023622 -0.771654 
vn 0.637795 0.0551181 0.771654 
vn 0.637795 0.0629921 -0.771654 
vn 0.637795 0.0944882 0.76378 
vn 0.637795 0.110236 -0.76378 
vn 0.645669 0.149606 0.748031 
vn 0.637795 0.181102 -0.748031 
vn 0.645669 0.220472 0.724409 
vn 0.637795 0.275591 -0.716535 
vn 0.645669 0.330709 0.685039 
vn 0.622047 0.433071 -0.653543 
vn 0.622047 0.543307 0.566929 
vn 0.503937 0.748031 -0.433071 
vn 0.354331 0.913386 0.212598 
vn -0.00787402 0.944882 0.330709 
vn 0.023622 1 -0.00787402 
vn 0.606299 -0.125984 0.787402 
vn 0.614173 -0.102362 -0.787402 
vn 0.614173 -0.0708661 0.779528 
vn 0.622047 -0.0629921 -0.779528 
vn 0.622047 -0.0314961 0.779528 
vn 0.629921 -0.015748 -0.779528 
vn 0.629921 0.015748 0.771654 
vn 0.629921 0.0314961 -0.771654 
vn 0.637795 0.0629921 0.771654 
vn 0.637795 0.0787402 -0.76378 
vn 0.645669 0.110236 0.755906 
vn 0.637795 0.133858 -0.755906 
vn 0.645669 0.173228 0.740157 
vn 0.637795 0.204724 -0.740157 
vn 0.645669 0.251969 0.716535 
vn 0.637795 0.314961 -0.700787 
vn 0.645669 0.377953 0.661417 
vn 0.606299 0.488189 -0.622047 
vn 0.598425 0.606299 0.527559 
vn 0.314961 0.929134 0.19685 
vn 0.181102 0.968504 -0.173228 
vn -0.015748 0.944882 0.330709 
vn -0.204724 0.850394 0.488189 
vn -0.204724 -0.968504 0.165354 
vn 0.00787402 -0.944882 -0.330709 
vn 0.385827 -0.708661 0.598425 
vn 0.370079 -0.669291 -0.645669 
vn 0.511811 -0.417323 -0.748031 
vn 0.535433 -0.393701 0.748031 
vn 0.566929 -0.283465 -0.779528 
vn 0.582677 -0.251969 0.779528 
vn 0.590551 -0.19685 -0.779528 
vn -0.181102 -0.968504 0.173228 
vn 0.015748 -0.944882 -0.330709 
vn 0.346457 -0.740157 0.566929 
vn 0.338583 -0.700787 -0.622047 
vn 0.496063 -0.456693 -0.740157 
vn 0.511811 -0.440945 0.732283 
vn 0.551181 -0.314961 -0.771654 
vn 0.566929 -0.283465 0.771654 
vn 0.582677 -0.220472 -0.779528 
vn 0.480315 0.637795 -0.606299 
vn 0.614173 -0.700787 -0.362205 
vn 0.480315 0.692913 -0.535433 
vn 0.629921 -0.724409 -0.283465 
vn 0.480315 0.732283 -0.480315 
vn 0.629921 -0.748031 -0.212598 
vn 0.464567 0.771654 -0.425197 
vn 0.622047 -0.76378 -0.149606 
vn 0.456693 0.811024 -0.370079 
vn 0.614173 -0.787402 -0.0866142 
vn 0.433071 0.84252 -0.322835 
vn 0.598425 -0.795276 -0.023622 
vn 0.417323 0.874016 -0.267717 
vn 0.582677 -0.811024 0.0472441 
vn 0.385827 0.897638 -0.204724 
vn 0.559055 -0.818898 0.125984 
vn 0.346457 0.929134 -0.133858 
vn 0.519685 -0.818898 0.23622 
vn 0.299213 0.952756 -0.0472441 
vn 0.456693 -0.80315 0.377953 
vn 0.220472 0.976378 0.0629921 
vn 0.11811 0.976378 0.19685 
vn 0.0472441 -0.645669 0.76378 
vn 0.417323 0.385827 -0.818898 
vn 0.574803 0.0393701 -0.818898 
vn 0.425197 0.0314961 -0.905512 
vn 0.314961 0.708661 -0.629921 
vn 0.393701 -0.779528 -0.488189 
vn -0.0393701 -0.937008 -0.346457 
vn 0.291339 -0.889764 -0.354331 
vn 0.519685 0.787402 -0.330709 
vn 0.11811 -0.992126 0.0787402 
vn 0.385827 0.92126 -0.0787402 
vn 0.0472441 -0.984252 0.181102 
vn 0.338583 0.937008 -0.015748 
vn 0.015748 -0.976378 0.212598 
vn 0.314961 0.944882 0.015748 
vn 0 -0.968504 0.23622 
vn 0.96063 0 0.275591 
vn 0.299213 0.944882 0.11811 
vn 0.299213 0.952756 0.0472441 
vn 0.834646 0 0.559055 
vn 0.0551181 -1 -0.0393701 
vn 0.0314961 -0.992126 -0.102362 
vn 0.456693 -0.866142 -0.188976 
vn 0.826772 0 -0.566929 
vn 0.566929 0.692913 -0.440945 
vn -0.015748 -0.929134 -0.370079 
vn 0.251969 0.858268 -0.448819 
vn 0.228346 -0.850394 -0.480315 
vn 0.488189 0.755906 -0.425197 
vn 0.23622 -0.952756 -0.19685 
vn 0.417323 0.897638 -0.133858 
vn 0.125984 -0.992126 -0.0314961 
vn 0.346457 0.937008 -0.015748 
vn 0.0866142 -0.992126 0.0314961 
vn 0.314961 0.944882 0.0314961 
vn 0.0629921 -1 0.0551181 

vt 47.1826 -52.0181 
vt 47.2325 -52.0355 
vt 47.2345 -52.0195 
vt 47.2202 -52.034 
vt 47.2222 -52.018 
vt 47.2149 -52.0333 
vt 47.2169 -52.0173 
vt 47.2094 -52.0326 
vt 47.2113 -52.0166 
vt 47.2038 -52.032 
vt 47.2057 -52.0159 
vt 47.1983 -52.0313 
vt 47.2003 -52.0153 
vt 47.1932 -52.0307 
vt 47.1952 -52.0147 
vt 47.1907 -52.0141 
vt 47.1888 -52.0301 
vt 47.1869 -52.0137 
vt 47.185 -52.0297 
vt 47.1841 -52.0133 
vt 47.1821 -52.0293 
vt 47.1822 -52.0131 
vt 46.8768 -52.0343 
vt 46.882 -52.0264 
vt 46.8783 -52.0253 
vt 46.8722 -52.0331 
vt 46.8737 -52.0242 
vt 46.867 -52.0319 
vt 46.8685 -52.0229 
vt 46.8614 -52.0306 
vt 46.8629 -52.0217 
vt 46.8557 -52.0293 
vt 46.8571 -52.0204 
vt 46.8499 -52.0281 
vt 46.8513 -52.0191 
vt 46.8444 -52.0269 
vt 46.8458 -52.018 
vt 46.8393 -52.0259 
vt 46.8408 -52.017 
vt 46.8349 -52.0251 
vt 46.8364 -52.0161 
vt 46.8313 -52.0245 
vt 46.8328 -52.0155 
vt 46.8302 -52.0151 
vt 46.8287 -52.0241 
vt 46.8286 -52.015 
vt 46.8272 -52.0239 
vt 46.8038 -52.0108 
vt 46.883 -52.0249 
vt 46.8038 -52.0078 
vt 46.883 -52.0169 
vt 46.7449 -52.0041 
vt 47.016 -52.0249 
vt 47.016 -52.0169 
vt 47.1491 -52.0249 
vt 47.1491 -52.0169 
vt 47.2283 -52.0108 
vt 47.2283 -52.0078 
vt 47.2283 -52.032 
vt 47.1491 -52.032 
vt 47.2283 -52.0377 
vt 47.016 -52.032 
vt 47.1491 -52.0427 
vt 47.2283 -52.0457 
vt 47.1491 -52.0506 
vt 47.016 -52.0427 
vt 47.016 -52.0506 
vt 46.883 -52.032 
vt 46.883 -52.0427 
vt 46.883 -52.0506 
vt 46.8038 -52.032 
vt 46.8038 -52.0377 
vt 46.8038 -52.0457 
vt 46.7449 -52.012 
vt 46.75 -52.0613 
vt 47.2339 -52.0247 
vt 47.2325 -52.0337 
vt 47.2332 -52.0249 
vt 47.2318 -52.0338 
vt 47.2316 -52.0247 
vt 47.2303 -52.0337 
vt 47.2293 -52.0244 
vt 47.2279 -52.0334 
vt 47.2262 -52.0239 
vt 47.2248 -52.0329 
vt 47.2225 -52.0232 
vt 47.2211 -52.0322 
vt 47.2183 -52.0224 
vt 47.244 -52.0426 
vt 47.2687 -52.0408 
vt 47.2436 -52.0371 
vt 47.1787 -52.0416 
vt 47.1791 -52.0471 
vt 47.2683 -52.0353 
vt 47.2434 -52.0353 
vt 47.1773 -52.0223 
vt 47.2679 -52.0297 
vt 47.1234 -52.0222 
vt 46.978 -51.9803 
vt 46.8397 -52.0157 
vt 46.7314 -52.0302 
vt 46.7562 -52.0302 
vt 46.7314 -52.0243 
vt 46.7562 -52.0243 
vt 46.7562 -52.0321 
vt 46.7314 -52.0362 
vt 46.8212 -52.0507 
vt 46.8946 -52.042 
vt 46.8946 -52.0254 
vt 46.8693 -52.0254 
vt 46.8693 -52.0302 
vt 46.8439 -52.0254 
vt 46.8693 -52.042 
vt 46.8439 -52.0302 
vt 46.8439 -52.0394 
vt 47.0818 -51.9764 
vt 47.016 -52.0427 
vt 47.1491 -52.0427 
vt 47.2283 -52.0457 
vt 47.2143 -52.017 
vt 47.2177 -52.0337 
vt 46.8727 -52.0176 
vt 46.8712 -52.0017 
vt 46.8689 -52.0016 
vt 46.8704 -52.0174 
vt 46.8658 -52.0017 
vt 46.8673 -52.0176 
vt 46.8621 -52.0022 
vt 46.8636 -52.018 
vt 46.8578 -52.0029 
vt 46.8593 -52.0187 
vt 46.8532 -52.0038 
vt 46.8548 -52.0197 
vt 46.8485 -52.005 
vt 46.85 -52.0208 
vt 46.8437 -52.0063 
vt 46.8452 -52.0222 
vt 46.835 -52.0093 
vt 46.8365 -52.0251 
vt 47.0617 -51.9448 
vt 47.0867 -51.9529 
vt 47.0854 -51.9448 
vt 47.0604 -51.9529 
vt 47.0635 -51.9377 
vt 47.0875 -51.9617 
vt 47.0836 -51.9377 
vt 47.0596 -51.9617 
vt 47.0657 -51.9318 
vt 47.0877 -51.9709 
vt 47.0814 -51.9318 
vt 47.0593 -51.9709 
vt 47.0681 -51.9275 
vt 47.0875 -51.9801 
vt 47.079 -51.9275 
vt 47.0596 -51.9801 
vt 47.0708 -51.9248 
vt 47.0763 -51.9248 
vt 47.0735 -51.9239 
vt 47.0867 -51.9889 
vt 47.0604 -51.9889 
vt 47.0854 -51.9971 
vt 47.0617 -51.9971 
vt 47.0836 -52.0042 
vt 47.0635 -52.0042 
vt 47.0814 -52.01 
vt 47.0657 -52.01 
vt 47.079 -52.0144 
vt 47.0681 -52.0144 
vt 47.0763 -52.0171 
vt 47.0708 -52.0171 
vt 47.0735 -52.018 
vt 46.9522 -51.9448 
vt 46.9772 -51.9529 
vt 46.9758 -51.9448 
vt 46.9509 -51.9529 
vt 46.954 -51.9377 
vt 46.978 -51.9617 
vt 46.9741 -51.9377 
vt 46.9501 -51.9617 
vt 46.9562 -51.9318 
vt 46.9782 -51.9709 
vt 46.9719 -51.9318 
vt 46.9498 -51.9709 
vt 46.9586 -51.9275 
vt 46.978 -51.9801 
vt 46.9695 -51.9275 
vt 46.9501 -51.9801 
vt 46.9613 -51.9248 
vt 46.9668 -51.9248 
vt 46.964 -51.9239 
vt 46.9772 -51.9889 
vt 46.9509 -51.9889 
vt 46.9758 -51.9971 
vt 46.9522 -51.9971 
vt 46.9741 -52.0042 
vt 46.954 -52.0042 
vt 46.9719 -52.01 
vt 46.9562 -52.01 
vt 46.9695 -52.0144 
vt 46.9586 -52.0144 
vt 46.9668 -52.0171 
vt 46.9613 -52.0171 
vt 46.964 -52.018 
vt 47.0805 -51.9677 
vt 47.0666 -51.9677 
vt 47.0813 -51.9719 
vt 47.0658 -51.9719 
vt 47.0676 -51.9641 
vt 47.0818 -51.9764 
vt 47.0795 -51.9641 
vt 47.0653 -51.9764 
vt 47.0689 -51.9611 
vt 47.0819 -51.981 
vt 47.0782 -51.9611 
vt 47.0652 -51.981 
vt 47.0703 -51.9589 
vt 47.0818 -51.9857 
vt 47.0768 -51.9589 
vt 47.0653 -51.9857 
vt 47.0719 -51.9575 
vt 47.0752 -51.9575 
vt 47.0735 -51.9571 
vt 47.0813 -51.9902 
vt 47.0658 -51.9902 
vt 47.0805 -51.9944 
vt 47.0666 -51.9944 
vt 47.0795 -51.998 
vt 47.0676 -51.998 
vt 47.0782 -52.001 
vt 47.0689 -52.001 
vt 47.0768 -52.0032 
vt 47.0703 -52.0032 
vt 47.0752 -52.0046 
vt 47.0719 -52.0046 
vt 47.0735 -52.005 
vt 46.9716 -51.9677 
vt 46.9577 -51.9677 
vt 46.9724 -51.9719 
vt 46.9569 -51.9719 
vt 46.9587 -51.9641 
vt 46.9729 -51.9764 
vt 46.9706 -51.9641 
vt 46.9564 -51.9764 
vt 46.96 -51.9611 
vt 46.973 -51.981 
vt 46.9693 -51.9611 
vt 46.9563 -51.981 
vt 46.9614 -51.9589 
vt 46.9729 -51.9857 
vt 46.9679 -51.9589 
vt 46.9564 -51.9857 
vt 46.963 -51.9575 
vt 46.9663 -51.9575 
vt 46.9646 -51.9571 
vt 46.9724 -51.9902 
vt 46.9569 -51.9902 
vt 46.9716 -51.9944 
vt 46.9577 -51.9944 
vt 46.9706 -51.998 
vt 46.9587 -51.998 
vt 46.9693 -52.001 
vt 46.96 -52.001 
vt 46.9679 -52.0032 
vt 46.9614 -52.0032 
vt 46.9663 -52.0046 
vt 46.963 -52.0046 
vt 46.9646 -52.005 
vt 47.1842 -52.0412 
vt 47.125 -52.0453 
vt 47.1267 -52.0579 
vt 47.217 -52.0314 
vt 47.2139 -52.0215 
vt 47.2125 -52.0304 
vt 47.2093 -52.0204 
vt 47.2079 -52.0294 
vt 47.2047 -52.0194 
vt 47.2034 -52.0283 
vt 47.2004 -52.0183 
vt 47.199 -52.0272 
vt 47.1964 -52.0173 
vt 47.1951 -52.0262 
vt 47.1889 -52.0244 
vt 47.187 -52.014 
vt 47.1058 -52.0512 
vt 47.1311 -52.0494 
vt 47.1308 -52.0449 
vt 47.1564 -52.0477 
vt 47.13 -52.0339 
vt 47.156 -52.0432 
vt 47.1554 -52.0345 
vt 46.887 -52.0283 
vt 46.8853 -52.0367 
vt 46.8806 -52.0353 
vt 46.875 -52.0548 
vt 46.875 -52.0302 
vt 46.875 -52.0055 
vt 46.8212 -52.0243 
vt 46.8212 -52.0302 
vt 47.2581 -52.2827 
vt 47.3102 -52.2526 
vt 47.3102 -52.2532 
vt 47.3102 -52.2535 
vt 47.3376 -52.2112 
vt 47.2581 -52.2822 
vt 47.1945 -52.2249 
vt 47.2059 -52.2914 
vt 47.1341 -52.2903 
vt 47.0788 -52.2679 
vt 47.0568 -52.2434 
vt 47.0049 -52.1773 
vt 47.0788 -52.1826 
vt 47.0301 -52.1234 
vt 47.2795 -52.184 
vt 47.2216 -52.1985 
vt 47.1235 -52.1654 
vt 47.18 -52.1554 
vt 47.2455 -52.1386 
vt 47.3422 -52.1856 
vt 47.2243 -52.1047 
vt 47.196 -52.13 
vt 47.2717 -52.0848 
vt 47.2894 -52.0964 
vt 47.3319 -52.1603 
vt 47.3422 -52.1861 
vt 47.3319 -52.1605 
vt 47.0788 -52.2687 
vt 47.2216 -52.199 
vt 46.7121 -52.2369 
vt 46.6868 -52.2202 
vt 46.6655 -52.1841 
vt 46.7241 -51.867 
vt 46.7093 -51.8393 
vt 46.8304 -51.7449 
vt 46.7162 -52.016 
vt 46.7162 -52.016 
vt 46.9519 -51.7449 
vt 46.896 -51.7465 
vt 47.0072 -51.8038 
vt 46.7275 -52.223 
vt 46.7106 -52.2339 
vt 46.7097 -52.2211 
vt 47.2059 -52.2925 
vt 47.0687 -51.978 
vt 46.7295 -51.8397 
vt 46.7195 -51.8506 
vt 47.0694 -52.0814 
vt 47.0695 -52.0763 
vt 47.059 -52.0763 
vt 47.0695 -52.0735 
vt 47.0591 -52.0735 
vt 47.0695 -52.0708 
vt 47.059 -52.0708 
vt 47.059 -52.0681 
vt 47.0744 -51.7314 
vt 47.0525 -51.7562 
vt 47.0006 -51.8212 
vt 47.1297 -51.7083 
vt 47.2016 -51.7071 
vt 47.2537 -51.7169 
vt 47.3059 -51.7466 
vt 47.3059 -51.7466 
vt 47.3332 -51.788 
vt 47.0744 -51.8157 
vt 47.3378 -51.8137 
vt 47.3378 -51.8137 
vt 47.3275 -51.8395 
vt 47.2752 -51.8157 
vt 47.2173 -51.8011 
vt 47.2851 -51.9035 
vt 47.2673 -51.9146 
vt 47.1756 -51.8439 
vt 47.0669 -52.0805 
vt 47.0671 -52.0818 
vt 47.0736 -52.0768 
vt 47.0674 -52.0768 
vt 47.0736 -52.0752 
vt 47.0674 -52.0752 
vt 47.0736 -52.0735 
vt 47.0674 -52.0735 
vt 47.0736 -52.0719 
vt 47.0674 -52.0719 
vt 47.0674 -52.0703 
vt 47.0736 -52.0703 
vt 47.0735 -52.0676 
vt 47.0759 -52.1491 
vt 47.0413 -52.2283 
vt 46.949 -52.2821 
vt 46.7264 -52.2244 
vt 46.7159 -52.2325 
vt 46.7192 -52.2305 
vt 46.7227 -52.2278 
vt 46.7106 -52.2339 
vt 46.713 -52.2336 
vt 46.7088 -52.2332 
vt 46.7076 -52.2262 
vt 46.7077 -52.2316 
vt 46.7073 -52.2293 
vt 46.7155 -52.2093 
vt 46.7086 -52.2225 
vt 46.7103 -52.2183 
vt 46.7126 -52.2139 
vt 46.7187 -52.2047 
vt 46.7398 -52.207 
vt 46.7337 -52.2161 
vt 46.7301 -52.2205 
vt 46.7369 -52.2116 
vt 46.7223 -52.2004 
vt 46.7438 -52.1984 
vt 46.7421 -52.2025 
vt 46.7448 -52.1947 
vt 46.7297 -52.193 
vt 46.726 -52.1964 
vt 46.7332 -52.1903 
vt 46.7365 -52.1883 
vt 46.7447 -52.1892 
vt 46.7451 -52.1916 
vt 46.7436 -52.1877 
vt 46.7418 -52.187 
vt 46.7394 -52.1872 
vt 46.7299 -52.233 
vt 46.7259 -52.2378 
vt 46.7285 -52.2359 
vt 46.73 -52.2293 
vt 46.7222 -52.2386 
vt 46.7289 -52.2248 
vt 46.7176 -52.2383 
vt 46.7265 -52.2197 
vt 46.7121 -52.2369 
vt 46.723 -52.2143 
vt 46.7061 -52.2345 
vt 46.7184 -52.2086 
vt 46.6997 -52.2311 
vt 46.7131 -52.2031 
vt 46.6932 -52.227 
vt 46.7072 -52.1978 
vt 46.6868 -52.2222 
vt 46.7008 -52.193 
vt 46.6809 -52.2169 
vt 46.6943 -52.1888 
vt 46.6756 -52.2113 
vt 46.6879 -52.1855 
vt 46.671 -52.2057 
vt 46.6819 -52.1831 
vt 46.6675 -52.2003 
vt 46.6764 -52.1817 
vt 46.6651 -52.1952 
vt 46.6718 -52.1814 
vt 46.664 -52.1907 
vt 46.6681 -52.1822 
vt 46.6641 -52.1869 
vt 46.6655 -52.1841 
vt 46.7162 -52.1491 
vt 46.7507 -52.2283 
vt 46.8061 -52.1491 
vt 46.8406 -52.2821 
vt 46.8061 -52.016 
vt 46.7162 -52.016 
vt 46.896 -52.1491 
vt 46.896 -52.2821 
vt 46.8264 -51.883 
vt 46.7162 -51.883 
vt 46.775 -51.8038 
vt 46.8304 -51.7449 
vt 46.8961 -51.7414 
vt 46.9859 -52.1491 
vt 46.949 -52.2821 
vt 46.896 -51.883 
vt 46.9519 -51.7449 
vt 46.896 -52.016 
vt 46.9658 -51.883 
vt 47.0072 -51.8038 
vt 46.9859 -52.016 
vt 47.0759 -51.883 
vt 47.0759 -52.016 
vt 47.0413 -52.2283 
vt 47.0759 -52.1491 
vt 47.0413 -52.2283 
vt 46.7131 -52.2011 
vt 47.0694 -51.9719 
vt 47.0695 -51.9668 
vt 47.059 -51.9668 
vt 47.0695 -51.964 
vt 47.0591 -51.964 
vt 47.0695 -51.9613 
vt 47.059 -51.9613 
vt 47.0744 -51.8157 
vt 47.1459 -51.8084 
vt 47.1902 -51.7733 
vt 47.1191 -51.833 
vt 47.1756 -51.8439 
vt 47.0006 -51.8212 
vt 47.0258 -51.875 
vt 47.2173 -51.8011 
vt 47.1917 -51.8693 
vt 47.2412 -51.8612 
vt 47.2199 -51.8946 
vt 47.2673 -51.9146 
vt 47.2851 -51.9035 
vt 47.1297 -51.7083 
vt 47.0525 -51.7562 
vt 47.0744 -51.7314 
vt 47.2016 -51.7071 
vt 47.2537 -51.7169 
vt 47.2796 -51.7718 
vt 47.0736 -51.9679 
vt 47.0674 -51.9679 
vt 47.0736 -51.9663 
vt 47.0674 -51.9663 
vt 47.0736 -51.9646 
vt 47.0674 -51.9646 
vt 47.0736 -51.963 
vt 47.0674 -51.963 
vt 47.0674 -51.9614 
vt 47.0736 -51.9614 
vt 47.0735 -51.96 
vt 46.6702 -51.8485 
vt 46.6772 -51.8727 
vt 46.6755 -51.8437 
vt 46.6834 -51.8714 
vt 46.6716 -51.8732 
vt 46.6815 -51.8392 
vt 46.6659 -51.8532 
vt 46.6902 -51.8692 
vt 46.667 -51.8726 
vt 46.6882 -51.835 
vt 46.6628 -51.8578 
vt 46.6972 -51.8662 
vt 46.6636 -51.8712 
vt 46.6951 -51.8313 
vt 46.6609 -51.8621 
vt 46.6613 -51.8689 
vt 46.6604 -51.8658 
vt 46.7041 -51.8626 
vt 46.7021 -51.8284 
vt 46.7107 -51.8584 
vt 46.7089 -51.8261 
vt 46.7168 -51.8538 
vt 46.7151 -51.8248 
vt 46.7221 -51.8491 
vt 46.7207 -51.8244 
vt 46.7264 -51.8443 
vt 46.7253 -51.8249 
vt 46.7295 -51.8397 
vt 46.7287 -51.8264 
vt 46.7314 -51.8355 
vt 46.731 -51.8287 
vt 46.7318 -51.8318 
vt 46.749 -51.8855 
vt 46.7459 -51.8874 
vt 46.7478 -51.887 
vt 46.7494 -51.8828 
vt 46.7434 -51.8867 
vt 46.7491 -51.8793 
vt 46.7403 -51.8849 
vt 46.7479 -51.8749 
vt 46.7368 -51.882 
vt 46.7461 -51.8698 
vt 46.7329 -51.8783 
vt 46.7436 -51.8643 
vt 46.729 -51.8737 
vt 46.7405 -51.8585 
vt 46.725 -51.8685 
vt 46.737 -51.8527 
vt 46.7212 -51.8629 
vt 46.7332 -51.8471 
vt 46.7177 -51.8571 
vt 46.7292 -51.8419 
vt 46.7146 -51.8513 
vt 46.7253 -51.8374 
vt 46.7121 -51.8458 
vt 46.7214 -51.8336 
vt 46.7102 -51.8408 
vt 46.7179 -51.8307 
vt 46.7091 -51.8364 
vt 46.7148 -51.8289 
vt 46.7087 -51.8328 
vt 46.7122 -51.8282 
vt 46.7092 -51.8302 
vt 46.7103 -51.8286 
vt 46.8055 -52.0152 
vt 46.9212 -52.0181 
vt 46.7205 -52.0381 
vt 46.7784 -52.0371 
vt 46.6681 -52.0397 
vt 46.6578 -52.0411 
vt 46.6681 -52.0429 
vt 46.6681 -52.0474 
vt 46.7205 -52.0457 
vt 46.7784 -52.0447 
vt 47.3132 -52.034 
vt 47.3359 -52.0297 
vt 47.3345 -52.0133 
vt 47.3345 -52.0293 
vt 47.3319 -52.0131 
vt 47.3319 -52.0291 
vt 47.3282 -52.013 
vt 47.3282 -52.029 
vt 47.3236 -52.013 
vt 47.3236 -52.029 
vt 47.3181 -52.0132 
vt 47.3181 -52.0292 
vt 47.3121 -52.0135 
vt 47.3121 -52.0295 
vt 47.3057 -52.0139 
vt 47.3057 -52.0299 
vt 47.2992 -52.0144 
vt 47.2992 -52.0304 
vt 47.2928 -52.015 
vt 47.2928 -52.031 
vt 47.2907 -52.0259 
vt 47.2897 -52.015 
vt 47.2906 -52.0239 
vt 47.2878 -52.0151 
vt 47.2887 -52.0241 
vt 47.2852 -52.0155 
vt 47.2861 -52.0245 
vt 47.2821 -52.0161 
vt 47.283 -52.0251 
vt 47.2786 -52.017 
vt 47.2795 -52.0259 
vt 47.2708 -52.0191 
vt 47.2717 -52.0281 
vt 47.263 -52.0217 
vt 47.2639 -52.0306 
vt 47.1696 -52.0041 
vt 47.225 -52.032 
vt 47.225 -52.0377 
vt 47.225 -52.0457 
vt 47.1696 -52.012 
vt 47.1039 -52.0031 
vt 47.1697 -52.032 
vt 47.1039 -52.011 
vt 47.0481 -52.0041 
vt 47.1697 -52.0524 
vt 47.1697 -52.0613 
vt 47.104 -52.031 
vt 47.0481 -52.012 
vt 47.104 -52.0532 
vt 47.104 -52.0621 
vt 46.9928 -52.032 
vt 47.0482 -52.032 
vt 47.0482 -52.0524 
vt 47.0482 -52.0613 
vt 46.9928 -52.0457 
vt 46.9928 -52.0377 
vt 47.3049 -52.0108 
vt 47.3075 -52.0266 
vt 47.3144 -52.0251 
vt 47.3118 -52.0093 
vt 47.2979 -52.0122 
vt 47.3005 -52.0281 
vt 47.2911 -52.0136 
vt 47.2938 -52.0294 
vt 47.2849 -52.0147 
vt 47.2875 -52.0306 
vt 47.2793 -52.0157 
vt 47.282 -52.0315 
vt 47.2747 -52.0164 
vt 47.2774 -52.0322 
vt 47.2713 -52.0168 
vt 47.2739 -52.0327 
vt 47.2717 -52.0328 
vt 47.2682 -52.0168 
vt 47.2705 -52.0157 
vt 46.9409 -51.9239 
vt 46.9305 -51.9249 
vt 46.941 -51.9248 
vt 46.941 -51.9275 
vt 46.9306 -51.9276 
vt 46.9411 -51.9318 
vt 46.9306 -51.932 
vt 46.9411 -51.9377 
vt 46.9307 -51.9378 
vt 46.9412 -51.9448 
vt 46.9308 -51.9449 
vt 46.9414 -51.9529 
vt 46.9309 -51.9531 
vt 46.9415 -51.9617 
vt 46.9311 -51.9619 
vt 46.9416 -51.9709 
vt 46.9312 -51.9711 
vt 46.9256 -52.0302 
vt 46.9256 -52.0243 
vt 46.8703 -52.0243 
vt 46.9475 -52.0321 
vt 46.9256 -52.0362 
vt 46.9994 -52.0507 
vt 46.8703 -52.0302 
vt 46.8703 -52.0463 
vt 46.7984 -52.0243 
vt 46.7984 -52.0302 
vt 46.7984 -52.0463 
vt 46.7463 -52.0243 
vt 46.7463 -52.0302 
vt 46.7463 -52.039 
vt 46.6941 -52.0243 
vt 46.6941 -52.0302 
vt 46.6941 -52.039 
vt 46.9256 -52.0548 
vt 46.7588 -52.0335 
vt 46.7588 -52.0302 
vt 46.7149 -52.0335 
vt 46.7588 -52.0254 
vt 46.7149 -52.0302 
vt 46.7149 -52.0254 
vt 46.9326 -51.9571 
vt 46.9264 -51.9576 
vt 46.9326 -51.9589 
vt 46.9264 -51.959 
vt 46.9326 -51.9611 
vt 46.9265 -51.9612 
vt 46.9327 -51.9641 
vt 46.9265 -51.9642 
vt 46.9327 -51.9677 
vt 46.9266 -51.9678 
vt 46.9328 -51.9719 
vt 46.9266 -51.972 
vt 46.9329 -51.9764 
vt 46.9267 -51.9765 
vt 46.9329 -51.981 
vt 46.9268 -51.9811 
vt 46.9312 -51.9711 
vt 46.9418 -51.9801 
vt 46.9416 -51.9709 
vt 46.9313 -51.9803 
vt 46.9419 -51.9889 
vt 46.9315 -51.9891 
vt 46.942 -51.9971 
vt 46.9316 -51.9972 
vt 46.9421 -52.0042 
vt 46.9317 -52.0043 
vt 46.9422 -52.01 
vt 46.9318 -52.0102 
vt 46.9423 -52.0144 
vt 46.9318 -52.0145 
vt 46.9423 -52.0171 
vt 46.9319 -52.0172 
vt 46.9423 -52.018 
vt 46.9319 -52.0181 
vt 46.9268 -51.9811 
vt 46.933 -51.9857 
vt 46.9329 -51.981 
vt 46.9268 -51.9858 
vt 46.9331 -51.9902 
vt 46.9269 -51.9903 
vt 46.9331 -51.9944 
vt 46.927 -51.9945 
vt 46.9332 -51.998 
vt 46.927 -51.9981 
vt 46.9332 -52.001 
vt 46.9271 -52.0011 
vt 46.9333 -52.0032 
vt 46.9271 -52.0033 
vt 46.9333 -52.0046 
vt 46.9271 -52.0047 
vt 46.9333 -52.0046 
vt 47.277 -52.017 
vt 46.9928 -52.0078 
vt 47.2735 -52.0337 
vt 46.9409 -51.9239 
vt 46.9305 -51.9249 
vt 46.941 -51.9248 
vt 46.941 -51.9275 
vt 46.9306 -51.9276 
vt 46.9411 -51.9318 
vt 46.9306 -51.932 
vt 46.9411 -51.9377 
vt 46.9307 -51.9378 
vt 46.9412 -51.9448 
vt 46.9308 -51.9449 
vt 46.9414 -51.9529 
vt 46.9309 -51.9531 
vt 46.9415 -51.9617 
vt 46.9311 -51.9619 
vt 46.9416 -51.9709 
vt 46.9312 -51.9711 
vt 46.9264 -51.9571 
vt 46.9326 -51.9571 
vt 46.9326 -51.9589 
vt 46.9264 -51.959 
vt 46.9326 -51.9611 
vt 46.9265 -51.9612 
vt 46.9327 -51.9641 
vt 46.9265 -51.9642 
vt 46.9327 -51.9677 
vt 46.9266 -51.9678 
vt 46.9328 -51.9719 
vt 46.9266 -51.972 
vt 46.9329 -51.9764 
vt 46.9267 -51.9765 
vt 46.9329 -51.981 
vt 46.9268 -51.9811 
vt 47.3391 -52.0022 
vt 46.9312 -51.9711 
vt 46.9418 -51.9801 
vt 46.9416 -51.9709 
vt 46.9313 -51.9803 
vt 46.9419 -51.9889 
vt 46.9315 -51.9891 
vt 46.942 -51.9971 
vt 46.9316 -51.9972 
vt 46.9421 -52.0042 
vt 46.9317 -52.0043 
vt 46.9422 -52.01 
vt 46.9318 -52.0102 
vt 46.9423 -52.0144 
vt 46.9318 -52.0145 
vt 46.9423 -52.0171 
vt 46.9319 -52.0172 
vt 46.9423 -52.018 
vt 46.9319 -52.0181 
vt 46.9268 -51.9811 
vt 46.933 -51.9857 
vt 46.9329 -51.981 
vt 46.9268 -51.9858 
vt 46.9331 -51.9902 
vt 46.9269 -51.9903 
vt 46.9331 -51.9944 
vt 46.927 -51.9945 
vt 46.9332 -51.998 
vt 46.927 -51.9981 
vt 46.9332 -52.001 
vt 46.9271 -52.0011 
vt 46.9333 -52.0032 
vt 46.9271 -52.0033 
vt 46.9333 -52.005 
vt 46.9271 -52.0051 
vt 47.3422 -52.0176 
vt 47.3341 -52.0038 
vt 47.3298 -52.005 
vt 47.3324 -52.0208 
vt 47.3245 -52.0063 
vt 47.3272 -52.0222 
vt 47.3185 -52.0078 
vt 47.3211 -52.0236 
vt 47.3118 -52.0093 
vt 47.3144 -52.0251 
vt 46.82 -52.0432 
vt 46.8765 -52.0469 
vt 46.8765 -52.0424 
vt 46.82 -52.0477 
vt 46.82 -52.0345 
vt 46.9212 -52.0457 
vt 46.8765 -52.0193 
vt 46.9212 -52.0412 
vt 46.9212 -52.0181 
vt 47.2802 -52.0283 
vt 47.274 -52.0173 
vt 47.273 -52.0262 
vt 47.2703 -52.0163 
vt 47.2693 -52.0253 
vt 47.2668 -52.0155 
vt 47.2657 -52.0244 
vt 47.2635 -52.0148 
vt 47.2624 -52.0237 
vt 47.2606 -52.0143 
vt 47.2595 -52.0232 
vt 47.2582 -52.014 
vt 47.2571 -52.0229 
vt 47.2564 -52.0139 
vt 47.2553 -52.0228 
vt 47.2542 -52.0229 
vt 46.7106 -52.0442 
vt 46.7106 -52.0473 
vt 46.7283 -52.0481 
vt 46.7283 -52.037 
vt 46.7106 -52.0518 
vt 46.7784 -52.0447 
vt 46.7283 -52.0526 
vt 46.7757 -52.0512 
vt 46.7757 -52.0467 
vt 46.7757 -52.0356 
vt 46.804 -52.0494 
vt 46.804 -52.0449 
vt 46.804 -52.0339 
vt 46.7784 -52.0402 
vt 46.7784 -52.0371 
vt 46.7205 -52.0381 
vt 46.7205 -52.0412 
vt 47.2869 -52.0156 
vt 47.2928 -52.031 
vt 47.2928 -52.015 
vt 47.2869 -52.0316 
vt 46.7474 -52.0281 
vt 46.7468 -52.0364 
vt 46.7465 -52.0419 
vt 46.7888 -52.031 
vt 46.7882 -52.0393 
vt 46.8174 -52.0181 
vt 46.8144 -52.0328 
vt 46.8397 -52.0397 
vt 46.8139 -52.0411 
vt 46.7878 -52.0448 
vt 46.8395 -52.0429 
vt 46.8135 -52.0456 
vt 46.8392 -52.0474 
vt 47.1664 -52.017 
vt 47.1679 -52.0259 
vt 47.1626 -52.018 
vt 47.1641 -52.0269 
vt 47.1581 -52.0191 
vt 47.1595 -52.0281 
vt 47.1529 -52.0204 
vt 47.1543 -52.0293 
vt 47.1473 -52.0217 
vt 47.1487 -52.0306 
vt 47.2551 -52.0041 
vt 47.2551 -52.012 
vt 47.1962 -52.0108 
vt 47.1962 -52.032 
vt 47.117 -52.0254 
vt 47.1962 -52.0457 
vt 47.1962 -52.0377 
vt 47.117 -52.0427 
vt 46.7795 -52.0204 
vt 46.7852 -52.0283 
vt 46.7839 -52.0194 
vt 46.7809 -52.0294 
vt 46.7756 -52.0215 
vt 46.777 -52.0304 
vt 46.7735 -52.0314 
vt 46.8766 -52.0222 
vt 46.9348 -51.9811 
vt 46.9182 -51.9858 
vt 46.9347 -51.9858 
vt 46.9187 -51.9903 
vt 46.9181 -51.9811 
vt 46.9342 -51.9903 
vt 46.9347 -51.9765 
vt 46.9195 -51.9945 
vt 46.9182 -51.9765 
vt 46.9334 -51.9945 
vt 46.9342 -51.972 
vt 46.9205 -51.9981 
vt 46.9187 -51.972 
vt 46.9324 -51.9981 
vt 46.9334 -51.9678 
vt 46.9218 -52.0011 
vt 46.9195 -51.9678 
vt 46.9311 -52.0011 
vt 46.9324 -51.9642 
vt 46.9232 -52.0033 
vt 46.9205 -51.9642 
vt 46.9297 -52.0033 
vt 46.9311 -51.9612 
vt 46.9248 -52.0047 
vt 46.9281 -52.0047 
vt 46.9265 -52.0051 
vt 46.9218 -51.9612 
vt 46.9297 -51.959 
vt 46.9232 -51.959 
vt 46.9281 -51.9576 
vt 46.9248 -51.9576 
vt 46.9265 -51.9571 
vt 47.0437 -51.9811 
vt 47.0271 -51.9858 
vt 47.0436 -51.9858 
vt 47.0276 -51.9903 
vt 47.027 -51.9811 
vt 47.0431 -51.9903 
vt 47.0436 -51.9765 
vt 47.0284 -51.9945 
vt 47.0271 -51.9765 
vt 47.0423 -51.9945 
vt 47.0431 -51.972 
vt 47.0294 -51.9981 
vt 47.0276 -51.972 
vt 47.0413 -51.9981 
vt 47.0423 -51.9678 
vt 47.0307 -52.0011 
vt 47.0284 -51.9678 
vt 47.04 -52.0011 
vt 47.0413 -51.9642 
vt 47.0321 -52.0033 
vt 47.0294 -51.9642 
vt 47.0386 -52.0033 
vt 47.04 -51.9612 
vt 47.0337 -52.0047 
vt 47.037 -52.0047 
vt 47.0354 -52.0051 
vt 47.0307 -51.9612 
vt 47.0386 -51.959 
vt 47.0321 -51.959 
vt 47.037 -51.9576 
vt 47.0337 -51.9576 
vt 47.0354 -51.9571 
vt 46.9407 -51.9711 
vt 46.9125 -51.9803 
vt 46.9404 -51.9803 
vt 46.9133 -51.9891 
vt 46.9123 -51.9711 
vt 46.9396 -51.9891 
vt 46.9404 -51.9619 
vt 46.9146 -51.9972 
vt 46.9125 -51.9619 
vt 46.9383 -51.9972 
vt 46.9396 -51.9531 
vt 46.9164 -52.0043 
vt 46.9133 -51.9531 
vt 46.9365 -52.0043 
vt 46.9383 -51.9449 
vt 46.9186 -52.0102 
vt 46.9146 -51.9449 
vt 46.9343 -52.0102 
vt 46.9365 -51.9378 
vt 46.921 -52.0145 
vt 46.9164 -51.9378 
vt 46.9319 -52.0145 
vt 46.9343 -51.932 
vt 46.9237 -52.0172 
vt 46.9292 -52.0172 
vt 46.9265 -52.0181 
vt 46.9186 -51.932 
vt 46.9319 -51.9276 
vt 46.921 -51.9276 
vt 46.9292 -51.9249 
vt 46.9237 -51.9249 
vt 46.9265 -51.924 
vt 47.0502 -51.9711 
vt 47.022 -51.9803 
vt 47.0499 -51.9803 
vt 47.0228 -51.9891 
vt 47.0218 -51.9711 
vt 47.0491 -51.9891 
vt 47.0499 -51.9619 
vt 47.0242 -51.9972 
vt 47.022 -51.9619 
vt 47.0478 -51.9972 
vt 47.0491 -51.9531 
vt 47.0259 -52.0043 
vt 47.0228 -51.9531 
vt 47.046 -52.0043 
vt 47.0478 -51.9449 
vt 47.0281 -52.0102 
vt 47.0242 -51.9449 
vt 47.0438 -52.0102 
vt 47.046 -51.9378 
vt 47.0305 -52.0145 
vt 47.0259 -51.9378 
vt 47.0414 -52.0145 
vt 47.0438 -51.932 
vt 47.0332 -52.0172 
vt 47.0387 -52.0172 
vt 47.036 -52.0181 
vt 47.0281 -51.932 
vt 47.0414 -51.9276 
vt 47.0305 -51.9276 
vt 47.0387 -51.9249 
vt 47.0332 -51.9249 
vt 47.036 -51.924 
vt 47.1736 -52.0168 
vt 47.1721 -52.0327 
vt 47.1698 -52.0328 
vt 47.1713 -52.017 
vt 47.1667 -52.0327 
vt 47.1682 -52.0168 
vt 47.163 -52.0322 
vt 47.1645 -52.0164 
vt 47.1588 -52.0315 
vt 47.1603 -52.0157 
vt 47.1542 -52.0306 
vt 47.1557 -52.0147 
vt 47.1494 -52.0294 
vt 47.1788 -52.0507 
vt 47.2534 -52.0243 
vt 47.2534 -52.0302 
vt 47.2534 -52.039 
vt 47.212 -52.039 
vt 47.212 -52.0302 
vt 47.212 -52.0243 
vt 47.1863 -52.039 
vt 47.1843 -52.0548 
vt 47.1605 -52.0335 
vt 47.1863 -52.0302 
vt 47.1605 -52.0302 
vt 47.1863 -52.0254 
vt 47.1989 -52.0335 
vt 47.1605 -52.0254 
vt 47.1989 -52.0302 
vt 47.1388 -52.0335 
vt 47.1989 -52.0254 
vt 47.1388 -52.0302 
vt 47.1388 -52.0254 
vt 46.9195 -51.9944 
vt 46.9182 -51.9764 
vt 47.117 -52.032 
vt 46.984 -52.032 
vt 46.984 -52.0427 
vt 46.8509 -52.0427 
vt 46.8509 -52.0506 
vt 46.7717 -52.0457 
vt 46.984 -52.0506 
vt 47.117 -52.0506 
vt 47.036 -52.0181 
vt 46.7614 -52.02 
vt 46.7857 -52.017 
vt 47.1962 -52.0078 
vt 47.117 -52.0174 
vt 46.984 -52.0174 
vt 46.7717 -52.0078 
vt 46.8509 -52.0174 
vt 46.7717 -52.0108 
vt 46.8509 -52.0254 
vt 46.984 -52.0254 
vt 46.7717 -52.032 
vt 46.8509 -52.032 
vt 46.7717 -52.0377 
vt 46.7823 -52.0337 
vt 47.0228 -51.9889 
vt 47.0281 -51.932 
vt 47.1509 -52.0136 
vt 47.1447 -52.0281 
vt 47.1308 -52.0063 
vt 46.8155 -52.0457 
vt 46.8158 -52.0412 
vt 46.8174 -52.0181 
vt 46.875 -52.0453 
vt 46.8733 -52.0579 
vt 46.813 -52.014 
vt 46.8123 -52.0139 
vt 46.8137 -52.0228 
vt 46.8108 -52.014 
vt 46.8121 -52.0229 
vt 46.8084 -52.0143 
vt 46.8098 -52.0232 
vt 46.8053 -52.0148 
vt 46.8067 -52.0237 
vt 46.8016 -52.0155 
vt 46.803 -52.0244 
vt 46.7975 -52.0163 
vt 46.7988 -52.0253 
vt 46.793 -52.0173 
vt 46.7944 -52.0262 
vt 46.7884 -52.0183 
vt 46.7898 -52.0272 
vt 46.7839 -52.0194 
vt 46.7852 -52.0283 
vt 46.8612 -52.0444 
vt 46.8614 -52.0412 
vt 46.8609 -52.0489 
vt 46.801 -52.0447 
vt 46.8013 -52.0402 
vt 46.8015 -52.0371 
vt 47.1487 -52.0306 
vt 47.1415 -52.0229 
vt 47.1429 -52.0319 
vt 47.1473 -52.0217 
vt 47.1357 -52.0242 
vt 47.1371 -52.0331 
vt 47.1302 -52.0253 
vt 47.1316 -52.0343 
vt 47.1251 -52.0264 
vt 47.1266 -52.0353 
vt 47.1207 -52.0272 
vt 47.1222 -52.0361 
vt 47.1172 -52.0278 
vt 47.1186 -52.0367 
vt 47.116 -52.0371 
vt 47.1145 -52.0282 
vt 47.1144 -52.0372 
vt 47.113 -52.0283 
vt 47.1843 -52.0548 
vt 47.1843 -52.0302 
vt 47.1843 -52.0254 
vt 47.125 -52.0548 
vt 47.125 -52.0302 
vt 47.125 -52.0055 
vt 46.7969 -52.0156 
vt 46.8041 -52.031 
vt 46.8022 -52.015 
vt 46.7989 -52.0316 
vt 46.7914 -52.0163 
vt 46.7933 -52.0323 
vt 46.7857 -52.017 
vt 46.7877 -52.033 
vt 46.7803 -52.0177 
vt 46.7823 -52.0337 
vt 46.7752 -52.0183 
vt 46.7772 -52.0343 
vt 46.7727 -52.0348 
vt 46.7707 -52.0188 
vt 46.7689 -52.0353 
vt 46.767 -52.0193 
vt 46.7661 -52.0356 
vt 46.7641 -52.0196 
vt 46.7419 -52.2827 
vt 46.6898 -52.2532 
vt 46.6898 -52.2535 
vt 46.6578 -52.1861 
vt 46.6624 -52.2122 
vt 46.6681 -52.1605 
vt 46.6578 -52.1865 
vt 46.7161 -52.2293 
vt 46.7419 -52.2831 
vt 46.6681 -52.1608 
vt 46.7941 -52.2929 
vt 46.7205 -52.1845 
vt 46.8055 -52.2281 
vt 46.8659 -52.2917 
vt 46.9212 -52.2687 
vt 46.9432 -52.244 
vt 46.9951 -52.1791 
vt 46.7784 -52.199 
vt 46.9212 -52.1845 
vt 46.9699 -52.1267 
vt 46.8498 -52.1926 
vt 46.8765 -52.1673 
vt 46.82 -52.1564 
vt 46.7545 -52.1391 
vt 46.804 -52.1311 
vt 46.7757 -52.1058 
vt 46.7283 -52.0858 
vt 46.7106 -52.0969 
vt 47.3132 -52.2202 
vt 47.3345 -52.1841 
vt 47.2759 -51.867 
vt 47.2907 -51.8393 
vt 47.2906 -51.8272 
vt 47.2708 -51.8419 
vt 47.263 -51.8527 
vt 47.1696 -51.7449 
vt 47.2838 -52.016 
vt 47.1697 -51.75 
vt 47.104 -51.7465 
vt 46.9928 -51.8038 
vt 46.9928 -51.8038 
vt 47.2725 -52.223 
vt 46.9212 -52.2687 
vt 46.9432 -52.2434 
vt 46.9951 -52.1773 
vt 46.7941 -52.2925 
vt 47.2705 -51.8397 
vt 47.2805 -51.8506 
vt 46.9256 -51.7314 
vt 46.9475 -51.7562 
vt 46.9994 -51.8212 
vt 46.8703 -51.7083 
vt 46.7984 -51.7071 
vt 46.7463 -51.7169 
vt 46.6941 -51.7466 
vt 46.6941 -51.7466 
vt 46.6668 -51.788 
vt 46.6622 -51.8137 
vt 46.8098 -51.7733 
vt 46.7463 -51.7169 
vt 46.7984 -51.7071 
vt 46.8703 -51.7083 
vt 46.9475 -51.7562 
vt 46.9256 -51.7314 
vt 46.9994 -51.8212 
vt 46.9256 -51.8157 
vt 46.9742 -51.875 
vt 46.7248 -51.8157 
vt 46.7827 -51.8011 
vt 46.8809 -51.833 
vt 46.8244 -51.8439 
vt 46.8083 -51.8693 
vt 46.7588 -51.8612 
vt 46.7801 -51.8946 
vt 46.7327 -51.9146 
vt 46.7149 -51.9035 
vt 46.6725 -51.8395 
vt 46.6622 -51.8137 
vt 46.6725 -51.8395 
vt 46.7827 -51.8011 
vt 46.7149 -51.9035 
vt 46.7327 -51.9146 
vt 46.8244 -51.8439 
vt 47.2888 -51.8444 
vt 47.2757 -51.8359 
vt 47.2863 -51.8499 
vt 47.2717 -51.8405 
vt 47.2795 -51.8321 
vt 47.2832 -51.8557 
vt 47.2907 -51.8393 
vt 47.2677 -51.8457 
vt 47.283 -51.8293 
vt 47.2797 -51.8614 
vt 47.2918 -51.8349 
vt 47.2639 -51.8513 
vt 47.2861 -51.8274 
vt 47.2759 -51.867 
vt 47.2922 -51.8313 
vt 47.2604 -51.8571 
vt 47.2887 -51.8267 
vt 47.2918 -51.8287 
vt 47.2906 -51.8272 
vt 47.272 -51.8722 
vt 47.2574 -51.8629 
vt 47.268 -51.8768 
vt 47.2548 -51.8684 
vt 47.2642 -51.8806 
vt 47.253 -51.8734 
vt 47.2606 -51.8835 
vt 47.2519 -51.8778 
vt 47.2575 -51.8853 
vt 47.2515 -51.8814 
vt 47.255 -51.886 
vt 47.2519 -51.884 
vt 47.2531 -51.8856 
vt 46.9241 -52.016 
vt 46.9241 -52.1491 
vt 46.9241 -52.1491 
vt 46.9587 -52.2283 
vt 47.051 -52.2821 
vt 46.9241 -52.016 
vt 47.0141 -52.1491 
vt 47.104 -52.2821 
vt 46.9241 -51.883 
vt 47.0141 -52.016 
vt 47.104 -52.1491 
vt 47.1594 -52.2821 
vt 47.0141 -51.883 
vt 47.0482 -51.75 
vt 47.104 -52.016 
vt 47.1939 -52.1491 
vt 47.2493 -52.2283 
vt 47.2838 -52.1491 
vt 47.104 -51.8488 
vt 47.104 -51.7465 
vt 47.1939 -52.016 
vt 47.2838 -52.016 
vt 47.1939 -51.883 
vt 47.1697 -51.75 
vt 47.2838 -51.883 
vt 47.225 -51.8038 
vt 47.2858 -51.8553 
vt 47.2938 -51.8277 
vt 47.2875 -51.8263 
vt 47.2919 -51.8599 
vt 47.2805 -51.8506 
vt 47.3005 -51.8299 
vt 47.282 -51.8259 
vt 47.2985 -51.8641 
vt 47.2762 -51.8458 
vt 47.3075 -51.8329 
vt 47.2774 -51.8265 
vt 47.3055 -51.8677 
vt 47.2731 -51.8412 
vt 47.3144 -51.8365 
vt 47.2739 -51.8279 
vt 47.3125 -51.8707 
vt 47.2713 -51.837 
vt 47.2717 -51.8302 
vt 47.2708 -51.8333 
vt 47.3211 -51.8407 
vt 47.3192 -51.8729 
vt 47.3272 -51.8452 
vt 47.3255 -51.8743 
vt 47.3324 -51.85 
vt 47.331 -51.8747 
vt 47.3367 -51.8548 
vt 47.3356 -51.8741 
vt 47.3399 -51.8593 
vt 47.3391 -51.8727 
vt 47.3417 -51.8636 
vt 47.3413 -51.8704 
vt 47.3422 -51.8673 
vt 46.9423 -51.9613 
vt 46.9319 -51.9613 
vt 46.9423 -51.964 
vt 46.9319 -51.964 
vt 46.9423 -51.9668 
vt 46.9319 -51.9668 
vt 46.9333 -51.9614 
vt 46.9271 -51.9614 
vt 46.9333 -51.963 
vt 46.9271 -51.963 
vt 46.9333 -51.9646 
vt 46.9271 -51.9646 
vt 46.9333 -51.9663 
vt 46.9271 -51.9663 
vt 46.9271 -51.9679 
vt 46.9333 -51.9679 
vt 46.9271 -51.9693 
vt 47.2778 -52.2386 
vt 47.277 -52.2143 
vt 46.9241 -51.883 
vt 46.9587 -52.2283 
vt 47.3121 -52.1835 
vt 47.3244 -52.2094 
vt 47.329 -52.2038 
vt 47.3057 -52.1869 
vt 47.3181 -52.1811 
vt 47.3191 -52.2149 
vt 47.3325 -52.1983 
vt 47.2992 -52.191 
vt 47.3236 -52.1797 
vt 47.3132 -52.2202 
vt 47.3349 -52.1932 
vt 47.2928 -52.1959 
vt 47.3282 -52.1794 
vt 47.3068 -52.225 
vt 47.336 -52.1888 
vt 47.2869 -52.2011 
vt 47.3319 -52.1802 
vt 47.3359 -52.185 
vt 47.3345 -52.1821 
vt 47.3003 -52.2292 
vt 47.2816 -52.2067 
vt 47.2939 -52.2325 
vt 47.277 -52.2123 
vt 47.2879 -52.235 
vt 47.2735 -52.2177 
vt 47.2824 -52.2363 
vt 47.2711 -52.2228 
vt 47.2778 -52.2366 
vt 47.27 -52.2273 
vt 47.2741 -52.2358 
vt 47.2701 -52.2311 
vt 47.2715 -52.2339 
vt 47.3391 -51.8621 
vt 47.2835 -52.2079 
vt 47.2725 -52.223 
vt 47.2831 -52.2312 
vt 47.2884 -52.2325 
vt 47.286 -52.2323 
vt 47.2902 -52.2318 
vt 47.2798 -52.2292 
vt 47.2762 -52.2265 
vt 47.2914 -52.2248 
vt 47.2913 -52.2303 
vt 47.2917 -52.2279 
vt 47.2903 -52.2211 
vt 47.2886 -52.217 
vt 47.2863 -52.2125 
vt 47.2802 -52.2034 
vt 47.2592 -52.2056 
vt 47.2653 -52.2148 
vt 47.2688 -52.2191 
vt 47.262 -52.2102 
vt 47.2767 -52.199 
vt 47.2552 -52.197 
vt 47.2569 -52.2012 
vt 47.2541 -52.1933 
vt 47.2542 -52.1879 
vt 47.2538 -52.1902 
vt 47.2553 -52.1863 
vt 47.2624 -52.187 
vt 47.2571 -52.1856 
vt 47.2595 -52.1859 
vt 47.2657 -52.1889 
vt 47.2693 -52.1917 
vt 47.273 -52.1951 
vt 46.9423 -52.0708 
vt 46.9319 -52.0708 
vt 46.9423 -52.0735 
vt 46.9319 -52.0735 
vt 46.9423 -52.0763 
vt 46.9319 -52.0763 
vt 46.9333 -52.0703 
vt 46.9271 -52.0703 
vt 46.9333 -52.0719 
vt 46.9271 -52.0719 
vt 46.9333 -52.0735 
vt 46.9271 -52.0735 
vt 46.9333 -52.0752 
vt 46.9271 -52.0752 
vt 46.9271 -52.0768 
vt 46.9333 -52.0768 
vt 47.2581 -52.0343 
vt 47.2059 -52.0391 
vt 47.2581 -52.0398 
vt 47.3102 -52.0281 
vt 47.2581 -52.026 
vt 47.3102 -52.0364 
vt 47.3102 -52.0419 
vt 47.2059 -52.0186 
vt 47.1341 -52.0187 
vt 47.0788 -52.0408 
vt 46.7061 -52.0355 
vt 46.7121 -52.0198 
vt 46.7061 -52.0195 
vt 46.6997 -52.0351 
vt 46.6997 -52.0191 
vt 46.6932 -52.0345 
vt 46.6932 -52.0186 
vt 46.6868 -52.034 
vt 46.6868 -52.018 
vt 46.6809 -52.0333 
vt 46.6809 -52.0173 
vt 46.7368 -52.0264 
vt 46.7168 -52.0293 
vt 46.7093 -52.0259 
vt 46.7102 -52.017 
vt 46.7301 -52.0204 
vt 46.7347 -52.0283 
vt 46.7264 -52.0215 
vt 46.7275 -52.0304 
vt 46.7227 -52.0224 
vt 46.7238 -52.0314 
vt 46.7192 -52.0232 
vt 46.7202 -52.0322 
vt 46.7159 -52.0239 
vt 46.7169 -52.0329 
vt 46.713 -52.0244 
vt 46.714 -52.0334 
vt 46.7106 -52.0247 
vt 46.7116 -52.0337 
vt 46.7088 -52.0249 
vt 46.7098 -52.0338 
vt 47.0788 -52.0408 
vt 47.0788 -52.0353 
vt 47.0788 -52.0297 
vt 47.1341 -52.0337 
vt 47.1341 -52.0187 
vt 47.1341 -52.0392 
vt 47.2059 -52.0186 
vt 47.2059 -52.0336 
vt 46.7295 -52.0157 
vt 46.7238 -52.0306 
vt 46.7195 -52.0294 
vt 47.0684 -51.9972 
vt 47.058 -51.9971 
vt 47.0579 -52.0042 
vt 47.0685 -51.9891 
vt 47.0581 -51.9889 
vt 47.0687 -51.9803 
vt 47.0582 -51.9801 
vt 47.0688 -51.9711 
vt 47.0584 -51.9709 
vt 47.0689 -51.9619 
vt 47.0585 -51.9617 
vt 47.0691 -51.9531 
vt 47.0586 -51.9529 
vt 47.0692 -51.9449 
vt 47.0588 -51.9448 
vt 47.0693 -51.9378 
vt 47.0589 -51.9377 
vt 47.0694 -51.932 
vt 47.0589 -51.9318 
vt 47.0694 -51.9276 
vt 47.059 -51.9275 
vt 47.0695 -51.9249 
vt 47.059 -51.9248 
vt 47.0591 -51.9239 
vt 47.0006 -52.0507 
vt 47.1902 -52.0548 
vt 47.0744 -52.0548 
vt 47.2752 -52.0335 
vt 47.2173 -52.0335 
vt 47.3275 -52.0335 
vt 47.3275 -52.0302 
vt 47.2752 -52.0335 
vt 47.2752 -52.0302 
vt 47.2173 -52.0335 
vt 47.3275 -52.0254 
vt 47.2752 -52.0254 
vt 47.2173 -52.0302 
vt 47.2173 -52.0254 
vt 47.2851 -52.0335 
vt 47.2851 -52.0302 
vt 47.2851 -52.0254 
vt 47.2673 -52.0302 
vt 47.2673 -52.042 
vt 47.2673 -52.0254 
vt 47.2199 -52.042 
vt 47.2199 -52.0302 
vt 47.2199 -52.0254 
vt 47.1917 -52.0254 
vt 47.1917 -52.0302 
vt 47.1917 -52.042 
vt 47.073 -51.9945 
vt 47.0669 -51.9944 
vt 47.0668 -51.998 
vt 47.0731 -51.9903 
vt 47.0669 -51.9902 
vt 47.0732 -51.9858 
vt 47.067 -51.9857 
vt 47.0732 -51.9811 
vt 47.0671 -51.981 
vt 47.0733 -51.9765 
vt 47.0671 -51.9764 
vt 47.0734 -51.972 
vt 47.0672 -51.9719 
vt 47.0734 -51.9678 
vt 47.0673 -51.9677 
vt 47.0735 -51.9642 
vt 47.0673 -51.9641 
vt 47.0735 -51.9612 
vt 47.0674 -51.9611 
vt 47.0736 -51.959 
vt 47.0674 -51.9589 
vt 47.0736 -51.9576 
vt 47.0674 -51.9575 
vt 47.0674 -51.9571 
vt 47.0413 -52.0457 
vt 46.949 -52.0689 
vt 46.896 -52.0689 
vt 46.8406 -52.0689 
vt 47.0577 -52.018 
vt 47.0681 -52.0181 
vt 47.0577 -52.0171 
vt 47.0681 -52.0172 
vt 47.0682 -52.0145 
vt 47.0577 -52.0144 
vt 47.0682 -52.0102 
vt 47.0578 -52.01 
vt 47.0683 -52.0043 
vt 47.0579 -52.0042 
vt 47.0684 -51.9972 
vt 47.0667 -52.0046 
vt 47.0729 -52.0047 
vt 47.0729 -52.0033 
vt 47.0667 -52.0032 
vt 47.0729 -52.0011 
vt 47.0668 -52.001 
vt 47.073 -51.9981 
vt 47.0668 -51.998 
vt 47.073 -51.9945 
vt 46.7222 -52.02 
vt 46.723 -52.017 
vt 46.8406 -51.9978 
vt 46.896 -51.9978 
vt 46.949 -51.9978 
vt 47.0072 -52.0078 
vt 47.0413 -52.0078 
vt 47.0413 -52.0108 
vt 46.949 -52.0057 
vt 46.949 -51.9978 
vt 47.0413 -52.032 
vt 46.949 -52.032 
vt 46.896 -52.0057 
vt 46.896 -51.9978 
vt 46.896 -52.032 
vt 46.949 -52.0597 
vt 47.0413 -52.0377 
vt 46.949 -52.0689 
vt 46.896 -52.0689 
vt 46.896 -52.0597 
vt 46.8406 -52.0689 
vt 46.8406 -52.0597 
vt 46.7507 -52.0457 
vt 46.7507 -52.0377 
vt 46.8406 -52.032 
vt 46.7507 -52.032 
vt 46.7507 -52.0108 
vt 46.8406 -52.0057 
vt 46.7507 -52.0078 
vt 46.8406 -51.9978 
vt 46.7265 -52.0337 
vt 47.058 -51.9971 
vt 47.0685 -51.9891 
vt 47.0581 -51.9889 
vt 47.0687 -51.9803 
vt 47.0582 -51.9801 
vt 47.0688 -51.9711 
vt 47.0584 -51.9709 
vt 47.0689 -51.9619 
vt 47.0585 -51.9617 
vt 47.0691 -51.9531 
vt 47.0586 -51.9529 
vt 47.0692 -51.9449 
vt 47.0588 -51.9448 
vt 47.0693 -51.9378 
vt 47.0589 -51.9377 
vt 47.0694 -51.932 
vt 47.0589 -51.9318 
vt 47.0694 -51.9276 
vt 47.059 -51.9275 
vt 47.0695 -51.9249 
vt 47.059 -51.9248 
vt 47.0591 -51.9239 
vt 47.1902 -52.0055 
vt 47.0669 -51.9944 
vt 47.0731 -51.9903 
vt 47.0669 -51.9902 
vt 47.0732 -51.9858 
vt 47.067 -51.9857 
vt 47.0732 -51.9811 
vt 47.0671 -51.981 
vt 47.0733 -51.9765 
vt 47.0671 -51.9764 
vt 47.0734 -51.972 
vt 47.0672 -51.9719 
vt 47.0734 -51.9678 
vt 47.0673 -51.9677 
vt 47.0735 -51.9642 
vt 47.0673 -51.9641 
vt 47.0735 -51.9612 
vt 47.0674 -51.9611 
vt 47.0736 -51.959 
vt 47.0674 -51.9589 
vt 47.0674 -51.9575 
vt 47.0736 -51.9571 
vt 47.0674 -51.9571 
vt 46.6609 -52.0022 
vt 47.0577 -52.018 
vt 47.0681 -52.0181 
vt 47.0577 -52.0171 
vt 47.0681 -52.0172 
vt 47.0682 -52.0145 
vt 47.0577 -52.0144 
vt 47.0682 -52.0102 
vt 47.0578 -52.01 
vt 47.0683 -52.0043 
vt 47.0667 -52.005 
vt 47.0729 -52.0051 
vt 47.0667 -52.0046 
vt 47.0729 -52.0047 
vt 47.0729 -52.0033 
vt 47.0667 -52.0032 
vt 47.0729 -52.0011 
vt 47.0668 -52.001 
vt 47.073 -51.9981 
vt 46.7221 -52.0136 
vt 46.7142 -52.0281 
vt 46.7168 -52.0122 
vt 46.7081 -52.0266 
vt 46.7107 -52.0108 
vt 46.7015 -52.0251 
vt 46.7041 -52.0093 
vt 46.6945 -52.0236 
vt 46.6972 -52.0078 
vt 46.6875 -52.0222 
vt 46.6902 -52.0063 
vt 46.6808 -52.0208 
vt 46.6834 -52.005 
vt 46.6745 -52.0197 
vt 46.6772 -52.0038 
vt 46.669 -52.0187 
vt 46.6716 -52.0029 
vt 46.6644 -52.018 
vt 46.667 -52.0022 
vt 46.6609 -52.0176 
vt 46.6636 -52.0017 
vt 46.6613 -52.0016 
vt 46.6578 -52.0176 
vt 47.2894 -52.0442 
vt 47.2455 -52.0444 
vt 47.2894 -52.0473 
vt 47.2455 -52.0412 
vt 47.2455 -52.0489 
vt 47.2894 -52.0518 
vt 46.7469 -52.0372 
vt 46.7478 -52.0283 
vt 46.745 -52.0371 
vt 46.7459 -52.0282 
vt 46.7425 -52.0367 
vt 46.7434 -52.0278 
vt 46.7394 -52.0361 
vt 46.7403 -52.0272 
vt 46.7358 -52.0353 
vt 47.1191 -52.0302 
vt 47.1756 -52.0254 
vt 47.1191 -52.0254 
vt 47.1756 -52.0302 
vt 47.1756 -52.0394 
vt 47.1191 -52.0548 
vt 47.0744 -52.0548 
vt 47.0744 -52.0302 
vt 47.0744 -52.0254 
vt 46.7299 -52.0353 
vt 46.7299 -52.0193 
vt 46.7285 -52.0356 
vt 46.7285 -52.0196 
vt 46.7259 -52.0359 
vt 46.7259 -52.0199 
vt 46.7222 -52.036 
vt 46.7222 -52.02 
vt 46.7176 -52.0359 
vt 46.7176 -52.0199 
vt 46.7121 -52.0358 

usemtl Body1Mtl

f 311/311/311 312/312/312 310/310/310 
f 312/312/312 311/311/311 313/313/313 
f 313/313/313 314/314/314 312/312/312 
f 314/314/314 313/313/313 315/315/315 
f 315/315/315 316/316/316 314/314/314 
f 316/316/316 315/315/315 317/317/317 
f 317/317/317 318/318/318 316/316/316 
f 318/318/318 317/317/317 319/319/319 
f 320/320/320 318/318/318 319/319/319 
f 318/318/318 320/320/320 321/321/321 
f 322/322/322 321/321/321 320/320/320 
f 321/321/321 322/322/322 323/323/323 
f 324/324/324 323/323/323 322/322/322 
f 324/324/324 325/325/325 323/323/323 
f 327/327/327 328/328/328 329/329/329 
f 329/329/329 330/330/330 327/327/327 
f 330/330/330 329/329/329 331/331/331 
f 331/331/331 332/332/332 330/330/330 
f 332/332/332 331/331/331 333/333/333 
f 333/333/333 334/334/334 332/332/332 
f 334/334/334 333/333/333 335/335/335 
f 335/335/335 336/336/336 334/334/334 
f 336/336/336 335/335/335 337/337/337 
f 337/337/337 338/338/338 336/336/336 
f 338/338/338 337/337/337 339/339/339 
f 339/339/339 340/340/340 338/338/338 
f 340/340/340 339/339/339 341/341/341 
f 341/341/341 342/342/342 340/340/340 
f 342/342/342 341/341/341 343/343/343 
f 343/343/343 344/344/344 342/342/342 
f 344/344/344 343/343/343 345/345/345 
f 345/345/345 346/346/346 344/344/344 
f 346/346/346 345/345/345 347/347/347 
f 348/348/348 346/346/346 347/347/347 
f 346/346/346 348/348/348 349/349/349 
f 350/350/350 349/349/349 348/348/348 
f 350/350/350 351/351/351 349/349/349 
f 352/352/352 353/353/353 354/354/354 
f 353/353/353 355/355/355 354/354/354 
f 354/354/354 356/356/356 352/352/352 
f 353/353/353 357/357/357 355/355/355 
f 355/355/355 357/357/357 358/358/358 
f 357/357/357 359/359/359 358/358/358 
f 358/358/358 359/359/359 360/360/360 
f 359/359/359 361/361/361 360/360/360 
f 360/360/360 361/361/361 362/362/362 
f 359/359/359 363/363/363 361/361/361 
f 364/364/364 363/363/363 359/359/359 
f 357/357/357 364/364/364 359/359/359 
f 364/364/364 365/365/365 363/363/363 
f 353/353/353 366/366/366 357/357/357 
f 366/366/366 364/364/364 357/357/357 
f 367/367/367 365/365/365 364/364/364 
f 366/366/366 367/367/367 364/364/364 
f 367/367/367 368/368/368 365/365/365 
f 369/369/369 368/368/368 367/367/367 
f 370/370/370 369/369/369 367/367/367 
f 370/370/370 367/367/367 366/366/366 
f 371/371/371 369/369/369 370/370/370 
f 372/372/372 366/366/366 353/353/353 
f 372/372/372 370/370/370 366/366/366 
f 352/352/352 372/372/372 353/353/353 
f 373/373/373 371/371/371 370/370/370 
f 373/373/373 370/370/370 372/372/372 
f 374/374/374 371/371/371 373/373/373 
f 352/352/352 375/375/375 372/372/372 
f 373/373/373 372/372/372 375/375/375 
f 374/374/374 373/373/373 376/376/376 
f 376/376/376 373/373/373 375/375/375 
f 377/377/377 374/374/374 376/376/376 
f 375/375/375 352/352/352 378/378/378 
f 378/378/378 352/352/352 356/356/356 
f 384/384/384 383/383/383 382/382/382 
f 383/383/383 384/384/384 385/385/385 
f 386/386/386 385/385/385 384/384/384 
f 385/385/385 386/386/386 387/387/387 
f 388/388/388 387/387/387 386/386/386 
f 387/387/387 388/388/388 389/389/389 
f 390/390/390 389/389/389 388/388/388 
f 389/389/389 390/390/390 391/391/391 
f 392/392/392 391/391/391 390/390/390 
f 393/393/393 394/394/394 395/395/395 
f 395/395/395 396/396/396 393/393/393 
f 397/397/397 393/393/393 396/396/396 
f 398/398/398 395/395/395 394/394/394 
f 395/395/395 398/398/398 399/399/399 
f 399/399/399 396/396/396 395/395/395 
f 396/396/396 399/399/399 400/400/400 
f 401/401/401 399/399/399 398/398/398 
f 400/400/400 402/402/402 396/396/396 
f 405/405/405 406/406/406 407/407/407 
f 406/406/406 408/408/408 407/407/407 
f 406/406/406 405/405/405 409/409/409 
f 410/410/410 409/409/409 405/405/405 
f 411/411/411 406/406/406 409/409/409 
f 416/416/416 415/415/415 414/414/414 
f 415/415/415 416/416/416 418/418/418 
f 418/418/418 417/417/417 415/415/415 
f 417/417/417 418/418/418 419/419/419 
f 428/428/428 426/426/426 427/427/427 
f 426/426/426 428/428/428 429/429/429 
f 430/430/430 429/429/429 428/428/428 
f 430/430/430 431/431/431 429/429/429 
f 431/431/431 430/430/430 432/432/432 
f 432/432/432 433/433/433 431/431/431 
f 433/433/433 432/432/432 434/434/434 
f 434/434/434 435/435/435 433/433/433 
f 435/435/435 434/434/434 436/436/436 
f 436/436/436 437/437/437 435/435/435 
f 437/437/437 436/436/436 438/438/438 
f 438/438/438 439/439/439 437/437/437 
f 444/444/444 445/445/445 446/446/446 
f 445/445/445 444/444/444 447/447/447 
f 444/444/444 446/446/446 448/448/448 
f 445/445/445 447/447/447 449/449/449 
f 450/450/450 448/448/448 446/446/446 
f 451/451/451 449/449/449 447/447/447 
f 448/448/448 450/450/450 452/452/452 
f 451/451/451 453/453/453 449/449/449 
f 454/454/454 452/452/452 450/450/450 
f 453/453/453 451/451/451 455/455/455 
f 452/452/452 454/454/454 456/456/456 
f 453/453/453 455/455/455 457/457/457 
f 458/458/458 456/456/456 454/454/454 
f 459/459/459 457/457/457 455/455/455 
f 456/456/456 458/458/458 460/460/460 
f 460/460/460 458/458/458 461/461/461 
f 460/460/460 461/461/461 462/462/462 
f 459/459/459 463/463/463 457/457/457 
f 463/463/463 459/459/459 464/464/464 
f 463/463/463 464/464/464 465/465/465 
f 466/466/466 465/465/465 464/464/464 
f 465/465/465 466/466/466 467/467/467 
f 468/468/468 467/467/467 466/466/466 
f 467/467/467 468/468/468 469/469/469 
f 470/470/470 469/469/469 468/468/468 
f 469/469/469 470/470/470 471/471/471 
f 470/470/470 472/472/472 471/471/471 
f 472/472/472 473/473/473 471/471/471 
f 473/473/473 472/472/472 474/474/474 
f 473/473/473 474/474/474 475/475/475 
f 476/476/476 477/477/477 478/478/478 
f 477/477/477 476/476/476 479/479/479 
f 476/476/476 478/478/478 480/480/480 
f 477/477/477 479/479/479 481/481/481 
f 482/482/482 480/480/480 478/478/478 
f 483/483/483 481/481/481 479/479/479 
f 480/480/480 482/482/482 484/484/484 
f 483/483/483 485/485/485 481/481/481 
f 486/486/486 484/484/484 482/482/482 
f 485/485/485 483/483/483 487/487/487 
f 484/484/484 486/486/486 488/488/488 
f 485/485/485 487/487/487 489/489/489 
f 490/490/490 488/488/488 486/486/486 
f 491/491/491 489/489/489 487/487/487 
f 488/488/488 490/490/490 492/492/492 
f 492/492/492 490/490/490 493/493/493 
f 492/492/492 493/493/493 494/494/494 
f 491/491/491 495/495/495 489/489/489 
f 495/495/495 491/491/491 496/496/496 
f 495/495/495 496/496/496 497/497/497 
f 498/498/498 497/497/497 496/496/496 
f 497/497/497 498/498/498 499/499/499 
f 500/500/500 499/499/499 498/498/498 
f 499/499/499 500/500/500 501/501/501 
f 502/502/502 501/501/501 500/500/500 
f 501/501/501 502/502/502 503/503/503 
f 502/502/502 504/504/504 503/503/503 
f 504/504/504 505/505/505 503/503/503 
f 505/505/505 504/504/504 506/506/506 
f 505/505/505 506/506/506 507/507/507 
f 508/508/508 509/509/509 510/510/510 
f 510/510/510 509/509/509 511/511/511 
f 509/509/509 508/508/508 512/512/512 
f 510/510/510 511/511/511 513/513/513 
f 514/514/514 512/512/512 508/508/508 
f 515/515/515 513/513/513 511/511/511 
f 512/512/512 514/514/514 516/516/516 
f 513/513/513 515/515/515 517/517/517 
f 518/518/518 516/516/516 514/514/514 
f 517/517/517 515/515/515 519/519/519 
f 516/516/516 518/518/518 520/520/520 
f 517/517/517 519/519/519 521/521/521 
f 522/522/522 520/520/520 518/518/518 
f 523/523/523 521/521/521 519/519/519 
f 520/520/520 522/522/522 524/524/524 
f 524/524/524 522/522/522 525/525/525 
f 524/524/524 525/525/525 526/526/526 
f 523/523/523 527/527/527 521/521/521 
f 528/528/528 527/527/527 523/523/523 
f 527/527/527 528/528/528 529/529/529 
f 530/530/530 529/529/529 528/528/528 
f 529/529/529 530/530/530 531/531/531 
f 532/532/532 531/531/531 530/530/530 
f 531/531/531 532/532/532 533/533/533 
f 534/534/534 533/533/533 532/532/532 
f 533/533/533 534/534/534 535/535/535 
f 534/534/534 536/536/536 535/535/535 
f 536/536/536 537/537/537 535/535/535 
f 538/538/538 537/537/537 536/536/536 
f 537/537/537 538/538/538 539/539/539 
f 540/540/540 541/541/541 542/542/542 
f 542/542/542 541/541/541 543/543/543 
f 541/541/541 540/540/540 544/544/544 
f 542/542/542 543/543/543 545/545/545 
f 546/546/546 544/544/544 540/540/540 
f 547/547/547 545/545/545 543/543/543 
f 544/544/544 546/546/546 548/548/548 
f 545/545/545 547/547/547 549/549/549 
f 550/550/550 548/548/548 546/546/546 
f 549/549/549 547/547/547 551/551/551 
f 548/548/548 550/550/550 552/552/552 
f 549/549/549 551/551/551 553/553/553 
f 554/554/554 552/552/552 550/550/550 
f 555/555/555 553/553/553 551/551/551 
f 552/552/552 554/554/554 556/556/556 
f 556/556/556 554/554/554 557/557/557 
f 556/556/556 557/557/557 558/558/558 
f 555/555/555 559/559/559 553/553/553 
f 560/560/560 559/559/559 555/555/555 
f 559/559/559 560/560/560 561/561/561 
f 562/562/562 561/561/561 560/560/560 
f 561/561/561 562/562/562 563/563/563 
f 564/564/564 563/563/563 562/562/562 
f 563/563/563 564/564/564 565/565/565 
f 566/566/566 565/565/565 564/564/564 
f 565/565/565 566/566/566 567/567/567 
f 566/566/566 568/568/568 567/567/567 
f 568/568/568 569/569/569 567/567/567 
f 570/570/570 569/569/569 568/568/568 
f 569/569/569 570/570/570 571/571/571 
f 402/402/402 573/573/573 396/396/396 
f 574/574/574 397/397/397 573/573/573 
f 396/396/396 573/573/573 397/397/397 
f 391/391/391 392/392/392 575/575/575 
f 576/576/576 575/575/575 392/392/392 
f 575/575/575 576/576/576 577/577/577 
f 578/578/578 577/577/577 576/576/576 
f 577/577/577 578/578/578 579/579/579 
f 580/580/580 579/579/579 578/578/578 
f 579/579/579 580/580/580 581/581/581 
f 582/582/582 581/581/581 580/580/580 
f 581/581/581 582/582/582 583/583/583 
f 584/584/584 583/583/583 582/582/582 
f 583/583/583 584/584/584 585/585/585 
f 589/589/589 591/591/591 590/590/590 
f 593/593/593 590/590/590 591/591/591 
f 592/592/592 590/590/590 593/593/593 
f 594/594/594 592/592/592 593/593/593 
f 328/328/328 327/327/327 597/597/597 
f 599/599/599 600/600/600 601/601/601 
f 602/602/602 598/598/598 599/599/599 
f 599/599/599 601/601/601 602/602/602 
f 598/598/598 602/602/602 411/411/411 
f 601/601/601 408/408/408 602/602/602 
f 411/411/411 602/602/602 406/406/406 
f 406/406/406 602/602/602 408/408/408 
f 607/607/607 608/608/608 604/604/604 
f 609/609/609 608/608/608 607/607/607 
f 608/608/608 609/609/609 610/610/610 
f 611/611/611 610/610/610 609/609/609 
f 609/609/609 612/612/612 611/611/611 
f 609/609/609 613/613/613 612/612/612 
f 609/609/609 614/614/614 613/613/613 
f 614/614/614 609/609/609 615/615/615 
f 615/615/615 616/616/616 614/614/614 
f 617/617/617 609/609/609 607/607/607 
f 609/609/609 618/618/618 615/615/615 
f 615/615/615 618/618/618 619/619/619 
f 618/618/618 620/620/620 619/619/619 
f 621/621/621 620/620/620 618/618/618 
f 617/617/617 607/607/607 622/622/622 
f 623/623/623 620/620/620 621/621/621 
f 620/620/620 623/623/623 624/624/624 
f 621/621/621 625/625/625 623/623/623 
f 625/625/625 621/621/621 626/626/626 
f 622/622/622 627/627/627 617/617/617 
f 652/652/652 651/651/651 653/653/653 
f 653/653/653 654/654/654 652/652/652 
f 655/655/655 654/654/654 653/653/653 
f 654/654/654 655/655/655 656/656/656 
f 666/666/666 670/670/670 669/669/669 
f 666/666/666 671/671/671 670/670/670 
f 679/679/679 678/678/678 680/680/680 
f 680/680/680 681/681/681 679/679/679 
f 681/681/681 680/680/680 682/682/682 
f 682/682/682 683/683/683 681/681/681 
f 684/684/684 683/683/683 682/682/682 
f 683/683/683 684/684/684 685/685/685 
f 684/684/684 686/686/686 685/685/685 
f 686/686/686 684/684/684 687/687/687 
f 692/692/692 693/693/693 694/694/694 
f 692/692/692 694/694/694 695/695/695 
f 693/693/693 696/696/696 697/697/697 
f 693/693/693 698/698/698 696/696/696 
f 693/693/693 699/699/699 698/698/698 
f 699/699/699 700/700/700 698/698/698 
f 700/700/700 699/699/699 701/701/701 
f 693/693/693 702/702/702 699/699/699 
f 692/692/692 702/702/702 693/693/693 
f 699/699/699 702/702/702 703/703/703 
f 703/703/703 702/702/702 704/704/704 
f 704/704/704 702/702/702 705/705/705 
f 702/702/702 692/692/692 706/706/706 
f 706/706/706 692/692/692 707/707/707 
f 708/708/708 692/692/692 709/709/709 
f 692/692/692 708/708/708 707/707/707 
f 707/707/707 708/708/708 710/710/710 
f 706/706/706 707/707/707 711/711/711 
f 712/712/712 707/707/707 713/713/713 
f 714/714/714 707/707/707 712/712/712 
f 714/714/714 711/711/711 707/707/707 
f 711/711/711 715/715/715 716/716/716 
f 711/711/711 717/717/717 715/715/715 
f 711/711/711 718/718/718 717/717/717 
f 711/711/711 714/714/714 718/718/718 
f 719/719/719 714/714/714 720/720/720 
f 721/721/721 714/714/714 719/719/719 
f 721/721/721 718/718/718 714/714/714 
f 718/718/718 721/721/721 722/722/722 
f 718/718/718 722/722/722 723/723/723 
f 724/724/724 725/725/725 726/726/726 
f 727/727/727 725/725/725 724/724/724 
f 725/725/725 727/727/727 728/728/728 
f 729/729/729 728/728/728 727/727/727 
f 728/728/728 729/729/729 730/730/730 
f 731/731/731 730/730/730 729/729/729 
f 730/730/730 731/731/731 732/732/732 
f 732/732/732 731/731/731 733/733/733 
f 732/732/732 733/733/733 734/734/734 
f 735/735/735 734/734/734 733/733/733 
f 734/734/734 735/735/735 736/736/736 
f 736/736/736 735/735/735 737/737/737 
f 736/736/736 737/737/737 738/738/738 
f 739/739/739 738/738/738 737/737/737 
f 738/738/738 739/739/739 740/740/740 
f 741/741/741 740/740/740 739/739/739 
f 740/740/740 741/741/741 742/742/742 
f 743/743/743 742/742/742 741/741/741 
f 742/742/742 743/743/743 744/744/744 
f 745/745/745 744/744/744 743/743/743 
f 745/745/745 746/746/746 744/744/744 
f 747/747/747 746/746/746 745/745/745 
f 746/746/746 747/747/747 748/748/748 
f 749/749/749 748/748/748 747/747/747 
f 748/748/748 749/749/749 750/750/750 
f 751/751/751 750/750/750 749/749/749 
f 750/750/750 751/751/751 752/752/752 
f 753/753/753 752/752/752 751/751/751 
f 752/752/752 753/753/753 754/754/754 
f 753/753/753 755/755/755 754/754/754 
f 756/756/756 757/757/757 758/758/758 
f 759/759/759 758/758/758 757/757/757 
f 760/760/760 756/756/756 758/758/758 
f 761/761/761 756/756/756 760/760/760 
f 758/758/758 759/759/759 762/762/762 
f 762/762/762 759/759/759 763/763/763 
f 764/764/764 761/761/761 760/760/760 
f 765/765/765 761/761/761 764/764/764 
f 764/764/764 766/766/766 765/765/765 
f 766/766/766 764/764/764 767/767/767 
f 767/767/767 764/764/764 768/768/768 
f 762/762/762 763/763/763 769/769/769 
f 769/769/769 763/763/763 770/770/770 
f 771/771/771 768/768/768 764/764/764 
f 764/764/764 760/760/760 771/771/771 
f 768/768/768 771/771/771 772/772/772 
f 760/760/760 758/758/758 773/773/773 
f 762/762/762 773/773/773 758/758/758 
f 773/773/773 771/771/771 760/760/760 
f 774/774/774 772/772/772 771/771/771 
f 771/771/771 773/773/773 774/774/774 
f 772/772/772 774/774/774 775/775/775 
f 773/773/773 762/762/762 776/776/776 
f 776/776/776 774/774/774 773/773/773 
f 769/769/769 776/776/776 762/762/762 
f 775/775/775 774/774/774 777/777/777 
f 774/774/774 776/776/776 777/777/777 
f 776/776/776 769/769/769 778/778/778 
f 777/777/777 776/776/776 778/778/778 
f 779/779/779 769/769/769 770/770/770 
f 769/769/769 779/779/779 780/780/780 
f 778/778/778 769/769/769 780/780/780 
f 785/785/785 784/784/784 786/786/786 
f 786/786/786 787/787/787 785/785/785 
f 788/788/788 787/787/787 786/786/786 
f 787/787/787 788/788/788 789/789/789 
f 790/790/790 791/791/791 792/792/792 
f 791/791/791 790/790/790 793/793/793 
f 793/793/793 794/794/794 791/791/791 
f 792/792/792 795/795/795 790/790/790 
f 795/795/795 796/796/796 790/790/790 
f 797/797/797 791/791/791 794/794/794 
f 797/797/797 792/792/792 791/791/791 
f 798/798/798 797/797/797 794/794/794 
f 798/798/798 799/799/799 797/797/797 
f 799/799/799 798/798/798 800/800/800 
f 801/801/801 799/799/799 800/800/800 
f 799/799/799 801/801/801 802/802/802 
f 803/803/803 795/795/795 792/792/792 
f 795/795/795 803/803/803 804/804/804 
f 804/804/804 803/803/803 805/805/805 
f 806/806/806 803/803/803 792/792/792 
f 807/807/807 806/806/806 792/792/792 
f 808/808/808 807/807/807 792/792/792 
f 808/808/808 792/792/792 797/797/797 
f 807/807/807 808/808/808 664/664/664 
f 808/808/808 797/797/797 671/671/671 
f 666/666/666 664/664/664 808/808/808 
f 671/671/671 666/666/666 808/808/808 
f 810/810/810 809/809/809 811/811/811 
f 811/811/811 812/812/812 810/810/810 
f 812/812/812 811/811/811 813/813/813 
f 813/813/813 814/814/814 812/812/812 
f 815/815/815 814/814/814 813/813/813 
f 814/814/814 815/815/815 816/816/816 
f 815/815/815 817/817/817 816/816/816 
f 817/817/817 815/815/815 818/818/818 
f 820/820/820 821/821/821 822/822/822 
f 823/823/823 822/822/822 821/821/821 
f 821/821/821 820/820/820 824/824/824 
f 822/822/822 823/823/823 825/825/825 
f 826/826/826 824/824/824 820/820/820 
f 825/825/825 823/823/823 827/827/827 
f 824/824/824 826/826/826 828/828/828 
f 825/825/825 827/827/827 829/829/829 
f 830/830/830 828/828/828 826/826/826 
f 831/831/831 829/829/829 827/827/827 
f 828/828/828 830/830/830 832/832/832 
f 829/829/829 831/831/831 833/833/833 
f 832/832/832 830/830/830 834/834/834 
f 834/834/834 835/835/835 832/832/832 
f 835/835/835 834/834/834 836/836/836 
f 837/837/837 833/833/833 831/831/831 
f 837/837/837 838/838/838 833/833/833 
f 839/839/839 838/838/838 837/837/837 
f 838/838/838 839/839/839 840/840/840 
f 841/841/841 840/840/840 839/839/839 
f 841/841/841 842/842/842 840/840/840 
f 843/843/843 842/842/842 841/841/841 
f 842/842/842 843/843/843 844/844/844 
f 845/845/845 844/844/844 843/843/843 
f 844/844/844 845/845/845 846/846/846 
f 847/847/847 846/846/846 845/845/845 
f 846/846/846 847/847/847 848/848/848 
f 849/849/849 848/848/848 847/847/847 
f 848/848/848 849/849/849 850/850/850 
f 850/850/850 849/849/849 851/851/851 
f 852/852/852 853/853/853 854/854/854 
f 855/855/855 853/853/853 852/852/852 
f 853/853/853 855/855/855 856/856/856 
f 857/857/857 856/856/856 855/855/855 
f 856/856/856 857/857/857 858/858/858 
f 859/859/859 858/858/858 857/857/857 
f 859/859/859 860/860/860 858/858/858 
f 860/860/860 859/859/859 861/861/861 
f 860/860/860 861/861/861 862/862/862 
f 863/863/863 862/862/862 861/861/861 
f 863/863/863 864/864/864 862/862/862 
f 864/864/864 863/863/863 865/865/865 
f 864/864/864 865/865/865 866/866/866 
f 867/867/867 866/866/866 865/865/865 
f 866/866/866 867/867/867 868/868/868 
f 869/869/869 868/868/868 867/867/867 
f 868/868/868 869/869/869 870/870/870 
f 871/871/871 870/870/870 869/869/869 
f 870/870/870 871/871/871 872/872/872 
f 873/873/873 872/872/872 871/871/871 
f 873/873/873 874/874/874 872/872/872 
f 874/874/874 873/873/873 875/875/875 
f 874/874/874 875/875/875 876/876/876 
f 877/877/877 876/876/876 875/875/875 
f 876/876/876 877/877/877 878/878/878 
f 879/879/879 878/878/878 877/877/877 
f 878/878/878 879/879/879 880/880/880 
f 881/881/881 880/880/880 879/879/879 
f 880/880/880 881/881/881 882/882/882 
f 882/882/882 881/881/881 883/883/883 
f 884/884/884 886/886/886 887/887/887 
f 891/891/891 892/892/892 890/890/890 
f 898/898/898 897/897/897 896/896/896 
f 898/898/898 899/899/899 897/897/897 
f 900/900/900 899/899/899 898/898/898 
f 900/900/900 901/901/901 899/899/899 
f 902/902/902 901/901/901 900/900/900 
f 901/901/901 902/902/902 903/903/903 
f 904/904/904 903/903/903 902/902/902 
f 903/903/903 904/904/904 905/905/905 
f 906/906/906 905/905/905 904/904/904 
f 905/905/905 906/906/906 907/907/907 
f 908/908/908 907/907/907 906/906/906 
f 907/907/907 908/908/908 909/909/909 
f 910/910/910 909/909/909 908/908/908 
f 909/909/909 910/910/910 911/911/911 
f 912/912/912 911/911/911 910/910/910 
f 911/911/911 912/912/912 913/913/913 
f 917/917/917 916/916/916 915/915/915 
f 917/917/917 918/918/918 916/916/916 
f 919/919/919 918/918/918 917/917/917 
f 919/919/919 920/920/920 918/918/918 
f 921/921/921 920/920/920 919/919/919 
f 921/921/921 922/922/922 920/920/920 
f 923/923/923 922/922/922 921/921/921 
f 923/923/923 924/924/924 922/922/922 
f 934/934/934 933/933/933 929/929/929 
f 933/933/933 935/935/935 930/930/930 
f 930/930/930 935/935/935 931/931/931 
f 933/933/933 934/934/934 936/936/936 
f 936/936/936 935/935/935 933/933/933 
f 937/937/937 936/936/936 934/934/934 
f 931/931/931 938/938/938 932/932/932 
f 938/938/938 931/931/931 935/935/935 
f 939/939/939 932/932/932 938/938/938 
f 935/935/935 936/936/936 940/940/940 
f 940/940/940 938/938/938 935/935/935 
f 936/936/936 937/937/937 941/941/941 
f 941/941/941 940/940/940 936/936/936 
f 942/942/942 939/939/939 938/938/938 
f 938/938/938 940/940/940 942/942/942 
f 943/943/943 939/939/939 942/942/942 
f 940/940/940 941/941/941 945/945/945 
f 945/945/945 942/942/942 940/940/940 
f 941/941/941 944/944/944 945/945/945 
f 946/946/946 943/943/943 942/942/942 
f 942/942/942 945/945/945 946/946/946 
f 943/943/943 946/946/946 947/947/947 
f 946/946/946 948/948/948 947/947/947 
f 945/945/945 949/949/949 946/946/946 
f 949/949/949 945/945/945 944/944/944 
f 948/948/948 946/946/946 949/949/949 
f 950/950/950 951/951/951 952/952/952 
f 952/952/952 953/953/953 950/950/950 
f 951/951/951 950/950/950 954/954/954 
f 954/954/954 955/955/955 951/951/951 
f 955/955/955 954/954/954 956/956/956 
f 956/956/956 957/957/957 955/955/955 
f 957/957/957 956/956/956 958/958/958 
f 958/958/958 959/959/959 957/957/957 
f 960/960/960 959/959/959 958/958/958 
f 960/960/960 961/961/961 959/959/959 
f 962/962/962 961/961/961 960/960/960 
f 962/962/962 963/963/963 961/961/961 
f 964/964/964 963/963/963 962/962/962 
f 964/964/964 965/965/965 963/963/963 
f 970/970/970 972/972/972 971/971/971 
f 972/972/972 970/970/970 973/973/973 
f 973/973/973 974/974/974 972/972/972 
f 974/974/974 973/973/973 975/975/975 
f 975/975/975 976/976/976 974/974/974 
f 976/976/976 975/975/975 977/977/977 
f 977/977/977 978/978/978 976/976/976 
f 978/978/978 977/977/977 979/979/979 
f 979/979/979 980/980/980 978/978/978 
f 980/980/980 979/979/979 981/981/981 
f 981/981/981 982/982/982 980/980/980 
f 982/982/982 981/981/981 983/983/983 
f 983/983/983 984/984/984 982/982/982 
f 984/984/984 983/983/983 985/985/985 
f 986/986/986 987/987/987 988/988/988 
f 992/992/992 990/990/990 986/986/986 
f 992/992/992 986/986/986 988/988/988 
f 993/993/993 990/990/990 992/992/992 
f 994/994/994 992/992/992 988/988/988 
f 995/995/995 993/993/993 992/992/992 
f 995/995/995 992/992/992 994/994/994 
f 993/993/993 995/995/995 996/996/996 
f 997/997/997 995/995/995 994/994/994 
f 998/998/998 996/996/996 995/995/995 
f 995/995/995 997/997/997 998/998/998 
f 996/996/996 998/998/998 999/999/999 
f 1000/1000/1000 998/998/998 997/997/997 
f 1001/1001/1001 999/999/999 998/998/998 
f 998/998/998 1000/1000/1000 1001/1001/1001 
f 999/999/999 1001/1001/1001 1002/1002/1002 
f 1005/1005/1005 1006/1006/1006 1004/1004/1004 
f 1007/1007/1007 1008/1008/1008 1005/1005/1005 
f 1006/1006/1006 1005/1005/1005 1008/1008/1008 
f 1008/1008/1008 1007/1007/1007 1009/1009/1009 
f 1013/1013/1013 1014/1014/1014 1012/1012/1012 
f 1014/1014/1014 1013/1013/1013 1015/1015/1015 
f 1015/1015/1015 1016/1016/1016 1014/1014/1014 
f 1016/1016/1016 1015/1015/1015 1017/1017/1017 
f 1017/1017/1017 1018/1018/1018 1016/1016/1016 
f 1018/1018/1018 1017/1017/1017 1019/1019/1019 
f 1019/1019/1019 1020/1020/1020 1018/1018/1018 
f 1020/1020/1020 1019/1019/1019 1021/1021/1021 
f 1021/1021/1021 1022/1022/1022 1020/1020/1020 
f 1022/1022/1022 1021/1021/1021 1023/1023/1023 
f 1023/1023/1023 1024/1024/1024 1022/1022/1022 
f 1024/1024/1024 1023/1023/1023 1025/1025/1025 
f 1026/1026/1026 1027/1027/1027 1028/1028/1028 
f 1027/1027/1027 1026/1026/1026 1029/1029/1029 
f 1029/1029/1029 1030/1030/1030 1027/1027/1027 
f 1030/1030/1030 1029/1029/1029 1031/1031/1031 
f 1031/1031/1031 1032/1032/1032 1030/1030/1030 
f 1032/1032/1032 1031/1031/1031 1033/1033/1033 
f 1033/1033/1033 1034/1034/1034 1032/1032/1032 
f 1034/1034/1034 1033/1033/1033 1035/1035/1035 
f 1035/1035/1035 1036/1036/1036 1034/1034/1034 
f 1036/1036/1036 1035/1035/1035 1037/1037/1037 
f 1037/1037/1037 1038/1038/1038 1036/1036/1036 
f 1038/1038/1038 1037/1037/1037 1039/1039/1039 
f 1039/1039/1039 1040/1040/1040 1038/1038/1038 
f 1040/1040/1040 1039/1039/1039 1041/1041/1041 
f 1044/1044/1044 1045/1045/1045 1046/1046/1046 
f 1045/1045/1045 1044/1044/1044 1047/1047/1047 
f 1047/1047/1047 1048/1048/1048 1045/1045/1045 
f 1048/1048/1048 1047/1047/1047 1049/1049/1049 
f 1049/1049/1049 1050/1050/1050 1048/1048/1048 
f 1050/1050/1050 1049/1049/1049 1051/1051/1051 
f 1051/1051/1051 1052/1052/1052 1050/1050/1050 
f 1052/1052/1052 1051/1051/1051 1053/1053/1053 
f 1053/1053/1053 1054/1054/1054 1052/1052/1052 
f 1054/1054/1054 1053/1053/1053 1055/1055/1055 
f 1055/1055/1055 1056/1056/1056 1054/1054/1054 
f 1056/1056/1056 1055/1055/1055 1057/1057/1057 
f 1065/1065/1065 1067/1067/1067 1066/1066/1066 
f 1067/1067/1067 1065/1065/1065 1068/1068/1068 
f 1068/1068/1068 1069/1069/1069 1067/1067/1067 
f 1069/1069/1069 1068/1068/1068 1070/1070/1070 
f 1070/1070/1070 1071/1071/1071 1069/1069/1069 
f 1071/1071/1071 1070/1070/1070 1072/1072/1072 
f 1072/1072/1072 1073/1073/1073 1071/1071/1071 
f 1073/1073/1073 1072/1072/1072 1074/1074/1074 
f 1074/1074/1074 1075/1075/1075 1073/1073/1073 
f 1075/1075/1075 1074/1074/1074 1076/1076/1076 
f 1076/1076/1076 1077/1077/1077 1075/1075/1075 
f 1077/1077/1077 1076/1076/1076 1078/1078/1078 
f 1078/1078/1078 1079/1079/1079 1077/1077/1077 
f 1079/1079/1079 1078/1078/1078 1080/1080/1080 
f 1084/1084/1084 1085/1085/1085 1083/1083/1083 
f 1085/1085/1085 1084/1084/1084 1086/1086/1086 
f 1086/1086/1086 1087/1087/1087 1085/1085/1085 
f 1087/1087/1087 1086/1086/1086 1088/1088/1088 
f 1088/1088/1088 1089/1089/1089 1087/1087/1087 
f 1089/1089/1089 1088/1088/1088 1090/1090/1090 
f 1090/1090/1090 1091/1091/1091 1089/1089/1089 
f 1091/1091/1091 1090/1090/1090 1092/1092/1092 
f 1092/1092/1092 1093/1093/1093 1091/1091/1091 
f 1093/1093/1093 1092/1092/1092 1094/1094/1094 
f 1094/1094/1094 1095/1095/1095 1093/1093/1093 
f 1095/1095/1095 1094/1094/1094 1096/1096/1096 
f 1098/1098/1098 1099/1099/1099 1100/1100/1100 
f 1099/1099/1099 1098/1098/1098 1101/1101/1101 
f 1101/1101/1101 1102/1102/1102 1099/1099/1099 
f 1102/1102/1102 1101/1101/1101 1103/1103/1103 
f 1103/1103/1103 1104/1104/1104 1102/1102/1102 
f 1104/1104/1104 1103/1103/1103 1105/1105/1105 
f 1105/1105/1105 1106/1106/1106 1104/1104/1104 
f 1106/1106/1106 1105/1105/1105 1107/1107/1107 
f 1107/1107/1107 1108/1108/1108 1106/1106/1106 
f 1108/1108/1108 1107/1107/1107 1109/1109/1109 
f 1109/1109/1109 1110/1110/1110 1108/1108/1108 
f 1110/1110/1110 1109/1109/1109 1111/1111/1111 
f 1111/1111/1111 1112/1112/1112 1110/1110/1110 
f 1112/1112/1112 1111/1111/1111 1113/1113/1113 
f 1116/1116/1116 1117/1117/1117 1118/1118/1118 
f 1117/1117/1117 1116/1116/1116 1119/1119/1119 
f 1119/1119/1119 1120/1120/1120 1117/1117/1117 
f 1120/1120/1120 1119/1119/1119 1121/1121/1121 
f 1121/1121/1121 1122/1122/1122 1120/1120/1120 
f 1122/1122/1122 1121/1121/1121 1123/1123/1123 
f 1123/1123/1123 1124/1124/1124 1122/1122/1122 
f 1124/1124/1124 1123/1123/1123 1125/1125/1125 
f 1125/1125/1125 1126/1126/1126 1124/1124/1124 
f 1126/1126/1126 1125/1125/1125 1127/1127/1127 
f 1127/1127/1127 1128/1128/1128 1126/1126/1126 
f 1128/1128/1128 1127/1127/1127 1129/1129/1129 
f 1135/1135/1135 1134/1134/1134 1136/1136/1136 
f 1136/1136/1136 1137/1137/1137 1135/1135/1135 
f 1137/1137/1137 1136/1136/1136 1138/1138/1138 
f 1138/1138/1138 1139/1139/1139 1137/1137/1137 
f 1139/1139/1139 1138/1138/1138 1140/1140/1140 
f 1140/1140/1140 1141/1141/1141 1139/1139/1139 
f 1142/1142/1142 1143/1143/1143 1144/1144/1144 
f 1145/1145/1145 1143/1143/1143 1142/1142/1142 
f 1142/1142/1142 1144/1144/1144 1146/1146/1146 
f 1143/1143/1143 1147/1147/1147 1144/1144/1144 
f 1144/1144/1144 1148/1148/1148 1146/1146/1146 
f 1148/1148/1148 1144/1144/1144 1149/1149/1149 
f 1147/1147/1147 1149/1149/1149 1144/1144/1144 
f 1148/1148/1148 1149/1149/1149 1150/1150/1150 
f 1154/1154/1154 1153/1153/1153 1152/1152/1152 
f 1153/1153/1153 1154/1154/1154 1155/1155/1155 
f 1156/1156/1156 1155/1155/1155 1154/1154/1154 
f 1155/1155/1155 1156/1156/1156 1157/1157/1157 
f 1158/1158/1158 1157/1157/1157 1156/1156/1156 
f 1157/1157/1157 1158/1158/1158 1159/1159/1159 
f 1160/1160/1160 1159/1159/1159 1158/1158/1158 
f 1159/1159/1159 1160/1160/1160 1161/1161/1161 
f 1162/1162/1162 1161/1161/1161 1160/1160/1160 
f 1161/1161/1161 1162/1162/1162 1163/1163/1163 
f 1164/1164/1164 1163/1163/1163 1162/1162/1162 
f 1163/1163/1163 1164/1164/1164 1165/1165/1165 
f 1168/1168/1168 1169/1169/1169 1167/1167/1167 
f 1170/1170/1170 1167/1167/1167 1169/1169/1169 
f 1171/1171/1171 1169/1169/1169 1168/1168/1168 
f 1169/1169/1169 1171/1171/1171 1173/1173/1173 
f 1173/1173/1173 1174/1174/1174 1169/1169/1169 
f 1169/1169/1169 1175/1175/1175 1170/1170/1170 
f 1175/1175/1175 1169/1169/1169 1174/1174/1174 
f 1176/1176/1176 1170/1170/1170 1175/1175/1175 
f 1174/1174/1174 1177/1177/1177 1175/1175/1175 
f 1175/1175/1175 1178/1178/1178 1176/1176/1176 
f 1178/1178/1178 1175/1175/1175 1177/1177/1177 
f 1179/1179/1179 1176/1176/1176 1178/1178/1178 
f 1181/1181/1181 1182/1182/1182 1180/1180/1180 
f 1180/1180/1180 1183/1183/1183 1172/1172/1172 
f 1183/1183/1183 1180/1180/1180 1182/1182/1182 
f 892/892/892 1172/1172/1172 1183/1183/1183 
f 1182/1182/1182 888/888/888 1183/1183/1183 
f 1183/1183/1183 890/890/890 892/892/892 
f 890/890/890 1183/1183/1183 888/888/888 
f 1184/1184/1184 1185/1185/1185 1186/1186/1186 
f 1185/1185/1185 1184/1184/1184 1187/1187/1187 
f 1189/1189/1189 1191/1191/1191 1188/1188/1188 
f 1190/1190/1190 1192/1192/1192 1189/1189/1189 
f 1191/1191/1191 1189/1189/1189 1192/1192/1192 
f 1192/1192/1192 1194/1194/1194 1191/1191/1191 
f 1194/1194/1194 1192/1192/1192 1196/1196/1196 
f 1196/1196/1196 1195/1195/1195 1194/1194/1194 
f 1197/1197/1197 1196/1196/1196 1192/1192/1192 
f 1192/1192/1192 1190/1190/1190 1197/1197/1197 
f 1195/1195/1195 1196/1196/1196 1198/1198/1198 
f 1196/1196/1196 1197/1197/1197 1199/1199/1199 
f 1199/1199/1199 1198/1198/1198 1196/1196/1196 
f 1198/1198/1198 1199/1199/1199 1200/1200/1200 
f 1203/1203/1203 1202/1202/1202 1201/1201/1201 
f 1203/1203/1203 1204/1204/1204 1202/1202/1202 
f 1205/1205/1205 1204/1204/1204 1203/1203/1203 
f 1204/1204/1204 1205/1205/1205 1206/1206/1206 
f 1207/1207/1207 1206/1206/1206 1205/1205/1205 
f 1206/1206/1206 1207/1207/1207 1208/1208/1208 
f 1209/1209/1209 1208/1208/1208 1207/1207/1207 
f 1208/1208/1208 1209/1209/1209 1210/1210/1210 
f 1211/1211/1211 1213/1213/1213 1212/1212/1212 
f 1214/1214/1214 1212/1212/1212 1213/1213/1213 
f 1215/1215/1215 1214/1214/1214 1213/1213/1213 
f 1214/1214/1214 1218/1218/1218 1217/1217/1217 
f 1218/1218/1218 1216/1216/1216 1217/1217/1217 
f 1219/1219/1219 1220/1220/1220 1221/1221/1221 
f 1220/1220/1220 1219/1219/1219 1222/1222/1222 
f 1223/1223/1223 1222/1222/1222 1219/1219/1219 
f 1222/1222/1222 1223/1223/1223 1224/1224/1224 
f 1227/1227/1227 1228/1228/1228 1229/1229/1229 
f 1230/1230/1230 1229/1229/1229 1228/1228/1228 
f 1228/1228/1228 1227/1227/1227 1231/1231/1231 
f 1230/1230/1230 1232/1232/1232 1229/1229/1229 
f 1233/1233/1233 1231/1231/1231 1227/1227/1227 
f 1232/1232/1232 1230/1230/1230 1234/1234/1234 
f 1231/1231/1231 1233/1233/1233 1235/1235/1235 
f 1232/1232/1232 1234/1234/1234 1236/1236/1236 
f 1237/1237/1237 1235/1235/1235 1233/1233/1233 
f 1238/1238/1238 1236/1236/1236 1234/1234/1234 
f 1235/1235/1235 1237/1237/1237 1239/1239/1239 
f 1238/1238/1238 1240/1240/1240 1236/1236/1236 
f 1241/1241/1241 1239/1239/1239 1237/1237/1237 
f 1240/1240/1240 1238/1238/1238 1242/1242/1242 
f 1241/1241/1241 1243/1243/1243 1239/1239/1239 
f 1240/1240/1240 1242/1242/1242 1244/1244/1244 
f 1243/1243/1243 1241/1241/1241 1245/1245/1245 
f 1246/1246/1246 1244/1244/1244 1242/1242/1242 
f 1243/1243/1243 1245/1245/1245 1247/1247/1247 
f 1244/1244/1244 1246/1246/1246 1248/1248/1248 
f 1249/1249/1249 1247/1247/1247 1245/1245/1245 
f 1250/1250/1250 1248/1248/1248 1246/1246/1246 
f 1248/1248/1248 1250/1250/1250 1251/1251/1251 
f 1251/1251/1251 1250/1250/1250 1252/1252/1252 
f 1247/1247/1247 1249/1249/1249 1253/1253/1253 
f 1254/1254/1254 1253/1253/1253 1249/1249/1249 
f 1253/1253/1253 1254/1254/1254 1255/1255/1255 
f 1256/1256/1256 1255/1255/1255 1254/1254/1254 
f 1255/1255/1255 1256/1256/1256 1257/1257/1257 
f 1257/1257/1257 1256/1256/1256 1258/1258/1258 
f 1259/1259/1259 1260/1260/1260 1261/1261/1261 
f 1262/1262/1262 1261/1261/1261 1260/1260/1260 
f 1260/1260/1260 1259/1259/1259 1263/1263/1263 
f 1262/1262/1262 1264/1264/1264 1261/1261/1261 
f 1265/1265/1265 1263/1263/1263 1259/1259/1259 
f 1264/1264/1264 1262/1262/1262 1266/1266/1266 
f 1263/1263/1263 1265/1265/1265 1267/1267/1267 
f 1264/1264/1264 1266/1266/1266 1268/1268/1268 
f 1269/1269/1269 1267/1267/1267 1265/1265/1265 
f 1270/1270/1270 1268/1268/1268 1266/1266/1266 
f 1267/1267/1267 1269/1269/1269 1271/1271/1271 
f 1270/1270/1270 1272/1272/1272 1268/1268/1268 
f 1273/1273/1273 1271/1271/1271 1269/1269/1269 
f 1272/1272/1272 1270/1270/1270 1274/1274/1274 
f 1273/1273/1273 1275/1275/1275 1271/1271/1271 
f 1272/1272/1272 1274/1274/1274 1276/1276/1276 
f 1275/1275/1275 1273/1273/1273 1277/1277/1277 
f 1278/1278/1278 1276/1276/1276 1274/1274/1274 
f 1275/1275/1275 1277/1277/1277 1279/1279/1279 
f 1276/1276/1276 1278/1278/1278 1280/1280/1280 
f 1281/1281/1281 1279/1279/1279 1277/1277/1277 
f 1282/1282/1282 1280/1280/1280 1278/1278/1278 
f 1280/1280/1280 1282/1282/1282 1283/1283/1283 
f 1283/1283/1283 1282/1282/1282 1284/1284/1284 
f 1279/1279/1279 1281/1281/1281 1285/1285/1285 
f 1286/1286/1286 1285/1285/1285 1281/1281/1281 
f 1285/1285/1285 1286/1286/1286 1287/1287/1287 
f 1288/1288/1288 1287/1287/1287 1286/1286/1286 
f 1287/1287/1287 1288/1288/1288 1289/1289/1289 
f 1289/1289/1289 1288/1288/1288 1290/1290/1290 
f 1291/1291/1291 1292/1292/1292 1293/1293/1293 
f 1294/1294/1294 1293/1293/1293 1292/1292/1292 
f 1292/1292/1292 1291/1291/1291 1295/1295/1295 
f 1294/1294/1294 1296/1296/1296 1293/1293/1293 
f 1297/1297/1297 1295/1295/1295 1291/1291/1291 
f 1298/1298/1298 1296/1296/1296 1294/1294/1294 
f 1295/1295/1295 1297/1297/1297 1299/1299/1299 
f 1296/1296/1296 1298/1298/1298 1300/1300/1300 
f 1301/1301/1301 1299/1299/1299 1297/1297/1297 
f 1302/1302/1302 1300/1300/1300 1298/1298/1298 
f 1299/1299/1299 1301/1301/1301 1303/1303/1303 
f 1302/1302/1302 1304/1304/1304 1300/1300/1300 
f 1305/1305/1305 1303/1303/1303 1301/1301/1301 
f 1306/1306/1306 1304/1304/1304 1302/1302/1302 
f 1305/1305/1305 1307/1307/1307 1303/1303/1303 
f 1304/1304/1304 1306/1306/1306 1308/1308/1308 
f 1309/1309/1309 1307/1307/1307 1305/1305/1305 
f 1310/1310/1310 1308/1308/1308 1306/1306/1306 
f 1307/1307/1307 1309/1309/1309 1311/1311/1311 
f 1308/1308/1308 1310/1310/1310 1312/1312/1312 
f 1313/1313/1313 1311/1311/1311 1309/1309/1309 
f 1314/1314/1314 1312/1312/1312 1310/1310/1310 
f 1312/1312/1312 1314/1314/1314 1315/1315/1315 
f 1315/1315/1315 1314/1314/1314 1316/1316/1316 
f 1311/1311/1311 1313/1313/1313 1317/1317/1317 
f 1318/1318/1318 1317/1317/1317 1313/1313/1313 
f 1317/1317/1317 1318/1318/1318 1319/1319/1319 
f 1320/1320/1320 1319/1319/1319 1318/1318/1318 
f 1319/1319/1319 1320/1320/1320 1321/1321/1321 
f 1321/1321/1321 1320/1320/1320 1322/1322/1322 
f 1323/1323/1323 1324/1324/1324 1325/1325/1325 
f 1326/1326/1326 1325/1325/1325 1324/1324/1324 
f 1324/1324/1324 1323/1323/1323 1327/1327/1327 
f 1326/1326/1326 1328/1328/1328 1325/1325/1325 
f 1329/1329/1329 1327/1327/1327 1323/1323/1323 
f 1330/1330/1330 1328/1328/1328 1326/1326/1326 
f 1327/1327/1327 1329/1329/1329 1331/1331/1331 
f 1328/1328/1328 1330/1330/1330 1332/1332/1332 
f 1333/1333/1333 1331/1331/1331 1329/1329/1329 
f 1334/1334/1334 1332/1332/1332 1330/1330/1330 
f 1331/1331/1331 1333/1333/1333 1335/1335/1335 
f 1334/1334/1334 1336/1336/1336 1332/1332/1332 
f 1337/1337/1337 1335/1335/1335 1333/1333/1333 
f 1338/1338/1338 1336/1336/1336 1334/1334/1334 
f 1337/1337/1337 1339/1339/1339 1335/1335/1335 
f 1336/1336/1336 1338/1338/1338 1340/1340/1340 
f 1341/1341/1341 1339/1339/1339 1337/1337/1337 
f 1342/1342/1342 1340/1340/1340 1338/1338/1338 
f 1339/1339/1339 1341/1341/1341 1343/1343/1343 
f 1340/1340/1340 1342/1342/1342 1344/1344/1344 
f 1345/1345/1345 1343/1343/1343 1341/1341/1341 
f 1346/1346/1346 1344/1344/1344 1342/1342/1342 
f 1344/1344/1344 1346/1346/1346 1347/1347/1347 
f 1347/1347/1347 1346/1346/1346 1348/1348/1348 
f 1343/1343/1343 1345/1345/1345 1349/1349/1349 
f 1350/1350/1350 1349/1349/1349 1345/1345/1345 
f 1349/1349/1349 1350/1350/1350 1351/1351/1351 
f 1352/1352/1352 1351/1351/1351 1350/1350/1350 
f 1351/1351/1351 1352/1352/1352 1353/1353/1353 
f 1353/1353/1353 1352/1352/1352 1354/1354/1354 
f 1355/1355/1355 1357/1357/1357 1356/1356/1356 
f 1357/1357/1357 1355/1355/1355 1358/1358/1358 
f 1358/1358/1358 1359/1359/1359 1357/1357/1357 
f 1359/1359/1359 1358/1358/1358 1360/1360/1360 
f 1360/1360/1360 1361/1361/1361 1359/1359/1359 
f 1361/1361/1361 1360/1360/1360 1362/1362/1362 
f 1362/1362/1362 1363/1363/1363 1361/1361/1361 
f 1363/1363/1363 1362/1362/1362 1364/1364/1364 
f 1364/1364/1364 1365/1365/1365 1363/1363/1363 
f 1365/1365/1365 1364/1364/1364 1366/1366/1366 
f 1366/1366/1366 1367/1367/1367 1365/1365/1365 
f 1370/1370/1370 1372/1372/1372 1371/1371/1371 
f 1369/1369/1369 1373/1373/1373 1370/1370/1370 
f 1372/1372/1372 1370/1370/1370 1373/1373/1373 
f 1373/1373/1373 1369/1369/1369 1374/1374/1374 
f 1373/1373/1373 1375/1375/1375 1372/1372/1372 
f 1378/1378/1378 1377/1377/1377 1375/1375/1375 
f 1375/1375/1375 1373/1373/1373 1378/1378/1378 
f 1374/1374/1374 1378/1378/1378 1373/1373/1373 
f 1377/1377/1377 1378/1378/1378 1379/1379/1379 
f 1380/1380/1380 1379/1379/1379 1378/1378/1378 
f 1378/1378/1378 1374/1374/1374 1380/1380/1380 
f 1379/1379/1379 1380/1380/1380 1382/1382/1382 
f 1383/1383/1383 1384/1384/1384 1381/1381/1381 
f 1384/1384/1384 1383/1383/1383 1386/1386/1386 
f 1385/1385/1385 1386/1386/1386 1383/1383/1383 
f 1386/1386/1386 1385/1385/1385 1387/1387/1387 
f 1214/1214/1214 1215/1215/1215 1390/1390/1390 
f 1218/1218/1218 1214/1214/1214 1390/1390/1390 
f 1215/1215/1215 1391/1391/1391 1390/1390/1390 
f 1392/1392/1392 1390/1390/1390 1391/1391/1391 
f 1390/1390/1390 1392/1392/1392 1218/1218/1218 
f 1391/1391/1391 1393/1393/1393 1392/1392/1392 
f 1394/1394/1394 1392/1392/1392 1393/1393/1393 
f 1393/1393/1393 1395/1395/1395 1394/1394/1394 
f 1392/1392/1392 1394/1394/1394 1396/1396/1396 
f 1396/1396/1396 1218/1218/1218 1392/1392/1392 
f 1218/1218/1218 1396/1396/1396 1397/1397/1397 
f 1216/1216/1216 1218/1218/1218 1397/1397/1397 
f 1402/1402/1402 1213/1213/1213 1401/1401/1401 
f 1213/1213/1213 1211/1211/1211 1401/1401/1401 
f 1406/1406/1406 1405/1405/1405 1404/1404/1404 
f 1407/1407/1407 1403/1403/1403 1405/1405/1405 
f 1405/1405/1405 1406/1406/1406 1407/1407/1407 
f 1408/1408/1408 1402/1402/1402 1403/1403/1403 
f 1403/1403/1403 1407/1407/1407 1408/1408/1408 
f 1215/1215/1215 1213/1213/1213 1402/1402/1402 
f 1402/1402/1402 1408/1408/1408 1215/1215/1215 
f 1407/1407/1407 1406/1406/1406 1409/1409/1409 
f 1409/1409/1409 1410/1410/1410 1407/1407/1407 
f 1410/1410/1410 1408/1408/1408 1407/1407/1407 
f 1411/1411/1411 1410/1410/1410 1409/1409/1409 
f 1408/1408/1408 1410/1410/1410 1391/1391/1391 
f 1391/1391/1391 1215/1215/1215 1408/1408/1408 
f 1410/1410/1410 1411/1411/1411 1393/1393/1393 
f 1393/1393/1393 1391/1391/1391 1410/1410/1410 
f 1395/1395/1395 1393/1393/1393 1411/1411/1411 
f 1367/1367/1367 1366/1366/1366 1415/1415/1415 
f 1419/1419/1419 1226/1226/1226 1420/1420/1420 
f 1418/1418/1418 1421/1421/1421 1419/1419/1419 
f 1226/1226/1226 1419/1419/1419 1421/1421/1421 
f 1421/1421/1421 1418/1418/1418 1422/1422/1422 
f 1426/1426/1426 1425/1425/1425 1424/1424/1424 
f 1425/1425/1425 1426/1426/1426 1427/1427/1427 
f 1428/1428/1428 1427/1427/1427 1426/1426/1426 
f 1427/1427/1427 1428/1428/1428 1429/1429/1429 
f 1430/1430/1430 1429/1429/1429 1428/1428/1428 
f 1429/1429/1429 1430/1430/1430 1431/1431/1431 
f 1432/1432/1432 1431/1431/1431 1430/1430/1430 
f 1431/1431/1431 1432/1432/1432 1433/1433/1433 
f 1434/1434/1434 1433/1433/1433 1432/1432/1432 
f 1433/1433/1433 1434/1434/1434 1435/1435/1435 
f 1436/1436/1436 1435/1435/1435 1434/1434/1434 
f 1435/1435/1435 1436/1436/1436 1437/1437/1437 
f 1438/1438/1438 1437/1437/1437 1436/1436/1436 
f 1437/1437/1437 1438/1438/1438 1439/1439/1439 
f 1440/1440/1440 1439/1439/1439 1438/1438/1438 
f 1439/1439/1439 1440/1440/1440 1441/1441/1441 
f 1442/1442/1442 1445/1445/1445 1444/1444/1444 
f 1445/1445/1445 1442/1442/1442 1446/1446/1446 
f 1443/1443/1443 1446/1446/1446 1442/1442/1442 
f 1446/1446/1446 1443/1443/1443 1447/1447/1447 
f 1448/1448/1448 1449/1449/1449 1450/1450/1450 
f 1449/1449/1449 1448/1448/1448 1451/1451/1451 
f 1452/1452/1452 1450/1450/1450 1449/1449/1449 
f 1450/1450/1450 1452/1452/1452 1453/1453/1453 
f 1454/1454/1454 1453/1453/1453 1452/1452/1452 
f 1453/1453/1453 1454/1454/1454 1455/1455/1455 
f 1456/1456/1456 1455/1455/1455 1454/1454/1454 
f 1455/1455/1455 1456/1456/1456 1457/1457/1457 
f 1458/1458/1458 1457/1457/1457 1456/1456/1456 
f 1457/1457/1457 1458/1458/1458 1459/1459/1459 
f 1460/1460/1460 1459/1459/1459 1458/1458/1458 
f 1459/1459/1459 1460/1460/1460 1461/1461/1461 
f 1460/1460/1460 1462/1462/1462 1461/1461/1461 
f 1462/1462/1462 1460/1460/1460 1463/1463/1463 
f 1463/1463/1463 1464/1464/1464 1462/1462/1462 
f 1464/1464/1464 1463/1463/1463 1465/1465/1465 
f 1467/1467/1467 1469/1469/1469 1466/1466/1466 
f 1470/1470/1470 1467/1467/1467 1468/1468/1468 
f 1469/1469/1469 1467/1467/1467 1470/1470/1470 
f 1468/1468/1468 1471/1471/1471 1470/1470/1470 
f 1476/1476/1476 1475/1475/1475 1472/1472/1472 
f 1475/1475/1475 1476/1476/1476 1477/1477/1477 
f 1478/1478/1478 1477/1477/1477 1476/1476/1476 
f 1477/1477/1477 1478/1478/1478 1479/1479/1479 
f 1480/1480/1480 1479/1479/1479 1478/1478/1478 
f 1479/1479/1479 1480/1480/1480 1481/1481/1481 
f 1482/1482/1482 1481/1481/1481 1480/1480/1480 
f 1481/1481/1481 1482/1482/1482 1483/1483/1483 
f 1482/1482/1482 1484/1484/1484 1483/1483/1483 
f 1484/1484/1484 1482/1482/1482 1485/1485/1485 
f 1485/1485/1485 1486/1486/1486 1484/1484/1484 
f 1486/1486/1486 1485/1485/1485 1487/1487/1487 
f 1487/1487/1487 1488/1488/1488 1486/1486/1486 
f 1488/1488/1488 1487/1487/1487 1489/1489/1489 
f 1492/1492/1492 1497/1497/1497 1494/1494/1494 
f 1497/1497/1497 1496/1496/1496 1494/1494/1494 
f 1497/1497/1497 1492/1492/1492 1498/1498/1498 
f 1496/1496/1496 1497/1497/1497 1499/1499/1499 
f 1500/1500/1500 1497/1497/1497 1498/1498/1498 
f 1499/1499/1499 1497/1497/1497 1501/1501/1501 
f 1497/1497/1497 1500/1500/1500 1502/1502/1502 
f 1502/1502/1502 1501/1501/1501 1497/1497/1497 
f 1502/1502/1502 1500/1500/1500 1503/1503/1503 
f 1504/1504/1504 1502/1502/1502 1503/1503/1503 
f 1505/1505/1505 1502/1502/1502 1504/1504/1504 
f 1506/1506/1506 1502/1502/1502 1505/1505/1505 
f 1501/1501/1501 1502/1502/1502 1507/1507/1507 
f 1508/1508/1508 1502/1502/1502 1506/1506/1506 
f 1506/1506/1506 1509/1509/1509 1508/1508/1508 
f 1502/1502/1502 1508/1508/1508 1510/1510/1510 
f 1507/1507/1507 1502/1502/1502 1510/1510/1510 
f 1511/1511/1511 1507/1507/1507 1508/1508/1508 
f 1507/1507/1507 1511/1511/1511 1512/1512/1512 
f 1512/1512/1512 1513/1513/1513 1507/1507/1507 
f 1514/1514/1514 1513/1513/1513 1512/1512/1512 
f 1513/1513/1513 1514/1514/1514 1515/1515/1515 
f 1515/1515/1515 1516/1516/1516 1513/1513/1513 
f 1517/1517/1517 1513/1513/1513 1516/1516/1516 
f 1546/1546/1546 1548/1548/1548 1545/1545/1545 
f 1545/1545/1545 1548/1548/1548 1549/1549/1549 
f 1550/1550/1550 1549/1549/1549 1548/1548/1548 
f 1548/1548/1548 1551/1551/1551 1550/1550/1550 
f 1551/1551/1551 1552/1552/1552 1553/1553/1553 
f 1551/1551/1551 1554/1554/1554 1552/1552/1552 
f 1554/1554/1554 1551/1551/1551 1548/1548/1548 
f 1554/1554/1554 1548/1548/1548 1555/1555/1555 
f 1555/1555/1555 1556/1556/1556 1554/1554/1554 
f 1557/1557/1557 1548/1548/1548 1546/1546/1546 
f 1548/1548/1548 1558/1558/1558 1555/1555/1555 
f 1558/1558/1558 1559/1559/1559 1555/1555/1555 
f 1559/1559/1559 1558/1558/1558 1560/1560/1560 
f 1558/1558/1558 1561/1561/1561 1560/1560/1560 
f 1562/1562/1562 1561/1561/1561 1558/1558/1558 
f 1561/1561/1561 1562/1562/1562 1563/1563/1563 
f 1562/1562/1562 1564/1564/1564 1563/1563/1563 
f 1564/1564/1564 1562/1562/1562 1565/1565/1565 
f 1546/1546/1546 1566/1566/1566 1557/1557/1557 
f 1566/1566/1566 1546/1546/1546 1547/1547/1547 
f 1573/1573/1573 1574/1574/1574 1575/1575/1575 
f 1575/1575/1575 1574/1574/1574 1576/1576/1576 
f 1574/1574/1574 1573/1573/1573 1577/1577/1577 
f 1575/1575/1575 1576/1576/1576 1578/1578/1578 
f 1579/1579/1579 1577/1577/1577 1573/1573/1573 
f 1580/1580/1580 1578/1578/1578 1576/1576/1576 
f 1577/1577/1577 1579/1579/1579 1581/1581/1581 
f 1578/1578/1578 1580/1580/1580 1582/1582/1582 
f 1583/1583/1583 1581/1581/1581 1579/1579/1579 
f 1582/1582/1582 1580/1580/1580 1584/1584/1584 
f 1581/1581/1581 1583/1583/1583 1585/1585/1585 
f 1582/1582/1582 1584/1584/1584 1586/1586/1586 
f 1587/1587/1587 1585/1585/1585 1583/1583/1583 
f 1588/1588/1588 1586/1586/1586 1584/1584/1584 
f 1585/1585/1585 1587/1587/1587 1589/1589/1589 
f 1589/1589/1589 1587/1587/1587 1590/1590/1590 
f 1589/1589/1589 1590/1590/1590 1591/1591/1591 
f 1588/1588/1588 1592/1592/1592 1586/1586/1586 
f 1593/1593/1593 1592/1592/1592 1588/1588/1588 
f 1592/1592/1592 1593/1593/1593 1594/1594/1594 
f 1595/1595/1595 1594/1594/1594 1593/1593/1593 
f 1594/1594/1594 1595/1595/1595 1596/1596/1596 
f 1597/1597/1597 1596/1596/1596 1595/1595/1595 
f 1596/1596/1596 1597/1597/1597 1598/1598/1598 
f 1599/1599/1599 1598/1598/1598 1597/1597/1597 
f 1598/1598/1598 1599/1599/1599 1600/1600/1600 
f 1601/1601/1601 1600/1600/1600 1599/1599/1599 
f 1601/1601/1601 1602/1602/1602 1600/1600/1600 
f 1603/1603/1603 1602/1602/1602 1601/1601/1601 
f 1602/1602/1602 1603/1603/1603 1604/1604/1604 
f 1609/1609/1609 1607/1607/1607 1608/1608/1608 
f 1607/1607/1607 1609/1609/1609 1611/1611/1611 
f 1611/1611/1611 1610/1610/1610 1607/1607/1607 
f 1612/1612/1612 1611/1611/1611 1609/1609/1609 
f 1610/1610/1610 1611/1611/1611 1614/1614/1614 
f 1614/1614/1614 1613/1613/1613 1610/1610/1610 
f 1611/1611/1611 1612/1612/1612 1615/1615/1615 
f 1615/1615/1615 1614/1614/1614 1611/1611/1611 
f 1616/1616/1616 1615/1615/1615 1612/1612/1612 
f 1529/1529/1529 1613/1613/1613 1617/1617/1617 
f 1613/1613/1613 1614/1614/1614 1617/1617/1617 
f 1617/1617/1617 1618/1618/1618 1529/1529/1529 
f 1614/1614/1614 1615/1615/1615 1619/1619/1619 
f 1617/1617/1617 1614/1614/1614 1619/1619/1619 
f 1615/1615/1615 1616/1616/1616 1620/1620/1620 
f 1620/1620/1620 1619/1619/1619 1615/1615/1615 
f 1621/1621/1621 1620/1620/1620 1616/1616/1616 
f 1620/1620/1620 1621/1621/1621 1622/1622/1622 
f 1623/1623/1623 1618/1618/1618 1617/1617/1617 
f 1619/1619/1619 1623/1623/1623 1617/1617/1617 
f 1618/1618/1618 1623/1623/1623 1624/1624/1624 
f 1619/1619/1619 1620/1620/1620 1625/1625/1625 
f 1622/1622/1622 1625/1625/1625 1620/1620/1620 
f 1625/1625/1625 1623/1623/1623 1619/1619/1619 
f 1625/1625/1625 1622/1622/1622 1626/1626/1626 
f 1624/1624/1624 1623/1623/1623 1627/1627/1627 
f 1623/1623/1623 1625/1625/1625 1627/1627/1627 
f 1626/1626/1626 1627/1627/1627 1625/1625/1625 
f 1627/1627/1627 1628/1628/1628 1624/1624/1624 
f 1627/1627/1627 1626/1626/1626 1629/1629/1629 
f 1628/1628/1628 1627/1627/1627 1630/1630/1630 
f 1627/1627/1627 1629/1629/1629 1630/1630/1630 
f 1631/1631/1631 1632/1632/1632 1633/1633/1633 
f 1632/1632/1632 1631/1631/1631 1634/1634/1634 
f 1631/1631/1631 1633/1633/1633 1635/1635/1635 
f 1632/1632/1632 1634/1634/1634 1636/1636/1636 
f 1637/1637/1637 1635/1635/1635 1633/1633/1633 
f 1638/1638/1638 1636/1636/1636 1634/1634/1634 
f 1635/1635/1635 1637/1637/1637 1639/1639/1639 
f 1636/1636/1636 1638/1638/1638 1640/1640/1640 
f 1641/1641/1641 1639/1639/1639 1637/1637/1637 
f 1642/1642/1642 1640/1640/1640 1638/1638/1638 
f 1639/1639/1639 1641/1641/1641 1643/1643/1643 
f 1640/1640/1640 1642/1642/1642 1644/1644/1644 
f 1645/1645/1645 1643/1643/1643 1641/1641/1641 
f 1646/1646/1646 1644/1644/1644 1642/1642/1642 
f 1643/1643/1643 1645/1645/1645 1647/1647/1647 
f 1647/1647/1647 1645/1645/1645 1648/1648/1648 
f 1647/1647/1647 1648/1648/1648 1649/1649/1649 
f 1646/1646/1646 1650/1650/1650 1644/1644/1644 
f 1650/1650/1650 1646/1646/1646 1651/1651/1651 
f 1650/1650/1650 1651/1651/1651 1652/1652/1652 
f 1652/1652/1652 1651/1651/1651 1653/1653/1653 
f 1653/1653/1653 1654/1654/1654 1652/1652/1652 
f 1654/1654/1654 1653/1653/1653 1655/1655/1655 
f 1654/1654/1654 1655/1655/1655 1656/1656/1656 
f 1657/1657/1657 1656/1656/1656 1655/1655/1655 
f 1656/1656/1656 1657/1657/1657 1658/1658/1658 
f 1659/1659/1659 1658/1658/1658 1657/1657/1657 
f 1658/1658/1658 1659/1659/1659 1660/1660/1660 
f 1661/1661/1661 1660/1660/1660 1659/1659/1659 
f 1660/1660/1660 1661/1661/1661 1662/1662/1662 
f 1664/1664/1664 1665/1665/1665 1663/1663/1663 
f 1665/1665/1665 1664/1664/1664 1666/1666/1666 
f 1666/1666/1666 1667/1667/1667 1665/1665/1665 
f 1667/1667/1667 1666/1666/1666 1668/1668/1668 
f 1670/1670/1670 1671/1671/1671 1669/1669/1669 
f 1671/1671/1671 1670/1670/1670 1672/1672/1672 
f 1672/1672/1672 1673/1673/1673 1671/1671/1671 
f 1673/1673/1673 1672/1672/1672 1674/1674/1674 
f 1674/1674/1674 1675/1675/1675 1673/1673/1673 
f 1675/1675/1675 1674/1674/1674 1676/1676/1676 
f 1677/1677/1677 1675/1675/1675 1676/1676/1676 
f 1675/1675/1675 1677/1677/1677 1678/1678/1678 
f 1684/1684/1684 1685/1685/1685 1686/1686/1686 
f 1685/1685/1685 1684/1684/1684 1687/1687/1687 
f 1684/1684/1684 1686/1686/1686 1688/1688/1688 
f 1685/1685/1685 1687/1687/1687 1689/1689/1689 
f 1690/1690/1690 1688/1688/1688 1686/1686/1686 
f 1691/1691/1691 1689/1689/1689 1687/1687/1687 
f 1688/1688/1688 1690/1690/1690 1692/1692/1692 
f 1691/1691/1691 1693/1693/1693 1689/1689/1689 
f 1694/1694/1694 1692/1692/1692 1690/1690/1690 
f 1693/1693/1693 1691/1691/1691 1695/1695/1695 
f 1692/1692/1692 1694/1694/1694 1696/1696/1696 
f 1693/1693/1693 1695/1695/1695 1697/1697/1697 
f 1698/1698/1698 1696/1696/1696 1694/1694/1694 
f 1699/1699/1699 1697/1697/1697 1695/1695/1695 
f 1696/1696/1696 1698/1698/1698 1700/1700/1700 
f 1700/1700/1700 1698/1698/1698 1701/1701/1701 
f 1700/1700/1700 1701/1701/1701 1702/1702/1702 
f 1699/1699/1699 1703/1703/1703 1697/1697/1697 
f 1703/1703/1703 1699/1699/1699 1704/1704/1704 
f 1703/1703/1703 1704/1704/1704 1705/1705/1705 
f 1706/1706/1706 1705/1705/1705 1704/1704/1704 
f 1705/1705/1705 1706/1706/1706 1707/1707/1707 
f 1708/1708/1708 1707/1707/1707 1706/1706/1706 
f 1707/1707/1707 1708/1708/1708 1709/1709/1709 
f 1710/1710/1710 1709/1709/1709 1708/1708/1708 
f 1709/1709/1709 1710/1710/1710 1711/1711/1711 
f 1711/1711/1711 1710/1710/1710 1712/1712/1712 
f 1712/1712/1712 1713/1713/1713 1711/1711/1711 
f 1713/1713/1713 1712/1712/1712 1714/1714/1714 
f 1713/1713/1713 1714/1714/1714 1715/1715/1715 
f 1717/1717/1717 1718/1718/1718 1719/1719/1719 
f 1720/1720/1720 1719/1719/1719 1721/1721/1721 
f 1722/1722/1722 1719/1719/1719 1720/1720/1720 
f 1718/1718/1718 1723/1723/1723 1719/1719/1719 
f 1723/1723/1723 1718/1718/1718 1724/1724/1724 
f 1725/1725/1725 1719/1719/1719 1722/1722/1722 
f 1719/1719/1719 1725/1725/1725 1717/1717/1717 
f 1725/1725/1725 1722/1722/1722 1726/1726/1726 
f 1725/1725/1725 1726/1726/1726 1727/1727/1727 
f 1717/1717/1717 1725/1725/1725 1728/1728/1728 
f 1717/1717/1717 1728/1728/1728 1729/1729/1729 
f 1717/1717/1717 1729/1729/1729 1730/1730/1730 
f 1731/1731/1731 1718/1718/1718 1717/1717/1717 
f 1718/1718/1718 1731/1731/1731 1732/1732/1732 
f 1718/1718/1718 1733/1733/1733 1734/1734/1734 
f 1733/1733/1733 1718/1718/1718 1732/1732/1732 
f 1733/1733/1733 1732/1732/1732 1735/1735/1735 
f 1736/1736/1736 1732/1732/1732 1731/1731/1731 
f 1732/1732/1732 1737/1737/1737 1738/1738/1738 
f 1732/1732/1732 1739/1739/1739 1737/1737/1737 
f 1736/1736/1736 1739/1739/1739 1732/1732/1732 
f 1739/1739/1739 1740/1740/1740 1741/1741/1741 
f 1739/1739/1739 1742/1742/1742 1740/1740/1740 
f 1739/1739/1739 1743/1743/1743 1742/1742/1742 
f 1739/1739/1739 1736/1736/1736 1743/1743/1743 
f 1742/1742/1742 1743/1743/1743 1744/1744/1744 
f 1744/1744/1744 1743/1743/1743 1745/1745/1745 
f 1743/1743/1743 1736/1736/1736 1746/1746/1746 
f 1736/1736/1736 1747/1747/1747 1746/1746/1746 
f 1747/1747/1747 1736/1736/1736 1748/1748/1748 
f 1750/1750/1750 1751/1751/1751 1749/1749/1749 
f 1751/1751/1751 1750/1750/1750 1752/1752/1752 
f 1752/1752/1752 1753/1753/1753 1751/1751/1751 
f 1753/1753/1753 1752/1752/1752 1754/1754/1754 
f 1756/1756/1756 1757/1757/1757 1755/1755/1755 
f 1757/1757/1757 1756/1756/1756 1758/1758/1758 
f 1758/1758/1758 1759/1759/1759 1757/1757/1757 
f 1759/1759/1759 1758/1758/1758 1760/1760/1760 
f 1760/1760/1760 1761/1761/1761 1759/1759/1759 
f 1761/1761/1761 1760/1760/1760 1762/1762/1762 
f 1763/1763/1763 1761/1761/1761 1762/1762/1762 
f 1761/1761/1761 1763/1763/1763 1764/1764/1764 
f 1765/1765/1765 1766/1766/1766 1767/1767/1767 
f 1765/1765/1765 1768/1768/1768 1769/1769/1769 
f 1767/1767/1767 1770/1770/1770 1765/1765/1765 
f 1768/1768/1768 1765/1765/1765 1770/1770/1770 
f 1770/1770/1770 1767/1767/1767 1771/1771/1771 
f 1775/1775/1775 1776/1776/1776 1777/1777/1777 
f 1777/1777/1777 1778/1778/1778 1775/1775/1775 
f 1778/1778/1778 1777/1777/1777 1779/1779/1779 
f 1779/1779/1779 1780/1780/1780 1778/1778/1778 
f 1780/1780/1780 1779/1779/1779 1781/1781/1781 
f 1781/1781/1781 1782/1782/1782 1780/1780/1780 
f 1782/1782/1782 1781/1781/1781 1783/1783/1783 
f 1783/1783/1783 1784/1784/1784 1782/1782/1782 
f 1784/1784/1784 1783/1783/1783 1785/1785/1785 
f 1794/1794/1794 1793/1793/1793 1792/1792/1792 
f 1793/1793/1793 1794/1794/1794 1795/1795/1795 
f 1796/1796/1796 1795/1795/1795 1794/1794/1794 
f 1795/1795/1795 1796/1796/1796 1797/1797/1797 
f 1798/1798/1798 1797/1797/1797 1796/1796/1796 
f 1797/1797/1797 1798/1798/1798 1799/1799/1799 
f 1800/1800/1800 1799/1799/1799 1798/1798/1798 
f 1799/1799/1799 1800/1800/1800 1801/1801/1801 
f 1802/1802/1802 1801/1801/1801 1800/1800/1800 
f 1801/1801/1801 1802/1802/1802 1803/1803/1803 
f 1804/1804/1804 1803/1803/1803 1802/1802/1802 
f 1803/1803/1803 1804/1804/1804 1805/1805/1805 
f 1807/1807/1807 1809/1809/1809 1808/1808/1808 
f 1806/1806/1806 1809/1809/1809 1807/1807/1807 
f 1810/1810/1810 1808/1808/1808 1809/1809/1809 
f 1809/1809/1809 1806/1806/1806 1811/1811/1811 
f 1809/1809/1809 1812/1812/1812 1810/1810/1810 
f 1811/1811/1811 1813/1813/1813 1809/1809/1809 
f 1812/1812/1812 1809/1809/1809 1813/1813/1813 
f 1813/1813/1813 1811/1811/1811 1766/1766/1766 
f 1813/1813/1813 1769/1769/1769 1812/1812/1812 
f 1766/1766/1766 1765/1765/1765 1813/1813/1813 
f 1769/1769/1769 1813/1813/1813 1765/1765/1765 
f 1817/1817/1817 1818/1818/1818 1819/1819/1819 
f 1820/1820/1820 1818/1818/1818 1817/1817/1817 
f 1820/1820/1820 1821/1821/1821 1818/1818/1818 
f 1822/1822/1822 1821/1821/1821 1820/1820/1820 
f 1822/1822/1822 1823/1823/1823 1821/1821/1821 
f 1824/1824/1824 1823/1823/1823 1822/1822/1822 
f 1825/1825/1825 1823/1823/1823 1824/1824/1824 
f 1826/1826/1826 1825/1825/1825 1824/1824/1824 
f 1827/1827/1827 1825/1825/1825 1826/1826/1826 
f 1828/1828/1828 1827/1827/1827 1826/1826/1826 
f 1829/1829/1829 1827/1827/1827 1828/1828/1828 
f 1830/1830/1830 1829/1829/1829 1828/1828/1828 
f 1831/1831/1831 1829/1829/1829 1830/1830/1830 
f 1832/1832/1832 1831/1831/1831 1830/1830/1830 
f 1832/1832/1832 1833/1833/1833 1831/1831/1831 
f 1834/1834/1834 1833/1833/1833 1832/1832/1832 
f 1834/1834/1834 1835/1835/1835 1833/1833/1833 
f 1835/1835/1835 1834/1834/1834 1836/1836/1836 
f 1836/1836/1836 1837/1837/1837 1835/1835/1835 
f 1837/1837/1837 1836/1836/1836 1838/1838/1838 
f 1838/1838/1838 1839/1839/1839 1837/1837/1837 
f 1842/1842/1842 1844/1844/1844 1845/1845/1845 
f 1847/1847/1847 1848/1848/1848 1846/1846/1846 
f 1848/1848/1848 1847/1847/1847 1849/1849/1849 
f 1849/1849/1849 1850/1850/1850 1848/1848/1848 
f 1851/1851/1851 1849/1849/1849 1847/1847/1847 
f 1849/1849/1849 1851/1851/1851 1852/1852/1852 
f 1850/1850/1850 1849/1849/1849 1853/1853/1853 
f 1852/1852/1852 1853/1853/1853 1849/1849/1849 
f 1853/1853/1853 1852/1852/1852 1854/1854/1854 
f 1858/1858/1858 1855/1855/1855 1856/1856/1856 
f 1857/1857/1857 1858/1858/1858 1856/1856/1856 
f 1858/1858/1858 1859/1859/1859 1855/1855/1855 
f 1858/1858/1858 1857/1857/1857 1860/1860/1860 
f 1858/1858/1858 1861/1861/1861 1859/1859/1859 
f 1860/1860/1860 1862/1862/1862 1858/1858/1858 
f 1861/1861/1861 1858/1858/1858 1862/1862/1862 
f 1862/1862/1862 1860/1860/1860 1863/1863/1863 
f 1864/1864/1864 1862/1862/1862 1863/1863/1863 
f 1865/1865/1865 1861/1861/1861 1862/1862/1862 
f 1862/1862/1862 1864/1864/1864 1865/1865/1865 
f 1861/1861/1861 1865/1865/1865 1866/1866/1866 
f 1867/1867/1867 1868/1868/1868 1869/1869/1869 
f 1870/1870/1870 1868/1868/1868 1867/1867/1867 
f 1870/1870/1870 1871/1871/1871 1868/1868/1868 
f 1872/1872/1872 1871/1871/1871 1870/1870/1870 
f 1872/1872/1872 1873/1873/1873 1871/1871/1871 
f 1874/1874/1874 1873/1873/1873 1872/1872/1872 
f 1874/1874/1874 1875/1875/1875 1873/1873/1873 
f 1876/1876/1876 1875/1875/1875 1874/1874/1874 
f 1876/1876/1876 1877/1877/1877 1875/1875/1875 
f 1878/1878/1878 1877/1877/1877 1876/1876/1876 
f 1878/1878/1878 1879/1879/1879 1877/1877/1877 
f 1880/1880/1880 1879/1879/1879 1878/1878/1878 
f 1880/1880/1880 1881/1881/1881 1879/1879/1879 
f 1882/1882/1882 1881/1881/1881 1880/1880/1880 
f 1882/1882/1882 1883/1883/1883 1881/1881/1881 
f 1883/1883/1883 1882/1882/1882 1884/1884/1884 
f 1884/1884/1884 1885/1885/1885 1883/1883/1883 
f 1885/1885/1885 1884/1884/1884 1886/1886/1886 
f 1886/1886/1886 1887/1887/1887 1885/1885/1885 
f 1899/1899/1899 1897/1897/1897 1898/1898/1898 
f 1897/1897/1897 1899/1899/1899 1900/1900/1900 
f 1901/1901/1901 1900/1900/1900 1899/1899/1899 
f 1900/1900/1900 1901/1901/1901 1902/1902/1902 
f 1903/1903/1903 1902/1902/1902 1901/1901/1901 
f 1903/1903/1903 1904/1904/1904 1902/1902/1902 
f 1905/1905/1905 1904/1904/1904 1903/1903/1903 
f 1910/1910/1910 1909/1909/1909 1908/1908/1908 
f 1909/1909/1909 1910/1910/1910 1911/1911/1911 
f 1912/1912/1912 1911/1911/1911 1910/1910/1910 
f 1912/1912/1912 1913/1913/1913 1911/1911/1911 
f 1914/1914/1914 1913/1913/1913 1912/1912/1912 
f 1921/1921/1921 1923/1923/1923 1922/1922/1922 
f 1923/1923/1923 1921/1921/1921 1924/1924/1924 
f 1926/1926/1926 1922/1922/1922 1923/1923/1923 
f 1922/1922/1922 1926/1926/1926 1925/1925/1925 
f 1924/1924/1924 1927/1927/1927 1923/1923/1923 
f 1927/1927/1927 1924/1924/1924 1928/1928/1928 
f 1923/1923/1923 1929/1929/1929 1926/1926/1926 
f 1929/1929/1929 1923/1923/1923 1927/1927/1927 
f 1930/1930/1930 1925/1925/1925 1926/1926/1926 
f 1925/1925/1925 1930/1930/1930 1931/1931/1931 
f 1930/1930/1930 1891/1891/1891 1931/1931/1931 
f 1891/1891/1891 1930/1930/1930 1932/1932/1932 
f 1930/1930/1930 1933/1933/1933 1932/1932/1932 
f 1933/1933/1933 1930/1930/1930 1934/1934/1934 
f 1926/1926/1926 1934/1934/1934 1930/1930/1930 
f 1934/1934/1934 1926/1926/1926 1929/1929/1929 
f 1934/1934/1934 1935/1935/1935 1933/1933/1933 
f 1935/1935/1935 1934/1934/1934 1936/1936/1936 
f 1929/1929/1929 1936/1936/1936 1934/1934/1934 
f 1936/1936/1936 1937/1937/1937 1935/1935/1935 
f 1937/1937/1937 1936/1936/1936 1938/1938/1938 
f 1936/1936/1936 1929/1929/1929 1939/1939/1939 
f 1939/1939/1939 1938/1938/1938 1936/1936/1936 
f 1938/1938/1938 1939/1939/1939 1940/1940/1940 
f 1927/1927/1927 1939/1939/1939 1929/1929/1929 
f 1939/1939/1939 1941/1941/1941 1940/1940/1940 
f 1939/1939/1939 1927/1927/1927 1942/1942/1942 
f 1941/1941/1941 1939/1939/1939 1942/1942/1942 
f 1928/1928/1928 1942/1942/1942 1927/1927/1927 
f 1942/1942/1942 1943/1943/1943 1941/1941/1941 
f 1942/1942/1942 1928/1928/1928 1944/1944/1944 
f 1943/1943/1943 1942/1942/1942 1944/1944/1944 
f 1905/1905/1905 1946/1946/1946 1904/1904/1904 
f 1947/1947/1947 1946/1946/1946 1905/1905/1905 
f 1947/1947/1947 1948/1948/1948 1946/1946/1946 
f 1949/1949/1949 1948/1948/1948 1947/1947/1947 
f 1949/1949/1949 1950/1950/1950 1948/1948/1948 
f 1951/1951/1951 1950/1950/1950 1949/1949/1949 
f 1952/1952/1952 1950/1950/1950 1951/1951/1951 
f 1953/1953/1953 1952/1952/1952 1951/1951/1951 
f 1954/1954/1954 1952/1952/1952 1953/1953/1953 
f 1955/1955/1955 1954/1954/1954 1953/1953/1953 
f 1956/1956/1956 1954/1954/1954 1955/1955/1955 
f 1957/1957/1957 1956/1956/1956 1955/1955/1955 
f 1958/1958/1958 1956/1956/1956 1957/1957/1957 
f 1959/1959/1959 1958/1958/1958 1957/1957/1957 
f 1959/1959/1959 1960/1960/1960 1958/1958/1958 
f 1961/1961/1961 1960/1960/1960 1959/1959/1959 
f 1961/1961/1961 1962/1962/1962 1960/1960/1960 
f 1962/1962/1962 1961/1961/1961 1963/1963/1963 
f 1963/1963/1963 1964/1964/1964 1962/1962/1962 
f 1964/1964/1964 1963/1963/1963 1965/1965/1965 
f 1965/1965/1965 1966/1966/1966 1964/1964/1964 
f 1914/1914/1914 1969/1969/1969 1913/1913/1913 
f 1970/1970/1970 1969/1969/1969 1914/1914/1914 
f 1970/1970/1970 1971/1971/1971 1969/1969/1969 
f 1972/1972/1972 1971/1971/1971 1970/1970/1970 
f 1972/1972/1972 1973/1973/1973 1971/1971/1971 
f 1974/1974/1974 1973/1973/1973 1972/1972/1972 
f 1974/1974/1974 1975/1975/1975 1973/1973/1973 
f 1976/1976/1976 1975/1975/1975 1974/1974/1974 
f 1976/1976/1976 1977/1977/1977 1975/1975/1975 
f 1978/1978/1978 1977/1977/1977 1976/1976/1976 
f 1978/1978/1978 1979/1979/1979 1977/1977/1977 
f 1980/1980/1980 1979/1979/1979 1978/1978/1978 
f 1980/1980/1980 1981/1981/1981 1979/1979/1979 
f 1982/1982/1982 1981/1981/1981 1980/1980/1980 
f 1982/1982/1982 1983/1983/1983 1981/1981/1981 
f 1983/1983/1983 1982/1982/1982 1984/1984/1984 
f 1984/1984/1984 1985/1985/1985 1983/1983/1983 
f 1985/1985/1985 1984/1984/1984 1986/1986/1986 
f 1986/1986/1986 1987/1987/1987 1985/1985/1985 
f 1996/1996/1996 1994/1994/1994 1995/1995/1995 
f 1994/1994/1994 1996/1996/1996 1997/1997/1997 
f 1998/1998/1998 1997/1997/1997 1996/1996/1996 
f 1997/1997/1997 1998/1998/1998 1999/1999/1999 
f 2000/2000/2000 1999/1999/1999 1998/1998/1998 
f 2000/2000/2000 1819/1819/1819 1999/1999/1999 
f 1817/1817/1817 1819/1819/1819 2000/2000/2000 
f 2007/2007/2007 2006/2006/2006 2005/2005/2005 
f 2006/2006/2006 2007/2007/2007 2008/2008/2008 
f 2009/2009/2009 2008/2008/2008 2007/2007/2007 
f 2009/2009/2009 1869/1869/1869 2008/2008/2008 
f 1867/1867/1867 1869/1869/1869 2009/2009/2009 
f 2010/2010/2010 2011/2011/2011 1816/1816/1816 
f 2011/2011/2011 2010/2010/2010 2012/2012/2012 
f 2011/2011/2011 2012/2012/2012 2013/2013/2013 
f 2014/2014/2014 2013/2013/2013 2012/2012/2012 
f 2014/2014/2014 2015/2015/2015 2013/2013/2013 
f 2015/2015/2015 2014/2014/2014 2016/2016/2016 
f 2016/2016/2016 2017/2017/2017 2015/2015/2015 
f 2017/2017/2017 2016/2016/2016 2018/2018/2018 
f 2018/2018/2018 2019/2019/2019 2017/2017/2017 
f 2019/2019/2019 2018/2018/2018 2020/2020/2020 
f 2020/2020/2020 2021/2021/2021 2019/2019/2019 
f 2021/2021/2021 2020/2020/2020 2022/2022/2022 
f 2022/2022/2022 2023/2023/2023 2021/2021/2021 
f 2023/2023/2023 2022/2022/2022 2024/2024/2024 
f 2024/2024/2024 2025/2025/2025 2023/2023/2023 
f 2025/2025/2025 2024/2024/2024 2026/2026/2026 
f 2026/2026/2026 2027/2027/2027 2025/2025/2025 
f 2027/2027/2027 2026/2026/2026 2028/2028/2028 
f 2028/2028/2028 2029/2029/2029 2027/2027/2027 
f 2029/2029/2029 2028/2028/2028 2030/2030/2030 
f 2033/2033/2033 2034/2034/2034 2035/2035/2035 
f 2034/2034/2034 2033/2033/2033 2036/2036/2036 
f 2037/2037/2037 2035/2035/2035 2034/2034/2034 
f 2035/2035/2035 2037/2037/2037 2038/2038/2038 
f 2040/2040/2040 2041/2041/2041 2039/2039/2039 
f 2041/2041/2041 2040/2040/2040 2042/2042/2042 
f 2042/2042/2042 2043/2043/2043 2041/2041/2041 
f 2043/2043/2043 2042/2042/2042 2044/2044/2044 
f 2044/2044/2044 2045/2045/2045 2043/2043/2043 
f 2045/2045/2045 2044/2044/2044 2046/2046/2046 
f 2046/2046/2046 2047/2047/2047 2045/2045/2045 
f 2047/2047/2047 2046/2046/2046 1786/1786/1786 
f 2048/2048/2048 2049/2049/2049 2050/2050/2050 
f 2049/2049/2049 2048/2048/2048 2051/2051/2051 
f 2051/2051/2051 2048/2048/2048 2052/2052/2052 
f 2053/2053/2053 2052/2052/2052 2048/2048/2048 
f 2048/2048/2048 2054/2054/2054 2053/2053/2053 
f 2050/2050/2050 2055/2055/2055 2048/2048/2048 
f 2054/2054/2054 2048/2048/2048 2055/2055/2055 
f 2055/2055/2055 2050/2050/2050 2056/2056/2056 
f 2060/2060/2060 2061/2061/2061 2059/2059/2059 
f 2061/2061/2061 2060/2060/2060 2062/2062/2062 
f 2062/2062/2062 2063/2063/2063 2061/2061/2061 
f 2063/2063/2063 2062/2062/2062 2064/2064/2064 
f 2064/2064/2064 2065/2065/2065 2063/2063/2063 
f 2065/2065/2065 2064/2064/2064 2066/2066/2066 
f 2066/2066/2066 2067/2067/2067 2065/2065/2065 
f 2067/2067/2067 2066/2066/2066 1776/1776/1776 
f 1776/1776/1776 1775/1775/1775 2067/2067/2067 

g Lleg31

v -13.1192 19.8377 232.472 
v -12.7568 20.2861 232.302 
v -12.5756 20.8326 232.394 
v -13.2598 20.158 232.414 
v -12.9935 20.8369 232.355 
v -12.6037 20.8326 232.268 
v -11.7864 20.8392 232.217 
v -11.8011 20.6125 232.088 
v -10.7034 20.5813 231.975 
v -12.6863 21.1223 232.286 
v -12.5756 20.8326 232.394 
v -11.7864 20.8392 232.217 
v -12.6535 21.0439 232.411 
v -12.4623 21.1002 232.368 
v -10.6551 20.7462 231.964 
v -10.7034 20.5813 231.975 
v -12.8259 20.8455 232.45 
v -12.8392 20.2793 232.453 
v -12.6863 21.1223 232.286 
v -13.0922 20.1666 232.509 
v -13.1192 19.8377 232.472 
v -13.3918 19.3971 232.524 
v -13.2444 19.3344 232.491 
v -13.2253 19.213 232.487 
v -13.2316 19.127 232.488 
v -13.0464 19.0307 232.447 
v -13.0173 18.9475 232.395 
v -13.4089 19.3971 232.448 
v -13.3102 19.1232 232.426 
v -12.9935 20.8369 232.355 
v -12.7098 21.0439 232.159 
v -10.5773 20.7541 231.72 
v -12.5187 21.1002 232.116 
v -10.6833 20.7462 231.838 
v -12.6863 21.1223 232.286 
v -12.4951 21.1786 232.243 
v -12.4623 21.1002 232.368 
v -10.6551 20.7462 231.964 
v -12.6535 21.0439 232.411 
v -12.6535 21.0439 232.411 
v -12.6863 21.1223 232.286 
v -13.4177 19.3971 232.409 
v -13.1485 20.1666 232.257 
v -13.2598 20.158 232.414 
v -12.9935 20.8369 232.355 
v -12.8822 20.8455 232.198 
v -12.7098 21.0439 232.159 
v -12.6863 21.1223 232.286 
v -13.3918 19.3971 232.524 
v -13.2253 19.213 232.487 
v -13.2316 19.127 232.488 
v -13.0173 18.9475 232.395 
v -13.4089 19.3971 232.448 
v -13.0276 18.9475 232.349 
v -13.2575 19.127 232.373 
v -13.2615 19.3344 232.415 
v -13.0381 19.8439 232.365 
v -13.1636 19.8371 232.321 
v -13.2703 19.3344 232.376 
v -13.4177 19.3971 232.409 
v -12.7568 20.2861 232.302 
v -12.8935 20.2794 232.2 
v -13.1485 20.1666 232.257 
v -13.2598 20.158 232.414 
v -12.9935 20.8369 232.355 
v -12.8822 20.8455 232.198 
v -12.7098 21.0439 232.159 
v -12.6319 20.8326 232.142 
v -12.6037 20.8326 232.268 
v -11.8416 20.8198 231.965 
v -11.8011 20.6125 232.088 
v -10.6256 20.5891 231.731 
v -10.5773 20.7541 231.72 
v -12.5187 21.1002 232.116 
v -10.6833 20.7462 231.838 
v -12.6863 21.1223 232.286 
v -12.4951 21.1786 232.243 
v -13.4089 19.3971 232.448 
v -13.3102 19.1232 232.426 
v -13.0276 18.9475 232.349 
v -13.2575 19.127 232.373 
v -13.0723 19.0307 232.331 
v -13.264 19.2122 232.374 
v -13.0119 19.0339 232.359 
v -13.2253 19.213 232.487 
v -13.1962 19.2156 232.421 
v -12.5756 20.8326 232.394 
v -12.7098 21.0439 232.159 
v -12.6319 20.8326 232.142 
v -12.6037 20.8326 232.268 
v -11.7864 20.8392 232.217 
v -11.8416 20.8198 231.965 
v -11.8011 20.6125 232.088 
v -10.7034 20.5813 231.975 
v -10.7316 20.5813 231.849 
v -10.6256 20.5891 231.731 
v -13.2253 19.213 232.487 
v -13.2316 19.127 232.488 
v -13.0173 18.9475 232.395 
v -13.3102 19.1232 232.426 
v -13.0247 18.9475 232.362 
v -13.0276 18.9475 232.349 
v -13.2575 19.127 232.373 
v -13.1192 19.8377 232.472 
v -13.2615 19.3344 232.415 
v -13.0381 19.8439 232.365 
v -12.8392 20.2793 232.453 
v -13.1636 19.8371 232.321 
v -13.2703 19.3344 232.376 
v -13.4177 19.3971 232.409 
v -12.7568 20.2861 232.302 
v -12.5756 20.8326 232.394 
v -12.7098 21.0439 232.159 
v -12.6319 20.8326 232.142 
v -12.6037 20.8326 232.268 
v -10.6256 20.5891 231.731 
v -10.5773 20.7541 231.72 
v -10.6833 20.7462 231.838 
v -10.7316 20.5813 231.849 
v -10.6551 20.7462 231.964 
v -10.7034 20.5813 231.975 
v -13.0276 18.9475 232.349 
v -13.2575 19.127 232.373 
v -13.264 19.2122 232.374 
v -13.0119 19.0339 232.359 
v -13.0247 18.9475 232.362 
v -13.0173 18.9475 232.395 
v -13.0464 19.0307 232.447 
v -13.2253 19.213 232.487 
v -13.1962 19.2156 232.421 
v -13.2444 19.3344 232.491 

vn 0.370079 -0.102362 0.92126 
vn 0.858268 -0.464567 -0.212598 
vn 0.228346 -0.244094 0.944882 
vn -0.937008 0.307087 0.165354 
vn -0.818898 0.551181 0.181102 
vn 0.0472441 -1 0.015748 
vn 0.141732 -0.425197 0.897638 
vn -0.125984 -0.992126 0.015748 
vn 0.212598 -0.496063 0.84252 
vn -0.370079 0.92126 0.0866142 
vn 0.228346 -0.244094 0.944882 
vn 0.141732 -0.425197 0.897638 
vn 0.11811 0.165354 0.976378 
vn 0.204724 0.629921 0.748031 
vn 0.370079 0.456693 0.811024 
vn 0.212598 -0.496063 0.84252 
vn 0.125984 0.0551181 0.992126 
vn 0.362205 -0.102362 0.929134 
vn -0.370079 0.92126 0.0866142 
vn 0.133858 0 0.992126 
vn 0.370079 -0.102362 0.92126 
vn 0.0944882 -0.0708661 0.992126 
vn 0.299213 -0.110236 0.944882 
vn 0.307087 -0.015748 0.952756 
vn 0.00787402 -0.259843 0.968504 
vn 0.299213 -0.0393701 0.952756 
vn 0.11811 -0.645669 0.755906 
vn -0.984252 -0.133858 0.0787402 
vn -0.677165 -0.732283 -0.0314961 
vn -0.818898 0.551181 0.181102 
vn -0.291339 0.188976 -0.937008 
vn 0.0314961 0.574803 -0.818898 
vn -0.133858 0.629921 -0.76378 
vn 0.393701 0.913386 0.0866142 
vn -0.370079 0.92126 0.0866142 
vn 0.0944882 0.992126 0.015748 
vn 0.204724 0.629921 0.748031 
vn 0.370079 0.456693 0.811024 
vn 0.11811 0.165354 0.976378 
vn 0.11811 0.165354 0.976378 
vn -0.370079 0.92126 0.0866142 
vn -0.330709 -0.0787402 -0.944882 
vn -0.299213 -0.015748 -0.952756 
vn -0.937008 0.307087 0.165354 
vn -0.818898 0.551181 0.181102 
vn -0.299213 0.0551181 -0.952756 
vn -0.291339 0.188976 -0.937008 
vn -0.370079 0.92126 0.0866142 
vn 0.0944882 -0.0708661 0.992126 
vn 0.307087 -0.015748 0.952756 
vn 0.00787402 -0.259843 0.968504 
vn 0.11811 -0.645669 0.755906 
vn -0.984252 -0.133858 0.0787402 
vn -0.228346 -0.480315 -0.84252 
vn -0.377953 -0.19685 -0.905512 
vn 0.92126 -0.015748 -0.393701 
vn 0.826772 -0.488189 -0.291339 
vn -0.0629921 -0.11811 -0.992126 
vn -0.11811 -0.0787402 -0.992126 
vn -0.330709 -0.0787402 -0.944882 
vn 0.858268 -0.464567 -0.212598 
vn -0.0629921 -0.125984 -0.992126 
vn -0.299213 -0.015748 -0.952756 
vn -0.937008 0.307087 0.165354 
vn -0.818898 0.551181 0.181102 
vn -0.299213 0.0551181 -0.952756 
vn -0.291339 0.188976 -0.937008 
vn -0.188976 -0.23622 -0.952756 
vn 0.0472441 -1 0.015748 
vn -0.23622 -0.377953 -0.889764 
vn -0.125984 -0.992126 0.015748 
vn -0.125984 -0.464567 -0.874016 
vn 0.0314961 0.574803 -0.818898 
vn -0.133858 0.629921 -0.76378 
vn 0.393701 0.913386 0.0866142 
vn -0.370079 0.92126 0.0866142 
vn 0.0944882 0.992126 0.015748 
vn -0.984252 -0.133858 0.0787402 
vn -0.677165 -0.732283 -0.0314961 
vn -0.228346 -0.480315 -0.84252 
vn -0.377953 -0.19685 -0.905512 
vn -0.125984 0 -0.992126 
vn -0.11811 0.0314961 -0.992126 
vn 0.748031 0.519685 -0.401575 
vn 0.307087 -0.015748 0.952756 
vn 0.795276 0.559055 -0.251969 
vn 0.228346 -0.244094 0.944882 
vn -0.291339 0.188976 -0.937008 
vn -0.188976 -0.23622 -0.952756 
vn 0.0472441 -1 0.015748 
vn 0.141732 -0.425197 0.897638 
vn -0.23622 -0.377953 -0.889764 
vn -0.125984 -0.992126 0.015748 
vn 0.212598 -0.496063 0.84252 
vn 0.0472441 -1 -0.023622 
vn -0.125984 -0.464567 -0.874016 
vn 0.307087 -0.015748 0.952756 
vn 0.00787402 -0.259843 0.968504 
vn 0.11811 -0.645669 0.755906 
vn -0.677165 -0.732283 -0.0314961 
vn -0.173228 -0.937008 -0.299213 
vn -0.228346 -0.480315 -0.84252 
vn -0.377953 -0.19685 -0.905512 
vn 0.370079 -0.102362 0.92126 
vn 0.92126 -0.015748 -0.393701 
vn 0.826772 -0.488189 -0.291339 
vn 0.362205 -0.102362 0.929134 
vn -0.0629921 -0.11811 -0.992126 
vn -0.11811 -0.0787402 -0.992126 
vn -0.330709 -0.0787402 -0.944882 
vn 0.858268 -0.464567 -0.212598 
vn 0.228346 -0.244094 0.944882 
vn -0.291339 0.188976 -0.937008 
vn -0.188976 -0.23622 -0.952756 
vn 0.0472441 -1 0.015748 
vn -0.125984 -0.464567 -0.874016 
vn 0.0314961 0.574803 -0.818898 
vn 0.393701 0.913386 0.0866142 
vn 0.0472441 -1 -0.023622 
vn 0.370079 0.456693 0.811024 
vn 0.212598 -0.496063 0.84252 
vn -0.228346 -0.480315 -0.84252 
vn -0.377953 -0.19685 -0.905512 
vn -0.11811 0.0314961 -0.992126 
vn 0.748031 0.519685 -0.401575 
vn -0.173228 -0.937008 -0.299213 
vn 0.11811 -0.645669 0.755906 
vn 0.299213 -0.0393701 0.952756 
vn 0.307087 -0.015748 0.952756 
vn 0.795276 0.559055 -0.251969 
vn 0.299213 -0.110236 0.944882 

vt 62.8598 -13.0282 
vt 62.9051 -12.9721 
vt 62.9277 -12.9038 
vt 62.8422 -12.9881 
vt 62.8755 -12.9033 
vt 62.9242 -12.9038 
vt 63.0264 -12.903 
vt 63.0245 -12.9313 
vt 63.1618 -12.9352 
vt 62.9139 -12.8676 
vt 62.9277 -12.9038 
vt 63.0264 -12.903 
vt 62.918 -12.8774 
vt 62.9419 -12.8704 
vt 63.1678 -12.9146 
vt 63.1618 -12.9352 
vt 62.8965 -12.9022 
vt 62.8948 -12.973 
vt 62.9139 -12.8676 
vt 62.8632 -12.9871 
vt 62.8598 -13.0282 
vt 62.8257 -13.0832 
vt 62.8441 -13.0911 
vt 62.8465 -13.1062 
vt 62.8457 -13.117 
vt 62.8689 -13.129 
vt 62.8725 -13.1394 
vt 62.8236 -13.0832 
vt 62.8359 -13.1175 
vt 62.9709 -12.8755 
vt 62.9954 -12.911 
vt 63.0502 -13.1775 
vt 63.0007 -12.9349 
vt 63.0355 -13.1643 
vt 62.9795 -12.9139 
vt 62.9849 -12.9378 
vt 62.9692 -12.9419 
vt 63.0198 -13.1678 
vt 62.9639 -12.918 
vt 62.9639 -12.918 
vt 62.9795 -12.9139 
vt 63.0358 -13.0832 
vt 63.0169 -12.9871 
vt 63.0365 -12.9881 
vt 63.0291 -12.9033 
vt 63.0094 -12.9022 
vt 63.0046 -12.8774 
vt 63.0205 -12.8676 
vt 63.0502 -13.0832 
vt 63.0456 -13.1062 
vt 63.0458 -13.117 
vt 63.034 -13.1394 
vt 63.0407 -13.0832 
vt 63.0283 -13.1394 
vt 63.0313 -13.117 
vt 63.158 -13.0911 
vt 63.1301 -13.0274 
vt 63.1458 -13.0282 
vt 63.1591 -13.0911 
vt 63.1775 -13.0832 
vt 63.0949 -12.9721 
vt 63.112 -12.973 
vt 63.1439 -12.9871 
vt 63.1578 -12.9881 
vt 63.1245 -12.9033 
vt 63.1106 -12.9022 
vt 63.089 -12.8774 
vt 63.0793 -12.9038 
vt 63.0758 -12.9038 
vt 62.9805 -12.9054 
vt 62.9755 -12.9313 
vt 62.8285 -12.9342 
vt 62.8225 -12.9136 
vt 63.0651 -12.8704 
vt 62.8357 -12.9146 
vt 63.0861 -12.8676 
vt 63.0622 -12.8606 
vt 63.1764 -13.0832 
vt 63.1641 -13.1175 
vt 63.1288 -13.1394 
vt 63.1575 -13.117 
vt 63.1343 -13.129 
vt 63.1583 -13.1063 
vt 63.1268 -13.1286 
vt 63.1535 -13.1062 
vt 63.1498 -13.1059 
vt 63.0339 -12.9277 
vt 63.0046 -12.911 
vt 63.0024 -12.9207 
vt 63.0182 -12.9242 
vt 63.0119 -13.0264 
vt 62.9803 -13.0195 
vt 62.9957 -13.0245 
vt 62.9816 -13.1618 
vt 62.9659 -13.1582 
vt 62.9511 -13.1715 
vt 63.0456 -12.8465 
vt 63.0458 -12.8457 
vt 63.034 -12.8725 
vt 63.0379 -12.8359 
vt 63.0299 -12.8716 
vt 63.0283 -12.8712 
vt 63.0313 -12.8425 
vt 62.9563 -13.0282 
vt 62.9634 -13.0911 
vt 62.9697 -13.0274 
vt 62.9587 -12.973 
vt 62.9752 -13.0282 
vt 62.9683 -13.0911 
vt 62.9642 -13.0832 
vt 62.9775 -12.9721 
vt 62.9661 -12.9038 
vt 62.9954 -12.8774 
vt 62.9976 -12.9038 
vt 62.9818 -12.9038 
vt 63.0489 -12.9342 
vt 63.0502 -12.9136 
vt 63.0355 -12.9146 
vt 63.0341 -12.9352 
vt 63.0198 -12.9146 
vt 63.0184 -12.9352 
vt 62.9717 -13.1394 
vt 62.9687 -13.117 
vt 62.9685 -13.1063 
vt 62.9704 -13.1286 
vt 62.9701 -13.1394 
vt 62.966 -13.1394 
vt 62.9594 -13.129 
vt 62.9544 -13.1062 
vt 62.9626 -13.1059 
vt 62.9539 -13.0911 

usemtl Lleg31Mtl

f 2074/2074/2074 2073/2073/2073 2075/2075/2075 
f 2075/2075/2075 2076/2076/2076 2074/2074/2074 
f 2078/2078/2078 2079/2079/2079 2080/2080/2080 
f 2079/2079/2079 2081/2081/2081 2080/2080/2080 
f 2081/2081/2081 2079/2079/2079 2082/2082/2082 
f 2083/2083/2083 2082/2082/2082 2079/2079/2079 
f 2080/2080/2080 2084/2084/2084 2078/2078/2078 
f 2084/2084/2084 2085/2085/2085 2078/2078/2078 
f 2080/2080/2080 2072/2072/2072 2084/2084/2084 
f 2085/2085/2085 2084/2084/2084 2087/2087/2087 
f 2072/2072/2072 2087/2087/2087 2084/2084/2084 
f 2088/2088/2088 2085/2085/2085 2087/2087/2087 
f 2087/2087/2087 2089/2089/2089 2088/2088/2088 
f 2090/2090/2090 2088/2088/2088 2089/2089/2089 
f 2089/2089/2089 2091/2091/2091 2090/2090/2090 
f 2071/2071/2071 2089/2089/2089 2087/2087/2087 
f 2087/2087/2087 2072/2072/2072 2071/2071/2071 
f 2089/2089/2089 2092/2092/2092 2091/2091/2091 
f 2093/2093/2093 2091/2091/2091 2092/2092/2092 
f 2092/2092/2092 2094/2094/2094 2093/2093/2093 
f 2092/2092/2092 2095/2095/2095 2096/2096/2096 
f 2100/2100/2100 2101/2101/2101 2099/2099/2099 
f 2102/2102/2102 2100/2100/2100 2098/2098/2098 
f 2103/2103/2103 2101/2101/2101 2100/2100/2100 
f 2100/2100/2100 2102/2102/2102 2103/2103/2103 
f 2104/2104/2104 2101/2101/2101 2103/2103/2103 
f 2104/2104/2104 2103/2103/2103 2102/2102/2102 
f 2101/2101/2101 2104/2104/2104 2105/2105/2105 
f 2104/2104/2104 2102/2102/2102 2106/2106/2106 
f 2097/2097/2097 2107/2107/2107 2108/2108/2108 
f 2110/2110/2110 2109/2109/2109 2111/2111/2111 
f 2112/2112/2112 2110/2110/2110 2111/2111/2111 
f 2113/2113/2113 2110/2110/2110 2112/2112/2112 
f 2112/2112/2112 2114/2114/2114 2113/2113/2113 
f 2114/2114/2114 2112/2112/2112 2115/2115/2115 
f 2120/2120/2120 2118/2118/2118 2116/2116/2116 
f 2116/2116/2116 2111/2111/2111 2120/2120/2120 
f 2111/2111/2111 2109/2109/2109 2120/2120/2120 
f 2109/2109/2109 2122/2122/2122 2120/2120/2120 
f 2124/2124/2124 2123/2123/2123 2125/2125/2125 
f 2125/2125/2125 2126/2126/2126 2127/2127/2127 
f 2129/2129/2129 2124/2124/2124 2125/2125/2125 
f 2128/2128/2128 2124/2124/2124 2129/2129/2129 
f 2127/2127/2127 2130/2130/2130 2125/2125/2125 
f 2129/2129/2129 2125/2125/2125 2130/2130/2130 
f 2130/2130/2130 2133/2133/2133 2129/2129/2129 
f 2129/2129/2129 2133/2133/2133 2135/2135/2135 
f 2135/2135/2135 2128/2128/2128 2129/2129/2129 
f 2134/2134/2134 2135/2135/2135 2133/2133/2133 
f 2135/2135/2135 2134/2134/2134 2137/2137/2137 
f 2137/2137/2137 2138/2138/2138 2136/2136/2136 
f 2138/2138/2138 2137/2137/2137 2139/2139/2139 
f 2137/2137/2137 2140/2140/2140 2139/2139/2139 
f 2141/2141/2141 2140/2140/2140 2137/2137/2137 
f 2137/2137/2137 2134/2134/2134 2141/2141/2141 
f 2145/2145/2145 2148/2148/2148 2146/2146/2146 
f 2147/2147/2147 2148/2148/2148 2149/2149/2149 
f 2150/2150/2150 2149/2149/2149 2148/2148/2148 
f 2148/2148/2148 2127/2127/2127 2150/2150/2150 
f 2151/2151/2151 2147/2147/2147 2149/2149/2149 
f 2150/2150/2150 2151/2151/2151 2149/2149/2149 
f 2153/2153/2153 2151/2151/2151 2150/2150/2150 
f 2150/2150/2150 2123/2123/2123 2153/2153/2153 
f 2127/2127/2127 2126/2126/2126 2150/2150/2150 
f 2157/2157/2157 2158/2158/2158 2154/2154/2154 
f 2159/2159/2159 2157/2157/2157 2156/2156/2156 
f 2161/2161/2161 2160/2160/2160 2162/2162/2162 
f 2162/2162/2162 2160/2160/2160 2163/2163/2163 
f 2167/2167/2167 2166/2166/2166 2165/2165/2165 
f 2166/2166/2166 2167/2167/2167 2168/2168/2168 
f 2167/2167/2167 2169/2169/2169 2168/2168/2168 
f 2170/2170/2170 2169/2169/2169 2167/2167/2167 
f 2171/2171/2171 2172/2172/2172 2173/2173/2173 
f 2173/2173/2173 2174/2174/2174 2171/2171/2171 
f 2175/2175/2175 2172/2172/2172 2176/2176/2176 
f 2174/2174/2174 2173/2173/2173 2178/2178/2178 
f 2178/2178/2178 2179/2179/2179 2174/2174/2174 
f 2179/2179/2179 2178/2178/2178 2182/2182/2182 
f 2182/2182/2182 2178/2178/2178 2181/2181/2181 
f 2185/2185/2185 2183/2183/2183 2184/2184/2184 
f 2183/2183/2183 2185/2185/2185 2186/2186/2186 
f 2187/2187/2187 2186/2186/2186 2185/2185/2185 
f 2186/2186/2186 2187/2187/2187 2188/2188/2188 
f 2189/2189/2189 2192/2192/2192 2193/2193/2193 
f 2192/2192/2192 2194/2194/2194 2193/2193/2193 
f 2195/2195/2195 2194/2194/2194 2192/2192/2192 
f 2192/2192/2192 2196/2196/2196 2195/2195/2195 
f 2196/2196/2196 2192/2192/2192 2197/2197/2197 
f 2197/2197/2197 2198/2198/2198 2196/2196/2196 
f 2198/2198/2198 2197/2197/2197 2172/2172/2172 
f 2172/2172/2172 2171/2171/2171 2198/2198/2198 
f 2172/2172/2172 2191/2191/2191 2176/2176/2176 

g Lleg21

v -13.1811 19.8377 231.409 
v -13.3075 19.3344 231.322 
v -13.0785 19.8439 231.322 
v -12.9037 20.2793 231.451 
v -13.1914 19.8371 231.252 
v -12.7903 20.2861 231.322 
v -12.6335 20.8325 231.451 
v -13.3057 20.158 231.322 
v -13.0329 20.8368 231.322 
v -12.6335 20.8325 231.322 
v -11.8248 20.8392 231.451 
v -11.811 20.6125 231.322 
v -10.7151 20.5813 231.451 
v -10.586 20.5891 231.23 
v -10.5365 20.7541 231.23 
v -10.6656 20.7462 231.322 
v -10.7151 20.5813 231.322 
v -12.718 21.1223 231.322 
v -12.6335 20.8325 231.451 
v -11.8248 20.8392 231.451 
v -12.7133 21.0439 231.451 
v -12.5174 21.1002 231.451 
v -10.6656 20.7462 231.451 
v -10.7151 20.5813 231.451 
v -12.89 20.8455 231.451 
v -12.9037 20.2793 231.451 
v -12.718 21.1223 231.322 
v -13.1628 20.1666 231.451 
v -13.1811 19.8377 231.409 
v -13.4585 19.3971 231.401 
v -13.3075 19.3344 231.401 
v -13.2878 19.213 231.401 
v -13.2944 19.127 231.401 
v -13.1046 19.0307 231.401 
v -13.0648 18.9475 231.356 
v -13.0329 20.8368 231.322 
v -12.7133 21.0439 231.193 
v -11.8236 20.8198 231.193 
v -10.7151 20.5813 231.322 
v -10.5365 20.7541 231.23 
v -12.5174 21.1002 231.193 
v -10.6656 20.7462 231.322 
v -12.718 21.1223 231.322 
v -12.5222 21.1786 231.322 
v -12.5174 21.1002 231.451 
v -10.6656 20.7462 231.451 
v -12.7133 21.0439 231.451 
v -12.7133 21.0439 231.451 
v -12.718 21.1223 231.322 
v -13.0648 18.9475 231.309 
v -13.2944 19.127 231.282 
v -13.3011 19.2122 231.282 
v -13.0517 19.0339 231.322 
v -13.1046 19.0307 231.401 
v -13.2878 19.213 231.401 
v -13.2451 19.2156 231.343 
v -13.4585 19.3971 231.282 
v -13.3057 20.158 231.322 
v -13.0329 20.8368 231.322 
v -13.4585 19.3971 231.401 
v -13.2878 19.213 231.401 
v -13.2944 19.127 231.401 
v -13.0648 18.9475 231.356 
v -13.4585 19.3971 231.322 
v -13.3573 19.1231 231.322 
v -13.0648 18.9475 231.309 
v -13.2944 19.127 231.282 
v -13.3075 19.3344 231.322 
v -13.0785 19.8439 231.322 
v -13.1914 19.8371 231.252 
v -13.3075 19.3344 231.282 
v -13.4585 19.3971 231.282 
v -12.7903 20.2861 231.322 
v -12.9015 20.2794 231.193 
v -13.1628 20.1666 231.193 
v -13.3057 20.158 231.322 
v -13.0329 20.8368 231.322 
v -12.89 20.8455 231.193 
v -12.7133 21.0439 231.193 
v -12.6335 20.8325 231.193 
v -12.6335 20.8325 231.322 
v -11.8236 20.8198 231.193 
v -11.811 20.6125 231.322 
v -10.586 20.5891 231.23 
v -10.5365 20.7541 231.23 
v -10.6656 20.7462 231.322 
v -12.5174 21.1002 231.193 
v -10.6656 20.7462 231.322 
v -12.718 21.1223 231.322 
v -12.5222 21.1786 231.322 
v -13.4585 19.3971 231.322 
v -13.3573 19.1231 231.322 
v -13.0648 18.9475 231.309 
v -13.2944 19.127 231.282 
v -13.1046 19.0307 231.282 
v -13.3011 19.2122 231.282 
v -13.0517 19.0339 231.322 
v -12.6335 20.8325 231.451 
v -12.7133 21.0439 231.193 
v -12.6335 20.8325 231.193 
v -12.6335 20.8325 231.322 
v -11.8248 20.8392 231.451 
v -11.8236 20.8198 231.193 
v -11.811 20.6125 231.322 
v -10.7151 20.5813 231.451 
v -10.7151 20.5813 231.322 
v -10.586 20.5891 231.23 
v -12.718 21.1223 231.322 
v -13.2944 19.127 231.401 
v -13.0648 18.9475 231.356 
v -13.3573 19.1231 231.322 
v -13.0648 18.9475 231.322 
v -13.0648 18.9475 231.309 
v -13.1811 19.8377 231.409 
v -13.3075 19.3344 231.322 
v -13.0785 19.8439 231.322 
v -12.9037 20.2793 231.451 
v -13.1914 19.8371 231.252 
v -13.3075 19.3344 231.282 
v -13.4585 19.3971 231.282 
v -12.7903 20.2861 231.322 
v -12.6335 20.8325 231.451 
v -12.9015 20.2794 231.193 
v -12.7133 21.0439 231.193 
v -12.6335 20.8325 231.193 
v -12.6335 20.8325 231.322 
v -10.6656 20.7462 231.322 
v -10.7151 20.5813 231.322 
v -10.6656 20.7462 231.451 
v -10.7151 20.5813 231.451 
v -13.0648 18.9475 231.309 
v -13.2944 19.127 231.282 
v -13.3011 19.2122 231.282 
v -13.0517 19.0339 231.322 
v -13.0648 18.9475 231.322 
v -13.0648 18.9475 231.356 
v -13.1046 19.0307 231.401 
v -13.2878 19.213 231.401 
v -13.2451 19.2156 231.343 
v -13.3075 19.3344 231.401 

vn 0.15748 -0.102362 0.984252 
vn 0.984252 -0.015748 -0.181102 
vn 0.866142 -0.488189 -0.102362 
vn 0.149606 -0.102362 0.984252 
vn 0.149606 -0.11811 -0.984252 
vn 0.88189 -0.464567 -0.015748 
vn 0.015748 -0.244094 0.968504 
vn -0.952756 0.307087 -0.0393701 
vn -0.834646 0.551181 0 
vn 0.0393701 -1 0.023622 
vn -0.0551181 -0.425197 0.905512 
vn -0.125984 -0.992126 -0.015748 
vn 0.023622 -0.496063 0.874016 
vn 0.0629921 -0.464567 -0.88189 
vn 0.212598 0.574803 -0.795276 
vn 0.370079 0.913386 0.165354 
vn 0.0472441 -1 -0.015748 
vn -0.377953 0.92126 0 
vn 0.015748 -0.244094 0.968504 
vn -0.0551181 -0.425197 0.905512 
vn -0.0944882 0.165354 0.984252 
vn 0.0393701 0.629921 0.779528 
vn 0.181102 0.456693 0.874016 
vn 0.023622 -0.496063 0.874016 
vn -0.0944882 0.0551181 0.992126 
vn 0.149606 -0.102362 0.984252 
vn -0.377953 0.92126 0 
vn -0.0866142 0 1 
vn 0.15748 -0.102362 0.984252 
vn -0.11811 -0.0708661 0.992126 
vn 0.0866142 -0.110236 0.992126 
vn 0.0866142 -0.015748 0.992126 
vn -0.204724 -0.259843 0.944882 
vn 0.0787402 -0.0393701 1 
vn -0.0472441 -0.645669 0.76378 
vn -0.834646 0.551181 0 
vn -0.0787402 0.188976 -0.976378 
vn -0.0393701 -0.377953 -0.92126 
vn 0.0472441 -1 -0.015748 
vn 0.212598 0.574803 -0.795276 
vn 0.0393701 0.629921 -0.771654 
vn 0.370079 0.913386 0.165354 
vn -0.377953 0.92126 0 
vn 0.0866142 0.992126 0.0393701 
vn 0.0393701 0.629921 0.779528 
vn 0.181102 0.456693 0.874016 
vn -0.0944882 0.165354 0.984252 
vn -0.0944882 0.165354 0.984252 
vn -0.377953 0.92126 0 
vn -0.0393701 -0.480315 -0.874016 
vn -0.173228 -0.19685 -0.968504 
vn 0.102362 0.0314961 -0.992126 
vn 0.818898 0.519685 -0.228346 
vn 0.0787402 -0.0393701 1 
vn 0.0866142 -0.015748 0.992126 
vn 0.826772 0.559055 -0.0708661 
vn -0.11811 -0.0787402 -0.992126 
vn -0.952756 0.307087 -0.0393701 
vn -0.834646 0.551181 0 
vn -0.11811 -0.0708661 0.992126 
vn 0.0866142 -0.015748 0.992126 
vn -0.204724 -0.259843 0.944882 
vn -0.0472441 -0.645669 0.76378 
vn -0.984252 -0.133858 -0.141732 
vn -0.653543 -0.732283 -0.181102 
vn -0.0393701 -0.480315 -0.874016 
vn -0.173228 -0.19685 -0.968504 
vn 0.984252 -0.015748 -0.181102 
vn 0.866142 -0.488189 -0.102362 
vn 0.149606 -0.11811 -0.984252 
vn 0.0944882 -0.0787402 -0.992126 
vn -0.11811 -0.0787402 -0.992126 
vn 0.88189 -0.464567 -0.015748 
vn 0.149606 -0.125984 -0.984252 
vn -0.0866142 -0.015748 -1 
vn -0.952756 0.307087 -0.0393701 
vn -0.834646 0.551181 0 
vn -0.0866142 0.0551181 -0.992126 
vn -0.0787402 0.188976 -0.976378 
vn 0.023622 -0.23622 -0.968504 
vn 0.0393701 -1 0.023622 
vn -0.0393701 -0.377953 -0.92126 
vn -0.125984 -0.992126 -0.015748 
vn 0.0629921 -0.464567 -0.88189 
vn 0.212598 0.574803 -0.795276 
vn 0.370079 0.913386 0.165354 
vn 0.0393701 0.629921 -0.771654 
vn 0.370079 0.913386 0.165354 
vn -0.377953 0.92126 0 
vn 0.0866142 0.992126 0.0393701 
vn -0.984252 -0.133858 -0.141732 
vn -0.653543 -0.732283 -0.181102 
vn -0.0393701 -0.480315 -0.874016 
vn -0.173228 -0.19685 -0.968504 
vn 0.0944882 0 -0.992126 
vn 0.102362 0.0314961 -0.992126 
vn 0.818898 0.519685 -0.228346 
vn 0.015748 -0.244094 0.968504 
vn -0.0787402 0.188976 -0.976378 
vn 0.023622 -0.23622 -0.968504 
vn 0.0393701 -1 0.023622 
vn -0.0551181 -0.425197 0.905512 
vn -0.0393701 -0.377953 -0.92126 
vn -0.125984 -0.992126 -0.015748 
vn 0.023622 -0.496063 0.874016 
vn 0.0472441 -1 -0.015748 
vn 0.0629921 -0.464567 -0.88189 
vn -0.377953 0.92126 0 
vn -0.204724 -0.259843 0.944882 
vn -0.0472441 -0.645669 0.76378 
vn -0.653543 -0.732283 -0.181102 
vn -0.110236 -0.937008 -0.330709 
vn -0.0393701 -0.480315 -0.874016 
vn 0.15748 -0.102362 0.984252 
vn 0.984252 -0.015748 -0.181102 
vn 0.866142 -0.488189 -0.102362 
vn 0.149606 -0.102362 0.984252 
vn 0.149606 -0.11811 -0.984252 
vn 0.0944882 -0.0787402 -0.992126 
vn -0.11811 -0.0787402 -0.992126 
vn 0.88189 -0.464567 -0.015748 
vn 0.015748 -0.244094 0.968504 
vn 0.149606 -0.125984 -0.984252 
vn -0.0787402 0.188976 -0.976378 
vn 0.023622 -0.23622 -0.968504 
vn 0.0393701 -1 0.023622 
vn 0.370079 0.913386 0.165354 
vn 0.0472441 -1 -0.015748 
vn 0.181102 0.456693 0.874016 
vn 0.023622 -0.496063 0.874016 
vn -0.0393701 -0.480315 -0.874016 
vn -0.173228 -0.19685 -0.968504 
vn 0.102362 0.0314961 -0.992126 
vn 0.818898 0.519685 -0.228346 
vn -0.110236 -0.937008 -0.330709 
vn -0.0472441 -0.645669 0.76378 
vn 0.0787402 -0.0393701 1 
vn 0.0866142 -0.015748 0.992126 
vn 0.826772 0.559055 -0.0708661 
vn 0.0866142 -0.110236 0.992126 

vt 21.852 -45.0282 
vt 21.8363 -45.0911 
vt 21.8649 -45.0274 
vt 21.8867 -44.973 
vt 21.8508 -45.0282 
vt 21.9009 -44.9721 
vt 21.9205 -44.9038 
vt 21.8365 -44.9881 
vt 21.8706 -44.9033 
vt 21.9205 -44.9038 
vt 22.0216 -44.903 
vt 22.0233 -44.9313 
vt 22.1603 -44.9352 
vt 22.1764 -44.9342 
vt 22.1826 -44.9136 
vt 22.1665 -44.9146 
vt 22.1603 -44.9352 
vt 21.9099 -44.8676 
vt 21.9205 -44.9038 
vt 22.0216 -44.903 
vt 21.9105 -44.8774 
vt 21.935 -44.8704 
vt 22.1665 -44.9146 
vt 22.1603 -44.9352 
vt 21.8884 -44.9022 
vt 21.8867 -44.973 
vt 21.9099 -44.8676 
vt 21.8543 -44.987 
vt 21.852 -45.0282 
vt 21.8174 -45.0832 
vt 21.8363 -45.0911 
vt 21.8387 -45.1063 
vt 21.8379 -45.117 
vt 21.8616 -45.129 
vt 21.8666 -45.1394 
vt 22 -44.8706 
vt 22.0161 -44.9105 
vt 22.0161 -45.0217 
vt 22 -45.1603 
vt 22.0115 -45.1826 
vt 22.0161 -44.935 
vt 22 -45.1665 
vt 22 -44.9099 
vt 22 -44.9344 
vt 21.9839 -44.935 
vt 21.9839 -45.1665 
vt 21.9839 -44.9105 
vt 21.9839 -44.9105 
vt 22 -44.9099 
vt 22.0017 -44.8666 
vt 22.005 -44.8379 
vt 22.005 -44.8371 
vt 22 -44.8682 
vt 21.9902 -44.8616 
vt 21.9902 -44.8387 
vt 21.9974 -44.844 
vt 21.995 -45.0832 
vt 22 -44.9881 
vt 22 -44.9033 
vt 22.0098 -45.0832 
vt 22.0098 -45.1063 
vt 22.0098 -45.117 
vt 22.0042 -45.1394 
vt 22 -45.0832 
vt 22 -45.1175 
vt 21.9983 -45.1394 
vt 21.995 -45.117 
vt 22.1637 -45.0911 
vt 22.1351 -45.0274 
vt 22.1492 -45.0282 
vt 22.1637 -45.0911 
vt 22.1826 -45.0832 
vt 22.0991 -44.9721 
vt 22.113 -44.973 
vt 22.1457 -44.987 
vt 22.1635 -44.9881 
vt 22.1294 -44.9033 
vt 22.1116 -44.9022 
vt 22.0895 -44.8774 
vt 22.0795 -44.9038 
vt 22.0795 -44.9038 
vt 21.9783 -44.9054 
vt 21.9767 -44.9313 
vt 21.8236 -44.9342 
vt 21.8174 -44.9136 
vt 21.8335 -44.9146 
vt 22.065 -44.8704 
vt 21.8335 -44.9146 
vt 22.0901 -44.8676 
vt 22.0656 -44.8606 
vt 22.1826 -45.0832 
vt 22.17 -45.1175 
vt 22.1334 -45.1394 
vt 22.1621 -45.117 
vt 22.1384 -45.129 
vt 22.1629 -45.1063 
vt 22.1318 -45.1286 
vt 22.0161 -44.9205 
vt 21.9839 -44.9105 
vt 21.9839 -44.9205 
vt 22 -44.9205 
vt 22.0161 -45.0216 
vt 21.9839 -45.0217 
vt 22 -45.0233 
vt 22.0161 -45.1603 
vt 22 -45.1603 
vt 21.9885 -45.1764 
vt 22 -44.9099 
vt 22.0098 -44.8379 
vt 22.0042 -44.8666 
vt 22 -44.83 
vt 22 -44.8666 
vt 21.9983 -44.8666 
vt 21.9891 -45.0282 
vt 22 -45.0911 
vt 22 -45.0274 
vt 21.9839 -44.973 
vt 22.0088 -45.0282 
vt 22.005 -45.0911 
vt 22.005 -45.0832 
vt 22 -44.9721 
vt 21.9839 -44.9038 
vt 22.0161 -44.973 
vt 22.0161 -44.8774 
vt 22.0161 -44.9038 
vt 22 -44.9038 
vt 22 -44.9146 
vt 22 -44.9352 
vt 21.9839 -44.9146 
vt 21.9839 -44.9352 
vt 22.0017 -45.1394 
vt 22.005 -45.117 
vt 22.005 -45.1063 
vt 22 -45.1286 
vt 22 -45.1394 
vt 21.9958 -45.1394 
vt 21.9902 -45.129 
vt 21.9902 -45.1063 
vt 21.9974 -45.1059 
vt 21.9902 -45.0911 

usemtl Lleg31Mtl

f 2199/2199/2199 2200/2200/2200 2201/2201/2201 
f 2201/2201/2201 2202/2202/2202 2199/2199/2199 
f 2209/2209/2209 2208/2208/2208 2210/2210/2210 
f 2210/2210/2210 2211/2211/2211 2209/2209/2209 
f 2214/2214/2214 2212/2212/2212 2213/2213/2213 
f 2212/2212/2212 2214/2214/2214 2215/2215/2215 
f 2217/2217/2217 2218/2218/2218 2219/2219/2219 
f 2218/2218/2218 2220/2220/2220 2219/2219/2219 
f 2220/2220/2220 2218/2218/2218 2221/2221/2221 
f 2222/2222/2222 2221/2221/2221 2218/2218/2218 
f 2219/2219/2219 2223/2223/2223 2217/2217/2217 
f 2223/2223/2223 2224/2224/2224 2217/2217/2217 
f 2219/2219/2219 2207/2207/2207 2223/2223/2223 
f 2224/2224/2224 2223/2223/2223 2226/2226/2226 
f 2207/2207/2207 2226/2226/2226 2223/2223/2223 
f 2227/2227/2227 2224/2224/2224 2226/2226/2226 
f 2226/2226/2226 2228/2228/2228 2227/2227/2227 
f 2229/2229/2229 2227/2227/2227 2228/2228/2228 
f 2228/2228/2228 2230/2230/2230 2229/2229/2229 
f 2206/2206/2206 2228/2228/2228 2226/2226/2226 
f 2226/2226/2226 2207/2207/2207 2206/2206/2206 
f 2228/2228/2228 2231/2231/2231 2230/2230/2230 
f 2232/2232/2232 2230/2230/2230 2231/2231/2231 
f 2231/2231/2231 2233/2233/2233 2232/2232/2232 
f 2239/2239/2239 2240/2240/2240 2238/2238/2238 
f 2241/2241/2241 2239/2239/2239 2235/2235/2235 
f 2242/2242/2242 2240/2240/2240 2239/2239/2239 
f 2239/2239/2239 2241/2241/2241 2242/2242/2242 
f 2243/2243/2243 2240/2240/2240 2242/2242/2242 
f 2243/2243/2243 2242/2242/2242 2241/2241/2241 
f 2240/2240/2240 2243/2243/2243 2244/2244/2244 
f 2243/2243/2243 2241/2241/2241 2245/2245/2245 
f 2234/2234/2234 2246/2246/2246 2247/2247/2247 
f 2235/2235/2235 2234/2234/2234 2247/2247/2247 
f 2251/2251/2251 2253/2253/2253 2252/2252/2252 
f 2254/2254/2254 2251/2251/2251 2250/2250/2250 
f 2262/2262/2262 2260/2260/2260 2258/2258/2258 
f 2258/2258/2258 2256/2256/2256 2262/2262/2262 
f 2260/2260/2260 2262/2262/2262 2263/2263/2263 
f 2256/2256/2256 2255/2255/2255 2262/2262/2262 
f 2255/2255/2255 2265/2265/2265 2262/2262/2262 
f 2267/2267/2267 2266/2266/2266 2268/2268/2268 
f 2268/2268/2268 2269/2269/2269 2270/2270/2270 
f 2272/2272/2272 2267/2267/2267 2268/2268/2268 
f 2270/2270/2270 2273/2273/2273 2268/2268/2268 
f 2272/2272/2272 2268/2268/2268 2273/2273/2273 
f 2273/2273/2273 2270/2270/2270 2274/2274/2274 
f 2275/2275/2275 2273/2273/2273 2274/2274/2274 
f 2276/2276/2276 2273/2273/2273 2275/2275/2275 
f 2273/2273/2273 2276/2276/2276 2272/2272/2272 
f 2275/2275/2275 2277/2277/2277 2276/2276/2276 
f 2272/2272/2272 2276/2276/2276 2278/2278/2278 
f 2277/2277/2277 2278/2278/2278 2276/2276/2276 
f 2278/2278/2278 2277/2277/2277 2280/2280/2280 
f 2280/2280/2280 2281/2281/2281 2279/2279/2279 
f 2281/2281/2281 2280/2280/2280 2282/2282/2282 
f 2280/2280/2280 2283/2283/2283 2282/2282/2282 
f 2285/2285/2285 2283/2283/2283 2280/2280/2280 
f 2280/2280/2280 2277/2277/2277 2285/2285/2285 
f 2289/2289/2289 2292/2292/2292 2290/2290/2290 
f 2292/2292/2292 2291/2291/2291 2290/2290/2290 
f 2291/2291/2291 2292/2292/2292 2293/2293/2293 
f 2294/2294/2294 2293/2293/2293 2292/2292/2292 
f 2292/2292/2292 2270/2270/2270 2294/2294/2294 
f 2295/2295/2295 2291/2291/2291 2293/2293/2293 
f 2294/2294/2294 2295/2295/2295 2293/2293/2293 
f 2270/2270/2270 2269/2269/2269 2294/2294/2294 
f 2299/2299/2299 2300/2300/2300 2296/2296/2296 
f 2301/2301/2301 2299/2299/2299 2298/2298/2298 
f 2303/2303/2303 2302/2302/2302 2304/2304/2304 
f 2304/2304/2304 2302/2302/2302 2305/2305/2305 
f 2309/2309/2309 2308/2308/2308 2307/2307/2307 
f 2308/2308/2308 2309/2309/2309 2310/2310/2310 
f 2309/2309/2309 2311/2311/2311 2310/2310/2310 
f 2316/2316/2316 2313/2313/2313 2317/2317/2317 
f 2315/2315/2315 2314/2314/2314 2319/2319/2319 
f 2319/2319/2319 2320/2320/2320 2315/2315/2315 
f 2319/2319/2319 2314/2314/2314 2321/2321/2321 
f 2323/2323/2323 2319/2319/2319 2321/2321/2321 
f 2320/2320/2320 2319/2319/2319 2324/2324/2324 
f 2324/2324/2324 2319/2319/2319 2323/2323/2323 
f 2327/2327/2327 2326/2326/2326 2325/2325/2325 
f 2326/2326/2326 2327/2327/2327 2328/2328/2328 
f 2329/2329/2329 2332/2332/2332 2333/2333/2333 
f 2332/2332/2332 2334/2334/2334 2333/2333/2333 
f 2335/2335/2335 2334/2334/2334 2332/2332/2332 
f 2336/2336/2336 2332/2332/2332 2337/2337/2337 
f 2337/2337/2337 2338/2338/2338 2336/2336/2336 
f 2338/2338/2338 2337/2337/2337 2313/2313/2313 
f 2331/2331/2331 2313/2313/2313 2337/2337/2337 
f 2313/2313/2313 2312/2312/2312 2338/2338/2338 
f 2313/2313/2313 2331/2331/2331 2317/2317/2317 

g Rleg21

v -4.68752 19.3344 231.222 
v -4.91647 19.8439 231.222 
v -4.80356 19.8371 231.293 
v -4.68752 19.3344 231.262 
v -4.53647 19.3971 231.262 
v -5.20465 20.2861 231.222 
v -5.0935 20.2794 231.351 
v -4.83218 20.1666 231.351 
v -4.68929 20.158 231.222 
v -4.96213 20.8369 231.222 
v -5.10502 20.8455 231.351 
v -5.28171 21.0439 231.351 
v -5.36153 20.8326 231.351 
v -5.36153 20.8326 231.222 
v -6.17139 20.8198 231.351 
v -6.18395 20.6125 231.222 
v -7.40902 20.5891 231.314 
v -7.45852 20.7541 231.314 
v -7.32941 20.7462 231.222 
v -5.47756 21.1002 231.351 
v -7.32941 20.7462 231.222 
v -5.27697 21.1223 231.222 
v -5.47281 21.1786 231.222 
v -4.53647 19.3971 231.222 
v -4.63765 19.1232 231.222 
v -4.93022 18.9475 231.236 
v -4.70063 19.127 231.262 
v -4.89038 19.0307 231.262 
v -4.6939 19.2122 231.262 
v -4.94331 19.0339 231.222 
v -4.96213 20.8369 231.222 
v -5.28171 21.0439 231.351 
v -7.45852 20.7541 231.314 
v -5.47756 21.1002 231.351 
v -7.32941 20.7462 231.222 
v -5.27697 21.1223 231.222 
v -5.47281 21.1786 231.222 
v -5.47756 21.1002 231.093 
v -7.32941 20.7462 231.093 
v -5.28171 21.0439 231.093 
v -5.28171 21.0439 231.093 
v -5.27697 21.1223 231.222 
v -4.93022 18.9475 231.236 
v -4.70063 19.127 231.262 
v -4.6939 19.2122 231.262 
v -4.94331 19.0339 231.222 
v -4.89038 19.0307 231.144 
v -4.70715 19.213 231.144 
v -4.74986 19.2156 231.202 
v -4.81385 19.8377 231.135 
v -4.68752 19.3344 231.222 
v -4.91647 19.8439 231.222 
v -5.09134 20.2793 231.093 
v -4.80356 19.8371 231.293 
v -4.68752 19.3344 231.262 
v -4.53647 19.3971 231.262 
v -5.20465 20.2861 231.222 
v -5.36153 20.8326 231.093 
v -5.0935 20.2794 231.351 
v -4.96213 20.8369 231.222 
v -5.28171 21.0439 231.351 
v -5.36153 20.8326 231.351 
v -5.36153 20.8326 231.222 
v -7.32941 20.7462 231.222 
v -7.27992 20.5813 231.222 
v -7.32941 20.7462 231.093 
v -7.27992 20.5813 231.093 
v -4.70715 19.213 231.144 
v -4.93022 18.9475 231.189 
v -4.93022 18.9475 231.236 
v -4.70063 19.127 231.262 
v -4.6939 19.2122 231.262 
v -4.94331 19.0339 231.222 
v -4.93022 18.9475 231.222 
v -4.93022 18.9475 231.189 
v -4.89038 19.0307 231.144 
v -4.70715 19.213 231.144 
v -4.74986 19.2156 231.202 
v -4.68752 19.3344 231.144 
v -4.81385 19.8377 231.135 
v -4.68752 19.3344 231.222 
v -4.91647 19.8439 231.222 
v -5.09134 20.2793 231.093 
v -4.80356 19.8371 231.293 
v -5.20465 20.2861 231.222 
v -5.36153 20.8326 231.093 
v -4.68929 20.158 231.222 
v -4.96213 20.8369 231.222 
v -5.36153 20.8326 231.222 
v -6.17021 20.8392 231.093 
v -6.18395 20.6125 231.222 
v -7.27992 20.5813 231.093 
v -7.40902 20.5891 231.314 
v -7.45852 20.7541 231.314 
v -7.32941 20.7462 231.222 
v -7.27992 20.5813 231.222 
v -5.27697 21.1223 231.222 
v -5.36153 20.8326 231.093 
v -6.17021 20.8392 231.093 
v -5.28171 21.0439 231.093 
v -5.47756 21.1002 231.093 
v -7.32941 20.7462 231.093 
v -7.27992 20.5813 231.093 
v -5.10502 20.8455 231.093 
v -5.09134 20.2793 231.093 
v -5.27697 21.1223 231.222 
v -4.83218 20.1666 231.093 
v -4.81385 19.8377 231.135 
v -4.53647 19.3971 231.144 
v -4.68752 19.3344 231.144 
v -4.70715 19.213 231.144 
v -4.70063 19.127 231.144 
v -4.89038 19.0307 231.144 
v -4.93022 18.9475 231.189 
v -5.36153 20.8326 231.093 
v -5.28171 21.0439 231.351 
v -5.36153 20.8326 231.351 
v -5.36153 20.8326 231.222 
v -6.17021 20.8392 231.093 
v -6.17139 20.8198 231.351 
v -6.18395 20.6125 231.222 
v -7.27992 20.5813 231.093 
v -7.27992 20.5813 231.222 
v -7.40902 20.5891 231.314 
v -4.70063 19.127 231.144 
v -4.93022 18.9475 231.189 
v -4.63765 19.1232 231.222 
v -4.93022 18.9475 231.222 
v -4.93022 18.9475 231.236 
v -4.53647 19.3971 231.262 
v -4.68929 20.158 231.222 
v -4.53647 19.3971 231.144 
v -4.70715 19.213 231.144 
v -4.70063 19.127 231.144 
v -4.93022 18.9475 231.189 
v -4.53647 19.3971 231.222 
v -4.63765 19.1232 231.222 
v -4.93022 18.9475 231.236 
v -4.70063 19.127 231.262 

vn -0.984252 -0.015748 0.181102 
vn -0.866142 -0.488189 0.102362 
vn -0.149606 -0.11811 0.984252 
vn -0.0944882 -0.0787402 0.992126 
vn 0.11811 -0.0787402 0.992126 
vn -0.88189 -0.464567 0.015748 
vn -0.149606 -0.125984 0.984252 
vn 0.0866142 -0.015748 1 
vn 0.952756 0.307087 0.0393701 
vn 0.834646 0.551181 0 
vn 0.0866142 0.0551181 0.992126 
vn 0.0787402 0.188976 0.976378 
vn -0.023622 -0.23622 0.968504 
vn -0.0393701 -1 -0.023622 
vn 0.0393701 -0.377953 0.92126 
vn 0.125984 -0.992126 0.015748 
vn -0.0629921 -0.464567 0.88189 
vn -0.212598 0.574803 0.795276 
vn -0.370079 0.913386 -0.165354 
vn -0.0393701 0.629921 0.771654 
vn -0.370079 0.913386 -0.165354 
vn 0.377953 0.92126 0 
vn -0.0866142 0.992126 -0.0393701 
vn 0.984252 -0.133858 0.133858 
vn 0.653543 -0.732283 0.181102 
vn 0.0393701 -0.480315 0.874016 
vn 0.173228 -0.19685 0.968504 
vn -0.0944882 0 0.992126 
vn -0.102362 0.0314961 0.992126 
vn -0.818898 0.519685 0.228346 
vn 0.834646 0.551181 0 
vn 0.0787402 0.188976 0.976378 
vn -0.212598 0.574803 0.795276 
vn -0.0393701 0.629921 0.771654 
vn -0.370079 0.913386 -0.165354 
vn 0.377953 0.92126 0 
vn -0.0866142 0.992126 -0.0393701 
vn -0.0393701 0.629921 -0.779528 
vn -0.181102 0.456693 -0.874016 
vn 0.0944882 0.165354 -0.984252 
vn 0.0944882 0.165354 -0.984252 
vn 0.377953 0.92126 0 
vn 0.0393701 -0.480315 0.874016 
vn 0.173228 -0.19685 0.968504 
vn -0.102362 0.0314961 0.992126 
vn -0.818898 0.519685 0.228346 
vn -0.0787402 -0.0393701 -1 
vn -0.0866142 -0.015748 -0.992126 
vn -0.826772 0.559055 0.0708661 
vn -0.15748 -0.102362 -0.984252 
vn -0.984252 -0.015748 0.181102 
vn -0.866142 -0.488189 0.102362 
vn -0.149606 -0.102362 -0.984252 
vn -0.149606 -0.11811 0.984252 
vn -0.0944882 -0.0787402 0.992126 
vn 0.11811 -0.0787402 0.992126 
vn -0.88189 -0.464567 0.015748 
vn -0.015748 -0.244094 -0.968504 
vn -0.149606 -0.125984 0.984252 
vn 0.834646 0.551181 0 
vn 0.0787402 0.188976 0.976378 
vn -0.023622 -0.23622 0.968504 
vn -0.0393701 -1 -0.023622 
vn -0.370079 0.913386 -0.165354 
vn -0.0472441 -1 0.015748 
vn -0.181102 0.456693 -0.874016 
vn -0.023622 -0.496063 -0.866142 
vn -0.0866142 -0.015748 -0.992126 
vn 0.0472441 -0.645669 -0.76378 
vn 0.0393701 -0.480315 0.874016 
vn 0.173228 -0.19685 0.968504 
vn -0.102362 0.0314961 0.992126 
vn -0.818898 0.519685 0.228346 
vn 0.110236 -0.937008 0.330709 
vn 0.0472441 -0.645669 -0.76378 
vn -0.0787402 -0.0393701 -1 
vn -0.0866142 -0.015748 -0.992126 
vn -0.826772 0.559055 0.0708661 
vn -0.0866142 -0.110236 -0.992126 
vn -0.15748 -0.102362 -0.984252 
vn -0.984252 -0.015748 0.181102 
vn -0.866142 -0.488189 0.102362 
vn -0.149606 -0.102362 -0.984252 
vn -0.149606 -0.11811 0.984252 
vn -0.88189 -0.464567 0.015748 
vn -0.015748 -0.244094 -0.968504 
vn 0.952756 0.307087 0.0393701 
vn 0.834646 0.551181 0 
vn -0.0393701 -1 -0.023622 
vn 0.0551181 -0.425197 -0.905512 
vn 0.125984 -0.992126 0.015748 
vn -0.023622 -0.496063 -0.866142 
vn -0.0629921 -0.464567 0.88189 
vn -0.212598 0.574803 0.795276 
vn -0.370079 0.913386 -0.165354 
vn -0.0472441 -1 0.015748 
vn 0.377953 0.92126 0 
vn -0.015748 -0.244094 -0.968504 
vn 0.0551181 -0.425197 -0.905512 
vn 0.0944882 0.165354 -0.984252 
vn -0.0393701 0.629921 -0.779528 
vn -0.181102 0.456693 -0.874016 
vn -0.023622 -0.496063 -0.866142 
vn 0.0944882 0.0551181 -0.992126 
vn -0.149606 -0.102362 -0.984252 
vn 0.377953 0.92126 0 
vn 0.0866142 0 -1 
vn -0.15748 -0.102362 -0.984252 
vn 0.11811 -0.0708661 -0.992126 
vn -0.0866142 -0.110236 -0.992126 
vn -0.0866142 -0.015748 -0.992126 
vn 0.204724 -0.259843 -0.944882 
vn -0.0787402 -0.0393701 -1 
vn 0.0472441 -0.645669 -0.76378 
vn -0.015748 -0.244094 -0.968504 
vn 0.0787402 0.188976 0.976378 
vn -0.023622 -0.23622 0.968504 
vn -0.0393701 -1 -0.023622 
vn 0.0551181 -0.425197 -0.905512 
vn 0.0393701 -0.377953 0.92126 
vn 0.125984 -0.992126 0.015748 
vn -0.023622 -0.496063 -0.866142 
vn -0.0472441 -1 0.015748 
vn -0.0629921 -0.464567 0.88189 
vn 0.204724 -0.259843 -0.944882 
vn 0.0472441 -0.645669 -0.76378 
vn 0.653543 -0.732283 0.181102 
vn 0.110236 -0.937008 0.330709 
vn 0.0393701 -0.480315 0.874016 
vn 0.11811 -0.0787402 0.992126 
vn 0.952756 0.307087 0.0393701 
vn 0.11811 -0.0708661 -0.992126 
vn -0.0866142 -0.015748 -0.992126 
vn 0.204724 -0.259843 -0.944882 
vn 0.0472441 -0.645669 -0.76378 
vn 0.984252 -0.133858 0.133858 
vn 0.653543 -0.732283 0.181102 
vn 0.0393701 -0.480315 0.874016 
vn 0.173228 -0.19685 0.968504 

vt 28.1637 -15.0911 
vt 28.1351 -15.0274 
vt 28.1492 -15.0282 
vt 28.1637 -15.0911 
vt 28.1826 -15.0832 
vt 28.0991 -14.9721 
vt 28.113 -14.973 
vt 28.1457 -14.9871 
vt 28.1635 -14.9881 
vt 28.1294 -14.9033 
vt 28.1116 -14.9022 
vt 28.0895 -14.8774 
vt 28.0795 -14.9038 
vt 28.0795 -14.9038 
vt 27.9783 -14.9054 
vt 27.9767 -14.9313 
vt 27.8236 -14.9342 
vt 27.8174 -14.9136 
vt 27.8335 -14.9146 
vt 28.065 -14.8704 
vt 27.8335 -14.9146 
vt 28.0901 -14.8676 
vt 28.0656 -14.8606 
vt 28.1826 -15.0832 
vt 28.17 -15.1175 
vt 28.1334 -15.1394 
vt 28.1621 -15.117 
vt 28.1384 -15.129 
vt 28.1629 -15.1063 
vt 28.1318 -15.1286 
vt 28 -15.1294 
vt 27.9839 -15.0895 
vt 27.9885 -14.8174 
vt 27.9839 -15.065 
vt 28 -14.8335 
vt 28 -15.0901 
vt 28 -15.0656 
vt 28.0161 -15.065 
vt 28.0161 -14.8335 
vt 28.0161 -15.0895 
vt 28.0161 -15.0895 
vt 28 -15.0901 
vt 27.9983 -15.1334 
vt 27.995 -15.1621 
vt 27.995 -15.1629 
vt 28 -15.1318 
vt 28.0098 -15.1384 
vt 28.0098 -15.1613 
vt 28.0026 -15.156 
vt 27.9891 -15.0282 
vt 28 -15.0911 
vt 28 -15.0274 
vt 27.9839 -14.973 
vt 28.0088 -15.0282 
vt 28.005 -15.0911 
vt 28.005 -15.0832 
vt 28 -14.9721 
vt 27.9839 -14.9038 
vt 28.0161 -14.973 
vt 28 -14.9033 
vt 28.0161 -14.8774 
vt 28.0161 -14.9038 
vt 28 -14.9038 
vt 28 -14.9146 
vt 28 -14.9352 
vt 27.9839 -14.9146 
vt 27.9839 -14.9352 
vt 27.9902 -15.1062 
vt 27.9958 -15.1394 
vt 28.0017 -15.1394 
vt 28.005 -15.117 
vt 28.005 -15.1063 
vt 28 -15.1286 
vt 28 -15.1394 
vt 27.9958 -15.1394 
vt 27.9902 -15.129 
vt 27.9902 -15.1062 
vt 27.9974 -15.1059 
vt 27.9902 -15.0911 
vt 27.852 -15.0282 
vt 27.8363 -15.0911 
vt 27.8649 -15.0274 
vt 27.8867 -14.973 
vt 27.8508 -15.0282 
vt 27.9009 -14.9721 
vt 27.9205 -14.9038 
vt 27.8365 -14.9881 
vt 27.8706 -14.9033 
vt 27.9205 -14.9038 
vt 28.0216 -14.903 
vt 28.0233 -14.9313 
vt 28.1603 -14.9352 
vt 28.1764 -14.9342 
vt 28.1826 -14.9136 
vt 28.1665 -14.9146 
vt 28.1603 -14.9352 
vt 27.9099 -14.8676 
vt 27.9205 -14.9038 
vt 28.0216 -14.903 
vt 27.9105 -14.8774 
vt 27.935 -14.8704 
vt 28.1665 -14.9146 
vt 28.1603 -14.9352 
vt 27.8884 -14.9022 
vt 27.8867 -14.973 
vt 27.9099 -14.8676 
vt 27.8543 -14.9871 
vt 27.852 -15.0282 
vt 27.8174 -15.0832 
vt 27.8363 -15.0911 
vt 27.8387 -15.1062 
vt 27.8379 -15.117 
vt 27.8616 -15.129 
vt 27.8666 -15.1394 
vt 27.9839 -15.0795 
vt 28.0161 -15.0895 
vt 28.0161 -15.0795 
vt 28 -15.0795 
vt 27.9839 -14.9784 
vt 28.0161 -14.9783 
vt 28 -14.9767 
vt 27.9839 -14.8397 
vt 28 -14.8397 
vt 28.0115 -14.8236 
vt 27.9902 -15.1621 
vt 27.9958 -15.1334 
vt 28 -15.17 
vt 28 -15.1334 
vt 28.0017 -15.1334 
vt 27.995 -15.0832 
vt 28 -14.9881 
vt 28.0098 -15.0832 
vt 28.0098 -15.1062 
vt 28.0098 -15.117 
vt 28.0042 -15.1394 
vt 28 -15.0832 
vt 28 -15.1175 
vt 27.9983 -15.1394 
vt 27.995 -15.117 

usemtl Lleg31Mtl

f 2340/2340/2340 2339/2339/2339 2341/2341/2341 
f 2341/2341/2341 2342/2342/2342 2343/2343/2343 
f 2345/2345/2345 2340/2340/2340 2341/2341/2341 
f 2343/2343/2343 2346/2346/2346 2341/2341/2341 
f 2345/2345/2345 2341/2341/2341 2346/2346/2346 
f 2346/2346/2346 2343/2343/2343 2347/2347/2347 
f 2348/2348/2348 2346/2346/2346 2347/2347/2347 
f 2349/2349/2349 2346/2346/2346 2348/2348/2348 
f 2346/2346/2346 2349/2349/2349 2345/2345/2345 
f 2348/2348/2348 2350/2350/2350 2349/2349/2349 
f 2345/2345/2345 2349/2349/2349 2351/2351/2351 
f 2350/2350/2350 2351/2351/2351 2349/2349/2349 
f 2351/2351/2351 2350/2350/2350 2353/2353/2353 
f 2353/2353/2353 2354/2354/2354 2352/2352/2352 
f 2354/2354/2354 2353/2353/2353 2355/2355/2355 
f 2353/2353/2353 2356/2356/2356 2355/2355/2355 
f 2358/2358/2358 2356/2356/2356 2353/2353/2353 
f 2353/2353/2353 2350/2350/2350 2358/2358/2358 
f 2362/2362/2362 2365/2365/2365 2363/2363/2363 
f 2365/2365/2365 2364/2364/2364 2363/2363/2363 
f 2364/2364/2364 2365/2365/2365 2366/2366/2366 
f 2367/2367/2367 2366/2366/2366 2365/2365/2365 
f 2365/2365/2365 2343/2343/2343 2367/2367/2367 
f 2368/2368/2368 2364/2364/2364 2366/2366/2366 
f 2367/2367/2367 2368/2368/2368 2366/2366/2366 
f 2343/2343/2343 2342/2342/2342 2367/2367/2367 
f 2372/2372/2372 2373/2373/2373 2371/2371/2371 
f 2374/2374/2374 2372/2372/2372 2370/2370/2370 
f 2375/2375/2375 2373/2373/2373 2372/2372/2372 
f 2372/2372/2372 2374/2374/2374 2375/2375/2375 
f 2376/2376/2376 2373/2373/2373 2375/2375/2375 
f 2376/2376/2376 2375/2375/2375 2374/2374/2374 
f 2373/2373/2373 2376/2376/2376 2377/2377/2377 
f 2376/2376/2376 2374/2374/2374 2378/2378/2378 
f 2369/2369/2369 2379/2379/2379 2380/2380/2380 
f 2370/2370/2370 2369/2369/2369 2380/2380/2380 
f 2384/2384/2384 2386/2386/2386 2385/2385/2385 
f 2387/2387/2387 2384/2384/2384 2383/2383/2383 
f 2392/2392/2392 2389/2389/2389 2393/2393/2393 
f 2391/2391/2391 2390/2390/2390 2395/2395/2395 
f 2395/2395/2395 2396/2396/2396 2391/2391/2391 
f 2395/2395/2395 2390/2390/2390 2397/2397/2397 
f 2400/2400/2400 2395/2395/2395 2397/2397/2397 
f 2396/2396/2396 2395/2395/2395 2401/2401/2401 
f 2401/2401/2401 2395/2395/2395 2400/2400/2400 
f 2404/2404/2404 2403/2403/2403 2402/2402/2402 
f 2403/2403/2403 2404/2404/2404 2405/2405/2405 
f 2408/2408/2408 2411/2411/2411 2412/2412/2412 
f 2411/2411/2411 2413/2413/2413 2412/2412/2412 
f 2414/2414/2414 2413/2413/2413 2411/2411/2411 
f 2415/2415/2415 2411/2411/2411 2416/2416/2416 
f 2416/2416/2416 2417/2417/2417 2415/2415/2415 
f 2417/2417/2417 2416/2416/2416 2389/2389/2389 
f 2410/2410/2410 2389/2389/2389 2416/2416/2416 
f 2389/2389/2389 2388/2388/2388 2417/2417/2417 
f 2389/2389/2389 2410/2410/2410 2393/2393/2393 
f 2418/2418/2418 2419/2419/2419 2420/2420/2420 
f 2420/2420/2420 2421/2421/2421 2418/2418/2418 
f 2428/2428/2428 2427/2427/2427 2429/2429/2429 
f 2429/2429/2429 2430/2430/2430 2428/2428/2428 
f 2433/2433/2433 2431/2431/2431 2432/2432/2432 
f 2431/2431/2431 2433/2433/2433 2434/2434/2434 
f 2436/2436/2436 2437/2437/2437 2438/2438/2438 
f 2437/2437/2437 2439/2439/2439 2438/2438/2438 
f 2439/2439/2439 2437/2437/2437 2440/2440/2440 
f 2441/2441/2441 2440/2440/2440 2437/2437/2437 
f 2438/2438/2438 2442/2442/2442 2436/2436/2436 
f 2442/2442/2442 2443/2443/2443 2436/2436/2436 
f 2438/2438/2438 2426/2426/2426 2442/2442/2442 
f 2443/2443/2443 2442/2442/2442 2445/2445/2445 
f 2426/2426/2426 2445/2445/2445 2442/2442/2442 
f 2446/2446/2446 2443/2443/2443 2445/2445/2445 
f 2445/2445/2445 2447/2447/2447 2446/2446/2446 
f 2448/2448/2448 2446/2446/2446 2447/2447/2447 
f 2447/2447/2447 2449/2449/2449 2448/2448/2448 
f 2425/2425/2425 2447/2447/2447 2445/2445/2445 
f 2445/2445/2445 2426/2426/2426 2425/2425/2425 
f 2447/2447/2447 2450/2450/2450 2449/2449/2449 
f 2451/2451/2451 2449/2449/2449 2450/2450/2450 
f 2450/2450/2450 2452/2452/2452 2451/2451/2451 
f 2456/2456/2456 2457/2457/2457 2453/2453/2453 
f 2458/2458/2458 2456/2456/2456 2455/2455/2455 
f 2460/2460/2460 2459/2459/2459 2461/2461/2461 
f 2461/2461/2461 2459/2459/2459 2462/2462/2462 
f 2465/2465/2465 2464/2464/2464 2463/2463/2463 
f 2464/2464/2464 2465/2465/2465 2466/2466/2466 
f 2465/2465/2465 2467/2467/2467 2466/2466/2466 
f 2474/2474/2474 2472/2472/2472 2470/2470/2470 
f 2470/2470/2470 2469/2469/2469 2474/2474/2474 
f 2472/2472/2472 2474/2474/2474 2475/2475/2475 
f 2469/2469/2469 2468/2468/2468 2474/2474/2474 
f 2468/2468/2468 2477/2477/2477 2474/2474/2474 

g Rleg11

v -4.73348 19.3344 230.13 
v -4.95691 19.8439 230.18 
v -4.83134 19.8371 230.224 
v -4.72474 19.3344 230.169 
v -4.57733 19.3971 230.136 
v -5.23815 20.2861 230.243 
v -5.1015 20.2794 230.344 
v -4.84648 20.1667 230.287 
v -4.73521 20.158 230.13 
v -5.00147 20.8369 230.19 
v -5.11274 20.8455 230.347 
v -5.28518 21.0439 230.385 
v -5.36308 20.8326 230.403 
v -5.39125 20.8326 230.277 
v -6.15342 20.8198 230.58 
v -6.19385 20.6125 230.456 
v -7.36934 20.5891 230.813 
v -7.41764 20.7541 230.824 
v -7.31171 20.7463 230.706 
v -5.47631 21.1002 230.428 
v -7.31171 20.7463 230.706 
v -5.30872 21.1223 230.258 
v -5.49985 21.1786 230.301 
v -4.58607 19.3971 230.097 
v -4.68481 19.1232 230.119 
v -4.96741 18.9475 230.196 
v -4.73753 19.127 230.172 
v -4.92271 19.0307 230.213 
v -4.73097 19.2123 230.17 
v -4.98311 19.0339 230.186 
v -4.76973 19.2131 230.058 
v -4.79881 19.2157 230.123 
v -5.00147 20.8369 230.19 
v -5.28518 21.0439 230.385 
v -7.41764 20.7541 230.824 
v -5.47631 21.1002 230.428 
v -7.31171 20.7463 230.706 
v -5.30872 21.1223 230.258 
v -5.49985 21.1786 230.301 
v -5.53265 21.1002 230.176 
v -7.33988 20.7463 230.58 
v -5.34153 21.0439 230.133 
v -5.34153 21.0439 230.133 
v -5.30872 21.1223 230.258 
v -4.87578 19.8377 230.072 
v -4.73348 19.3344 230.13 
v -4.95691 19.8439 230.18 
v -5.15574 20.2793 230.092 
v -4.83134 19.8371 230.224 
v -4.72474 19.3344 230.169 
v -4.57733 19.3971 230.136 
v -5.23815 20.2861 230.243 
v -5.41942 20.8326 230.151 
v -5.00147 20.8369 230.19 
v -5.28518 21.0439 230.385 
v -5.36308 20.8326 230.403 
v -5.39125 20.8326 230.277 
v -7.36934 20.5891 230.813 
v -7.41764 20.7541 230.824 
v -7.31171 20.7463 230.706 
v -7.26341 20.5813 230.696 
v -7.33988 20.7463 230.58 
v -7.29158 20.5813 230.57 
v -4.76973 19.2131 230.058 
v -4.97768 18.9475 230.15 
v -4.96741 18.9475 230.196 
v -4.73753 19.127 230.172 
v -4.73097 19.2123 230.17 
v -4.98311 19.0339 230.186 
v -4.97033 18.9475 230.183 
v -4.97768 18.9475 230.15 
v -4.94854 19.0307 230.098 
v -4.76973 19.2131 230.058 
v -4.79881 19.2157 230.123 
v -4.75057 19.3344 230.053 
v -4.87578 19.8377 230.072 
v -4.83134 19.8371 230.224 
v -5.23815 20.2861 230.243 
v -5.41942 20.8326 230.151 
v -4.73521 20.158 230.13 
v -5.00147 20.8369 230.19 
v -5.39125 20.8326 230.277 
v -6.20862 20.8392 230.327 
v -6.19385 20.6125 230.456 
v -7.29158 20.5813 230.57 
v -7.36934 20.5891 230.813 
v -7.31171 20.7463 230.706 
v -5.30872 21.1223 230.258 
v -5.41942 20.8326 230.151 
v -6.20862 20.8392 230.327 
v -5.34153 21.0439 230.133 
v -5.53265 21.1002 230.176 
v -7.33988 20.7463 230.58 
v -7.29158 20.5813 230.57 
v -5.16909 20.8455 230.095 
v -5.15574 20.2793 230.092 
v -5.30872 21.1223 230.258 
v -4.90283 20.1667 230.035 
v -4.87578 19.8377 230.072 
v -4.60317 19.3971 230.02 
v -4.75057 19.3344 230.053 
v -4.76973 19.2131 230.058 
v -4.76337 19.127 230.056 
v -4.94854 19.0307 230.098 
v -4.97768 18.9475 230.15 
v -4.58607 19.3971 230.097 
v -4.68481 19.1232 230.119 
v -5.41942 20.8326 230.151 
v -5.28518 21.0439 230.385 
v -5.36308 20.8326 230.403 
v -5.39125 20.8326 230.277 
v -6.20862 20.8392 230.327 
v -6.15342 20.8198 230.58 
v -6.19385 20.6125 230.456 
v -7.29158 20.5813 230.57 
v -7.26341 20.5813 230.696 
v -7.36934 20.5891 230.813 
v -4.76973 19.2131 230.058 
v -4.76337 19.127 230.056 
v -4.97768 18.9475 230.15 
v -4.68481 19.1232 230.119 
v -4.97033 18.9475 230.183 
v -4.96741 18.9475 230.196 
v -4.73753 19.127 230.172 
v -4.57733 19.3971 230.136 
v -4.84648 20.1667 230.287 
v -4.73521 20.158 230.13 
v -5.00147 20.8369 230.19 
v -5.11274 20.8455 230.347 
v -5.28518 21.0439 230.385 
v -5.30872 21.1223 230.258 
v -4.60317 19.3971 230.02 
v -4.76973 19.2131 230.058 
v -4.76337 19.127 230.056 
v -4.97768 18.9475 230.15 
v -4.58607 19.3971 230.097 
v -4.96741 18.9475 230.196 
v -4.73753 19.127 230.172 

vn -0.92126 -0.015748 0.393701 
vn -0.826772 -0.488189 0.291339 
vn 0.0629921 -0.11811 0.992126 
vn 0.11811 -0.0787402 0.992126 
vn 0.330709 -0.0787402 0.944882 
vn -0.858268 -0.464567 0.212598 
vn 0.0629921 -0.125984 0.992126 
vn 0.299213 -0.015748 0.952756 
vn 0.937008 0.307087 -0.165354 
vn 0.818898 0.551181 -0.181102 
vn 0.299213 0.0551181 0.952756 
vn 0.291339 0.188976 0.937008 
vn 0.188976 -0.23622 0.952756 
vn -0.0472441 -1 -0.015748 
vn 0.23622 -0.377953 0.889764 
vn 0.125984 -0.992126 -0.015748 
vn 0.125984 -0.464567 0.874016 
vn -0.0314961 0.574803 0.818898 
vn -0.393701 0.913386 -0.0866142 
vn 0.133858 0.629921 0.76378 
vn -0.393701 0.913386 -0.0866142 
vn 0.370079 0.92126 -0.0866142 
vn -0.0944882 0.992126 -0.015748 
vn 0.984252 -0.133858 -0.0787402 
vn 0.677165 -0.732283 0.0314961 
vn 0.228346 -0.480315 0.84252 
vn 0.377953 -0.19685 0.905512 
vn 0.125984 0 0.992126 
vn 0.11811 0.0314961 0.992126 
vn -0.755906 0.519685 0.401575 
vn -0.307087 -0.015748 -0.952756 
vn -0.795276 0.559055 0.251969 
vn 0.818898 0.551181 -0.181102 
vn 0.291339 0.188976 0.937008 
vn -0.0314961 0.574803 0.818898 
vn 0.133858 0.629921 0.76378 
vn -0.393701 0.913386 -0.0866142 
vn 0.370079 0.92126 -0.0866142 
vn -0.0944882 0.992126 -0.015748 
vn -0.204724 0.629921 -0.748031 
vn -0.370079 0.456693 -0.811024 
vn -0.11811 0.165354 -0.976378 
vn -0.11811 0.165354 -0.976378 
vn 0.370079 0.92126 -0.0866142 
vn -0.370079 -0.102362 -0.92126 
vn -0.92126 -0.015748 0.393701 
vn -0.826772 -0.488189 0.291339 
vn -0.362205 -0.102362 -0.929134 
vn 0.0629921 -0.11811 0.992126 
vn 0.11811 -0.0787402 0.992126 
vn 0.330709 -0.0787402 0.944882 
vn -0.858268 -0.464567 0.212598 
vn -0.228346 -0.244094 -0.944882 
vn 0.818898 0.551181 -0.181102 
vn 0.291339 0.188976 0.937008 
vn 0.188976 -0.23622 0.952756 
vn -0.0472441 -1 -0.015748 
vn 0.125984 -0.464567 0.874016 
vn -0.0314961 0.574803 0.818898 
vn -0.393701 0.913386 -0.0866142 
vn -0.0472441 -1 0.023622 
vn -0.370079 0.456693 -0.811024 
vn -0.212598 -0.496063 -0.84252 
vn -0.307087 -0.015748 -0.952756 
vn -0.11811 -0.645669 -0.755906 
vn 0.228346 -0.480315 0.84252 
vn 0.377953 -0.19685 0.905512 
vn 0.11811 0.0314961 0.992126 
vn -0.755906 0.519685 0.401575 
vn 0.173228 -0.937008 0.299213 
vn -0.11811 -0.645669 -0.755906 
vn -0.299213 -0.0393701 -0.952756 
vn -0.307087 -0.015748 -0.952756 
vn -0.795276 0.559055 0.251969 
vn -0.299213 -0.110236 -0.944882 
vn -0.370079 -0.102362 -0.92126 
vn 0.0629921 -0.11811 0.992126 
vn -0.858268 -0.464567 0.212598 
vn -0.228346 -0.244094 -0.944882 
vn 0.937008 0.307087 -0.165354 
vn 0.818898 0.551181 -0.181102 
vn -0.0472441 -1 -0.015748 
vn -0.141732 -0.425197 -0.897638 
vn 0.125984 -0.992126 -0.015748 
vn -0.212598 -0.496063 -0.84252 
vn 0.125984 -0.464567 0.874016 
vn -0.393701 0.913386 -0.0866142 
vn 0.370079 0.92126 -0.0866142 
vn -0.228346 -0.244094 -0.944882 
vn -0.141732 -0.425197 -0.897638 
vn -0.11811 0.165354 -0.976378 
vn -0.204724 0.629921 -0.748031 
vn -0.370079 0.456693 -0.811024 
vn -0.212598 -0.496063 -0.84252 
vn -0.125984 0.0551181 -0.992126 
vn -0.362205 -0.102362 -0.929134 
vn 0.370079 0.92126 -0.0866142 
vn -0.133858 0 -0.992126 
vn -0.370079 -0.102362 -0.92126 
vn -0.0944882 -0.0708661 -0.992126 
vn -0.299213 -0.110236 -0.944882 
vn -0.307087 -0.015748 -0.952756 
vn -0.00787402 -0.259843 -0.968504 
vn -0.299213 -0.0393701 -0.952756 
vn -0.11811 -0.645669 -0.755906 
vn 0.984252 -0.133858 -0.0787402 
vn 0.677165 -0.732283 0.0314961 
vn -0.228346 -0.244094 -0.944882 
vn 0.291339 0.188976 0.937008 
vn 0.188976 -0.23622 0.952756 
vn -0.0472441 -1 -0.015748 
vn -0.141732 -0.425197 -0.897638 
vn 0.23622 -0.377953 0.889764 
vn 0.125984 -0.992126 -0.015748 
vn -0.212598 -0.496063 -0.84252 
vn -0.0472441 -1 0.023622 
vn 0.125984 -0.464567 0.874016 
vn -0.307087 -0.015748 -0.952756 
vn -0.00787402 -0.259843 -0.968504 
vn -0.11811 -0.645669 -0.755906 
vn 0.677165 -0.732283 0.0314961 
vn 0.173228 -0.937008 0.299213 
vn 0.228346 -0.480315 0.84252 
vn 0.377953 -0.19685 0.905512 
vn 0.330709 -0.0787402 0.944882 
vn 0.299213 -0.015748 0.952756 
vn 0.937008 0.307087 -0.165354 
vn 0.818898 0.551181 -0.181102 
vn 0.299213 0.0551181 0.952756 
vn 0.291339 0.188976 0.937008 
vn 0.370079 0.92126 -0.0866142 
vn -0.0944882 -0.0708661 -0.992126 
vn -0.307087 -0.015748 -0.952756 
vn -0.00787402 -0.259843 -0.968504 
vn -0.11811 -0.645669 -0.755906 
vn 0.984252 -0.133858 -0.0787402 
vn 0.228346 -0.480315 0.84252 
vn 0.377953 -0.19685 0.905512 

vt 62.158 -30.0911 
vt 62.1301 -30.0274 
vt 62.1458 -30.0282 
vt 62.1591 -30.0911 
vt 62.1775 -30.0832 
vt 62.0949 -29.9721 
vt 62.112 -29.973 
vt 62.1439 -29.9871 
vt 62.1578 -29.9881 
vt 62.1245 -29.9033 
vt 62.1106 -29.9022 
vt 62.089 -29.8774 
vt 62.0793 -29.9038 
vt 62.0758 -29.9038 
vt 61.9805 -29.9054 
vt 61.9755 -29.9313 
vt 61.8285 -29.9342 
vt 61.8225 -29.9136 
vt 61.8357 -29.9146 
vt 62.0651 -29.8704 
vt 61.8357 -29.9146 
vt 62.0861 -29.8676 
vt 62.0622 -29.8606 
vt 62.1764 -30.0832 
vt 62.1641 -30.1175 
vt 62.1288 -30.1394 
vt 62.1575 -30.117 
vt 62.1343 -30.129 
vt 62.1583 -30.1063 
vt 62.1268 -30.1286 
vt 62.1535 -30.1062 
vt 62.1498 -30.1059 
vt 62.0291 -30.1245 
vt 62.0046 -30.089 
vt 61.9498 -29.8225 
vt 61.9993 -30.0651 
vt 61.9645 -29.8357 
vt 62.0205 -30.0861 
vt 62.0151 -30.0622 
vt 62.0308 -30.0581 
vt 61.9802 -29.8322 
vt 62.0361 -30.082 
vt 62.0361 -30.082 
vt 62.0205 -30.0861 
vt 61.9563 -30.0282 
vt 61.9634 -30.0911 
vt 61.9697 -30.0274 
vt 61.9587 -29.973 
vt 61.9752 -30.0282 
vt 61.9683 -30.0911 
vt 61.9642 -30.0832 
vt 61.9775 -29.9721 
vt 61.9661 -29.9038 
vt 61.9709 -29.9033 
vt 61.9954 -29.8774 
vt 61.9976 -29.9038 
vt 61.9818 -29.9038 
vt 62.0489 -29.9342 
vt 62.0502 -29.9136 
vt 62.0355 -29.9146 
vt 62.0341 -29.9352 
vt 62.0198 -29.9146 
vt 62.0184 -29.9352 
vt 61.9544 -30.1062 
vt 61.966 -30.1394 
vt 61.9717 -30.1394 
vt 61.9687 -30.117 
vt 61.9685 -30.1063 
vt 61.9704 -30.1286 
vt 61.9701 -30.1394 
vt 61.966 -30.1394 
vt 61.9594 -30.129 
vt 61.9544 -30.1062 
vt 61.9626 -30.1059 
vt 61.9539 -30.0911 
vt 61.8598 -30.0282 
vt 61.8542 -30.0282 
vt 61.9051 -29.9721 
vt 61.9277 -29.9038 
vt 61.8422 -29.9881 
vt 61.8755 -29.9033 
vt 61.9242 -29.9038 
vt 62.0264 -29.903 
vt 62.0245 -29.9313 
vt 62.1618 -29.9352 
vt 62.1715 -29.9342 
vt 62.1643 -29.9146 
vt 61.9139 -29.8676 
vt 61.9277 -29.9038 
vt 62.0264 -29.903 
vt 61.918 -29.8774 
vt 61.9419 -29.8704 
vt 62.1678 -29.9146 
vt 62.1618 -29.9352 
vt 61.8965 -29.9022 
vt 61.8948 -29.973 
vt 61.9139 -29.8676 
vt 61.8632 -29.9871 
vt 61.8598 -30.0282 
vt 61.8257 -30.0832 
vt 61.8441 -30.0911 
vt 61.8465 -30.1062 
vt 61.8457 -30.117 
vt 61.8689 -30.129 
vt 61.8725 -30.1394 
vt 61.8236 -30.0832 
vt 61.8359 -30.1175 
vt 61.9661 -30.0723 
vt 61.9954 -30.089 
vt 61.9976 -30.0793 
vt 61.9818 -30.0758 
vt 61.9881 -29.9736 
vt 62.0197 -29.9805 
vt 62.0043 -29.9755 
vt 62.0184 -29.8382 
vt 62.0341 -29.8418 
vt 62.0489 -29.8285 
vt 61.9544 -30.1535 
vt 61.9542 -30.1543 
vt 61.966 -30.1275 
vt 61.9621 -30.1641 
vt 61.9701 -30.1284 
vt 61.9717 -30.1288 
vt 61.9687 -30.1575 
vt 62.0358 -30.0832 
vt 62.0169 -29.9871 
vt 62.0365 -29.9881 
vt 62.0291 -29.9033 
vt 62.0094 -29.9022 
vt 62.0046 -29.8774 
vt 62.0205 -29.8676 
vt 62.0502 -30.0832 
vt 62.0456 -30.1062 
vt 62.0458 -30.117 
vt 62.034 -30.1394 
vt 62.0407 -30.0832 
vt 62.0283 -30.1394 
vt 62.0313 -30.117 

usemtl Lleg31Mtl

f 2479/2479/2479 2478/2478/2478 2480/2480/2480 
f 2480/2480/2480 2481/2481/2481 2482/2482/2482 
f 2484/2484/2484 2479/2479/2479 2480/2480/2480 
f 2483/2483/2483 2479/2479/2479 2484/2484/2484 
f 2482/2482/2482 2485/2485/2485 2480/2480/2480 
f 2484/2484/2484 2480/2480/2480 2485/2485/2485 
f 2485/2485/2485 2488/2488/2488 2484/2484/2484 
f 2484/2484/2484 2488/2488/2488 2490/2490/2490 
f 2490/2490/2490 2483/2483/2483 2484/2484/2484 
f 2489/2489/2489 2490/2490/2490 2488/2488/2488 
f 2490/2490/2490 2489/2489/2489 2492/2492/2492 
f 2492/2492/2492 2493/2493/2493 2491/2491/2491 
f 2493/2493/2493 2492/2492/2492 2494/2494/2494 
f 2492/2492/2492 2495/2495/2495 2494/2494/2494 
f 2497/2497/2497 2495/2495/2495 2492/2492/2492 
f 2492/2492/2492 2489/2489/2489 2497/2497/2497 
f 2501/2501/2501 2504/2504/2504 2502/2502/2502 
f 2503/2503/2503 2504/2504/2504 2505/2505/2505 
f 2506/2506/2506 2505/2505/2505 2504/2504/2504 
f 2504/2504/2504 2482/2482/2482 2506/2506/2506 
f 2507/2507/2507 2503/2503/2503 2505/2505/2505 
f 2506/2506/2506 2507/2507/2507 2505/2505/2505 
f 2509/2509/2509 2507/2507/2507 2506/2506/2506 
f 2506/2506/2506 2478/2478/2478 2509/2509/2509 
f 2482/2482/2482 2481/2481/2481 2506/2506/2506 
f 2513/2513/2513 2514/2514/2514 2512/2512/2512 
f 2515/2515/2515 2513/2513/2513 2511/2511/2511 
f 2516/2516/2516 2514/2514/2514 2513/2513/2513 
f 2513/2513/2513 2515/2515/2515 2516/2516/2516 
f 2517/2517/2517 2514/2514/2514 2516/2516/2516 
f 2517/2517/2517 2516/2516/2516 2515/2515/2515 
f 2514/2514/2514 2517/2517/2517 2518/2518/2518 
f 2517/2517/2517 2515/2515/2515 2519/2519/2519 
f 2510/2510/2510 2520/2520/2520 2521/2521/2521 
f 2522/2522/2522 2523/2523/2523 2524/2524/2524 
f 2524/2524/2524 2525/2525/2525 2522/2522/2522 
f 2526/2526/2526 2523/2523/2523 2527/2527/2527 
f 2525/2525/2525 2524/2524/2524 2529/2529/2529 
f 2529/2529/2529 2530/2530/2530 2525/2525/2525 
f 2530/2530/2530 2529/2529/2529 2534/2534/2534 
f 2534/2534/2534 2529/2529/2529 2533/2533/2533 
f 2537/2537/2537 2535/2535/2535 2536/2536/2536 
f 2535/2535/2535 2537/2537/2537 2538/2538/2538 
f 2539/2539/2539 2538/2538/2538 2537/2537/2537 
f 2538/2538/2538 2539/2539/2539 2540/2540/2540 
f 2543/2543/2543 2546/2546/2546 2547/2547/2547 
f 2546/2546/2546 2548/2548/2548 2547/2547/2547 
f 2549/2549/2549 2548/2548/2548 2546/2546/2546 
f 2546/2546/2546 2550/2550/2550 2549/2549/2549 
f 2550/2550/2550 2546/2546/2546 2551/2551/2551 
f 2551/2551/2551 2552/2552/2552 2550/2550/2550 
f 2552/2552/2552 2551/2551/2551 2523/2523/2523 
f 2523/2523/2523 2522/2522/2522 2552/2552/2552 
f 2523/2523/2523 2545/2545/2545 2527/2527/2527 
f 2560/2560/2560 2559/2559/2559 2561/2561/2561 
f 2561/2561/2561 2562/2562/2562 2560/2560/2560 
f 2566/2566/2566 2567/2567/2567 2568/2568/2568 
f 2567/2567/2567 2569/2569/2569 2568/2568/2568 
f 2569/2569/2569 2567/2567/2567 2570/2570/2570 
f 2571/2571/2571 2570/2570/2570 2567/2567/2567 
f 2568/2568/2568 2572/2572/2572 2566/2566/2566 
f 2572/2572/2572 2573/2573/2573 2566/2566/2566 
f 2568/2568/2568 2558/2558/2558 2572/2572/2572 
f 2573/2573/2573 2572/2572/2572 2575/2575/2575 
f 2558/2558/2558 2575/2575/2575 2572/2572/2572 
f 2576/2576/2576 2573/2573/2573 2575/2575/2575 
f 2575/2575/2575 2577/2577/2577 2576/2576/2576 
f 2578/2578/2578 2576/2576/2576 2577/2577/2577 
f 2577/2577/2577 2579/2579/2579 2578/2578/2578 
f 2557/2557/2557 2577/2577/2577 2575/2575/2575 
f 2575/2575/2575 2558/2558/2558 2557/2557/2557 
f 2577/2577/2577 2580/2580/2580 2579/2579/2579 
f 2581/2581/2581 2579/2579/2579 2580/2580/2580 
f 2580/2580/2580 2582/2582/2582 2581/2581/2581 
f 2580/2580/2580 2583/2583/2583 2584/2584/2584 
f 2588/2588/2588 2589/2589/2589 2585/2585/2585 
f 2590/2590/2590 2588/2588/2588 2587/2587/2587 
f 2592/2592/2592 2591/2591/2591 2593/2593/2593 
f 2593/2593/2593 2591/2591/2591 2594/2594/2594 
f 2598/2598/2598 2597/2597/2597 2596/2596/2596 
f 2597/2597/2597 2598/2598/2598 2599/2599/2599 
f 2598/2598/2598 2600/2600/2600 2599/2599/2599 
f 2601/2601/2601 2600/2600/2600 2598/2598/2598 
f 2603/2603/2603 2602/2602/2602 2604/2604/2604 
f 2605/2605/2605 2603/2603/2603 2604/2604/2604 
f 2606/2606/2606 2603/2603/2603 2605/2605/2605 
f 2605/2605/2605 2607/2607/2607 2606/2606/2606 
f 2607/2607/2607 2605/2605/2605 2608/2608/2608 
f 2613/2613/2613 2611/2611/2611 2609/2609/2609 
f 2609/2609/2609 2604/2604/2604 2613/2613/2613 
f 2604/2604/2604 2602/2602/2602 2613/2613/2613 
f 2602/2602/2602 2615/2615/2615 2613/2613/2613 

g Rleg31

v -4.84579 19.8371 232.268 
v -4.7259 19.3344 232.264 
v -4.57845 19.3971 232.296 
v -5.22204 20.2861 232.112 
v -5.14153 20.2794 232.262 
v -4.88644 20.1666 232.319 
v -4.71895 20.158 232.224 
v -4.98529 20.8369 232.165 
v -5.15278 20.8455 232.26 
v -5.32527 21.0439 232.222 
v -5.40319 20.8326 232.204 
v -5.37519 20.8326 232.078 
v -6.19377 20.8198 232.029 
v -6.17803 20.6125 231.9 
v -7.39389 20.5891 231.724 
v -7.4422 20.7541 231.713 
v -5.51646 21.1002 232.179 
v -4.56976 19.3971 232.257 
v -4.66853 19.1232 232.235 
v -4.95704 18.9475 232.185 
v -4.7387 19.127 232.261 
v -4.92393 19.0307 232.22 
v -4.73214 19.2122 232.262 
v -4.98529 20.8369 232.165 
v -5.32527 21.0439 232.222 
v -7.4422 20.7541 231.713 
v -5.51646 21.1002 232.179 
v -7.29623 20.7462 231.652 
v -5.29264 21.1223 232.097 
v -5.48382 21.1786 232.054 
v -5.46045 21.1002 231.927 
v -7.26823 20.7462 231.525 
v -5.26927 21.0439 231.97 
v -5.29264 21.1223 232.097 
v -4.96692 19.0339 232.169 
v -4.89825 19.0307 232.104 
v -4.71939 19.213 232.144 
v -4.82164 19.8377 232.112 
v -4.71722 19.3344 232.224 
v -4.94071 19.8439 232.175 
v -4.84579 19.8371 232.268 
v -4.7259 19.3344 232.264 
v -4.57845 19.3971 232.296 
v -5.22204 20.2861 232.112 
v -5.34719 20.8326 231.952 
v -5.14153 20.2794 232.262 
v -5.32527 21.0439 232.222 
v -5.40319 20.8326 232.204 
v -5.37519 20.8326 232.078 
v -7.29623 20.7462 231.652 
v -7.24792 20.5813 231.662 
v -7.26823 20.7462 231.525 
v -7.21992 20.5813 231.536 
v -4.95704 18.9475 232.185 
v -4.7387 19.127 232.261 
v -4.92393 19.0307 232.22 
v -4.73214 19.2122 232.262 
v -4.96692 19.0339 232.169 
v -4.95414 18.9475 232.172 
v -4.94683 18.9475 232.139 
v -4.71939 19.213 232.144 
v -4.77361 19.2156 232.191 
v -4.70022 19.3344 232.148 
v -4.82164 19.8377 232.112 
v -4.71722 19.3344 232.224 
v -4.94071 19.8439 232.175 
v -5.08343 20.2793 232.011 
v -4.57845 19.3971 232.296 
v -5.22204 20.2861 232.112 
v -5.34719 20.8326 231.952 
v -4.71895 20.158 232.224 
v -4.98529 20.8369 232.165 
v -5.37519 20.8326 232.078 
v -6.13662 20.8392 231.777 
v -6.17803 20.6125 231.9 
v -7.21992 20.5813 231.536 
v -7.39389 20.5891 231.724 
v -7.4422 20.7541 231.713 
v -7.29623 20.7462 231.652 
v -7.24792 20.5813 231.662 
v -5.34719 20.8326 231.952 
v -6.13662 20.8392 231.777 
v -5.26927 21.0439 231.97 
v -5.46045 21.1002 231.927 
v -7.26823 20.7462 231.525 
v -7.21992 20.5813 231.536 
v -5.09678 20.8455 232.008 
v -5.08343 20.2793 232.011 
v -5.29264 21.1223 232.097 
v -4.83044 20.1666 232.067 
v -4.82164 19.8377 232.112 
v -4.55277 19.3971 232.181 
v -4.70022 19.3344 232.148 
v -4.71939 19.213 232.144 
v -4.71302 19.127 232.145 
v -4.89825 19.0307 232.104 
v -4.94683 18.9475 232.139 
v -4.66853 19.1232 232.235 
v -4.96692 19.0339 232.169 
v -4.94683 18.9475 232.139 
v -4.89825 19.0307 232.104 
v -4.71939 19.213 232.144 
v -4.77361 19.2156 232.191 
v -4.70022 19.3344 232.148 
v -5.34719 20.8326 231.952 
v -5.32527 21.0439 232.222 
v -5.40319 20.8326 232.204 
v -5.37519 20.8326 232.078 
v -6.13662 20.8392 231.777 
v -6.19377 20.8198 232.029 
v -6.17803 20.6125 231.9 
v -7.21992 20.5813 231.536 
v -7.24792 20.5813 231.662 
v -7.39389 20.5891 231.724 
v -4.71302 19.127 232.145 
v -4.94683 18.9475 232.139 
v -4.66853 19.1232 232.235 
v -4.95414 18.9475 232.172 
v -4.95704 18.9475 232.185 
v -4.57845 19.3971 232.296 
v -4.71895 20.158 232.224 
v -4.98529 20.8369 232.165 
v -5.34719 20.8326 231.952 
v -5.26927 21.0439 231.97 
v -5.09678 20.8455 232.008 
v -5.29264 21.1223 232.097 
v -4.83044 20.1666 232.067 
v -4.55277 19.3971 232.181 
v -4.71939 19.213 232.144 
v -4.71302 19.127 232.145 
v -4.56976 19.3971 232.257 
v -4.66853 19.1232 232.235 
v -4.95704 18.9475 232.185 
v -4.7387 19.127 232.261 

vn -0.362205 -0.11811 0.92126 
vn -0.307087 -0.0787402 0.944882 
vn -0.102362 -0.0787402 0.992126 
vn -0.866142 -0.464567 -0.173228 
vn -0.362205 -0.125984 0.92126 
vn -0.133858 -0.015748 0.992126 
vn 0.92126 0.307087 0.251969 
vn 0.818898 0.551181 0.181102 
vn -0.133858 0.0551181 0.992126 
vn -0.133858 0.188976 0.968504 
vn -0.23622 -0.23622 0.944882 
vn -0.0314961 -1 -0.0314961 
vn -0.165354 -0.377953 0.913386 
vn 0.11811 -0.992126 0.0393701 
vn -0.259843 -0.464567 0.850394 
vn -0.377953 0.574803 0.724409 
vn -0.204724 0.629921 0.748031 
vn 0.929134 -0.133858 0.346457 
vn 0.598425 -0.732283 0.322835 
vn -0.15748 -0.480315 0.866142 
vn -0.0393701 -0.19685 0.976378 
vn -0.307087 0 0.952756 
vn -0.314961 0.0314961 0.944882 
vn 0.818898 0.551181 0.181102 
vn -0.133858 0.188976 0.968504 
vn -0.377953 0.574803 0.724409 
vn -0.204724 0.629921 0.748031 
vn -0.322835 0.913386 -0.244094 
vn 0.370079 0.92126 0.0787402 
vn -0.0787402 0.992126 -0.0551181 
vn 0.133858 0.629921 -0.76378 
vn 0.00787402 0.456693 -0.889764 
vn 0.307087 0.165354 -0.937008 
vn 0.370079 0.92126 0.0787402 
vn -0.850394 0.519685 0.0472441 
vn 0.133858 -0.0393701 -0.992126 
vn 0.125984 -0.015748 -0.992126 
vn 0.0629921 -0.102362 -0.992126 
vn -1 -0.015748 -0.0393701 
vn -0.874016 -0.488189 -0.0866142 
vn -0.362205 -0.11811 0.92126 
vn -0.307087 -0.0787402 0.944882 
vn -0.102362 -0.0787402 0.992126 
vn -0.866142 -0.464567 -0.173228 
vn 0.188976 -0.244094 -0.952756 
vn -0.362205 -0.125984 0.92126 
vn -0.133858 0.188976 0.968504 
vn -0.23622 -0.23622 0.944882 
vn -0.0314961 -1 -0.0314961 
vn -0.322835 0.913386 -0.244094 
vn -0.0472441 -1 0 
vn 0.00787402 0.456693 -0.889764 
vn 0.165354 -0.496063 -0.858268 
vn -0.15748 -0.480315 0.866142 
vn -0.0393701 -0.19685 0.976378 
vn -0.307087 0 0.952756 
vn -0.314961 0.0314961 0.944882 
vn -0.850394 0.519685 0.0472441 
vn 0.0314961 -0.937008 0.346457 
vn 0.212598 -0.645669 -0.732283 
vn 0.125984 -0.015748 -0.992126 
vn -0.826772 0.559055 -0.110236 
vn 0.133858 -0.110236 -0.984252 
vn 0.0629921 -0.102362 -0.992126 
vn -1 -0.015748 -0.0393701 
vn -0.874016 -0.488189 -0.0866142 
vn 0.0629921 -0.102362 -0.992126 
vn -0.102362 -0.0787402 0.992126 
vn -0.866142 -0.464567 -0.173228 
vn 0.188976 -0.244094 -0.952756 
vn 0.92126 0.307087 0.251969 
vn 0.818898 0.551181 0.181102 
vn -0.0314961 -1 -0.0314961 
vn 0.251969 -0.425197 -0.874016 
vn 0.11811 -0.992126 0.0393701 
vn 0.165354 -0.496063 -0.858268 
vn -0.259843 -0.464567 0.850394 
vn -0.377953 0.574803 0.724409 
vn -0.322835 0.913386 -0.244094 
vn -0.0472441 -1 0 
vn 0.188976 -0.244094 -0.952756 
vn 0.251969 -0.425197 -0.874016 
vn 0.307087 0.165354 -0.937008 
vn 0.133858 0.629921 -0.76378 
vn 0.00787402 0.456693 -0.889764 
vn 0.165354 -0.496063 -0.858268 
vn 0.307087 0.0551181 -0.952756 
vn 0.0629921 -0.102362 -0.992126 
vn 0.370079 0.92126 0.0787402 
vn 0.299213 0 -0.952756 
vn 0.0629921 -0.102362 -0.992126 
vn 0.330709 -0.0708661 -0.937008 
vn 0.133858 -0.110236 -0.984252 
vn 0.125984 -0.015748 -0.992126 
vn 0.409449 -0.259843 -0.874016 
vn 0.133858 -0.0393701 -0.992126 
vn 0.212598 -0.645669 -0.732283 
vn 0.598425 -0.732283 0.322835 
vn -0.850394 0.519685 0.0472441 
vn 0.212598 -0.645669 -0.732283 
vn 0.133858 -0.0393701 -0.992126 
vn 0.125984 -0.015748 -0.992126 
vn -0.826772 0.559055 -0.110236 
vn 0.133858 -0.110236 -0.984252 
vn 0.188976 -0.244094 -0.952756 
vn -0.133858 0.188976 0.968504 
vn -0.23622 -0.23622 0.944882 
vn -0.0314961 -1 -0.0314961 
vn 0.251969 -0.425197 -0.874016 
vn -0.165354 -0.377953 0.913386 
vn 0.11811 -0.992126 0.0393701 
vn 0.165354 -0.496063 -0.858268 
vn -0.0472441 -1 0 
vn -0.259843 -0.464567 0.850394 
vn 0.409449 -0.259843 -0.874016 
vn 0.212598 -0.645669 -0.732283 
vn 0.598425 -0.732283 0.322835 
vn 0.0314961 -0.937008 0.346457 
vn -0.15748 -0.480315 0.866142 
vn -0.102362 -0.0787402 0.992126 
vn 0.92126 0.307087 0.251969 
vn 0.818898 0.551181 0.181102 
vn 0.188976 -0.244094 -0.952756 
vn 0.307087 0.165354 -0.937008 
vn 0.307087 0.0551181 -0.952756 
vn 0.370079 0.92126 0.0787402 
vn 0.299213 0 -0.952756 
vn 0.330709 -0.0708661 -0.937008 
vn 0.125984 -0.015748 -0.992126 
vn 0.409449 -0.259843 -0.874016 
vn 0.929134 -0.133858 0.346457 
vn 0.598425 -0.732283 0.322835 
vn -0.15748 -0.480315 0.866142 
vn -0.0393701 -0.19685 0.976378 

vt 6.14396 -33.0282 
vt 6.15895 -33.0911 
vt 6.17738 -33.0832 
vt 6.09693 -32.9721 
vt 6.10699 -32.973 
vt 6.13888 -32.987 
vt 6.15982 -32.9881 
vt 6.12652 -32.9033 
vt 6.10559 -32.9022 
vt 6.08403 -32.8774 
vt 6.07429 -32.9038 
vt 6.07779 -32.9038 
vt 5.97546 -32.9054 
vt 5.97743 -32.9313 
vt 5.82545 -32.9342 
vt 5.81941 -32.9136 
vt 6.06013 -32.8704 
vt 6.17847 -33.0832 
vt 6.16612 -33.1175 
vt 6.13006 -33.1394 
vt 6.15735 -33.117 
vt 6.13419 -33.129 
vt 6.15817 -33.1063 
vt 5.96967 -33.1265 
vt 5.96258 -33.084 
vt 6.02613 -32.8194 
vt 5.96789 -33.0601 
vt 6.03385 -32.8377 
vt 5.97821 -33.0881 
vt 5.98352 -33.0642 
vt 5.9994 -33.0671 
vt 6.0496 -32.8412 
vt 5.99409 -33.091 
vt 5.97821 -33.0881 
vt 5.96916 -33.1288 
vt 5.97729 -33.1374 
vt 5.97232 -33.1598 
vt 6.02371 -33.0282 
vt 6.03777 -33.0911 
vt 6.03156 -33.0274 
vt 6.04323 -33.0282 
vt 6.04266 -33.0911 
vt 6.04675 -33.0832 
vt 6.02375 -32.9721 
vt 6.00374 -32.9038 
vt 6.04252 -32.973 
vt 6.03742 -32.8774 
vt 6.03525 -32.9038 
vt 6.0195 -32.9038 
vt 5.96615 -32.9146 
vt 5.96749 -32.9352 
vt 5.9504 -32.9146 
vt 5.95174 -32.9352 
vt 6.03282 -33.1394 
vt 6.0423 -33.117 
vt 6.03716 -33.129 
vt 6.04249 -33.1063 
vt 6.03084 -33.1286 
vt 6.03119 -33.1394 
vt 6.02708 -33.1394 
vt 6.02768 -33.1063 
vt 6.03357 -33.1059 
vt 6.02821 -33.0911 
vt 5.85302 -33.0282 
vt 5.83997 -33.0911 
vt 5.8679 -33.0274 
vt 5.88574 -32.973 
vt 5.82262 -33.0832 
vt 5.90307 -32.9721 
vt 5.91871 -32.9038 
vt 5.84018 -32.9881 
vt 5.87348 -32.9033 
vt 5.92221 -32.9038 
vt 6.01739 -32.903 
vt 6.02257 -32.9313 
vt 6.1528 -32.9352 
vt 6.17455 -32.9342 
vt 6.18059 -32.9136 
vt 6.16234 -32.9146 
vt 6.1563 -32.9352 
vt 5.91871 -32.9038 
vt 6.01739 -32.903 
vt 5.90897 -32.8774 
vt 5.93287 -32.8704 
vt 6.15884 -32.9146 
vt 6.1528 -32.9352 
vt 5.88741 -32.9022 
vt 5.88574 -32.973 
vt 5.91189 -32.8676 
vt 5.85412 -32.987 
vt 5.85302 -33.0282 
vt 5.81941 -33.0832 
vt 5.83784 -33.0911 
vt 5.84024 -33.1063 
vt 5.83944 -33.117 
vt 5.8626 -33.129 
vt 5.86867 -33.1394 
vt 5.83388 -33.1175 
vt 5.87118 -33.1286 
vt 5.86867 -33.1394 
vt 5.8626 -33.129 
vt 5.84024 -33.1063 
vt 5.84702 -33.1059 
vt 5.83784 -33.0911 
vt 6.00374 -33.0813 
vt 6.03742 -33.084 
vt 6.03525 -33.0743 
vt 6.0195 -33.0778 
vt 5.98182 -32.9826 
vt 6.0133 -32.9755 
vt 5.9972 -32.9774 
vt 5.95174 -32.8472 
vt 5.96749 -32.8437 
vt 5.97521 -32.8255 
vt 6.02785 -33.1606 
vt 6.02708 -33.1313 
vt 6.03912 -33.1661 
vt 6.03119 -33.1304 
vt 6.03282 -33.1301 
vt 5.95325 -33.0832 
vt 5.96228 -32.9881 
vt 5.96967 -32.9033 
vt 5.99626 -32.9038 
vt 5.99409 -32.8774 
vt 5.9893 -32.9022 
vt 5.97821 -32.8676 
vt 5.98191 -32.987 
vt 5.9677 -33.0832 
vt 5.97232 -33.1063 
vt 5.97215 -33.117 
vt 5.95814 -33.0832 
vt 5.96088 -33.1175 
vt 5.96718 -33.1394 
vt 5.9577 -33.117 

usemtl Lleg31Mtl

f 2616/2616/2616 2617/2617/2617 2618/2618/2618 
f 2618/2618/2618 2621/2621/2621 2616/2616/2616 
f 2620/2620/2620 2616/2616/2616 2621/2621/2621 
f 2621/2621/2621 2618/2618/2618 2622/2622/2622 
f 2623/2623/2623 2621/2621/2621 2622/2622/2622 
f 2624/2624/2624 2621/2621/2621 2623/2623/2623 
f 2621/2621/2621 2624/2624/2624 2620/2620/2620 
f 2623/2623/2623 2625/2625/2625 2624/2624/2624 
f 2620/2620/2620 2624/2624/2624 2626/2626/2626 
f 2625/2625/2625 2626/2626/2626 2624/2624/2624 
f 2626/2626/2626 2625/2625/2625 2628/2628/2628 
f 2628/2628/2628 2629/2629/2629 2627/2627/2627 
f 2629/2629/2629 2628/2628/2628 2630/2630/2630 
f 2628/2628/2628 2631/2631/2631 2630/2630/2630 
f 2632/2632/2632 2631/2631/2631 2628/2628/2628 
f 2628/2628/2628 2625/2625/2625 2632/2632/2632 
f 2633/2633/2633 2636/2636/2636 2634/2634/2634 
f 2636/2636/2636 2635/2635/2635 2634/2634/2634 
f 2635/2635/2635 2636/2636/2636 2637/2637/2637 
f 2638/2638/2638 2637/2637/2637 2636/2636/2636 
f 2636/2636/2636 2618/2618/2618 2638/2638/2638 
f 2618/2618/2618 2617/2617/2617 2638/2638/2638 
f 2642/2642/2642 2643/2643/2643 2641/2641/2641 
f 2644/2644/2644 2642/2642/2642 2640/2640/2640 
f 2645/2645/2645 2643/2643/2643 2642/2642/2642 
f 2642/2642/2642 2644/2644/2644 2645/2645/2645 
f 2646/2646/2646 2643/2643/2643 2645/2645/2645 
f 2646/2646/2646 2645/2645/2645 2644/2644/2644 
f 2643/2643/2643 2646/2646/2646 2647/2647/2647 
f 2646/2646/2646 2644/2644/2644 2648/2648/2648 
f 2640/2640/2640 2639/2639/2639 2649/2649/2649 
f 2650/2650/2650 2652/2652/2652 2651/2651/2651 
f 2656/2656/2656 2654/2654/2654 2657/2657/2657 
f 2655/2655/2655 2654/2654/2654 2656/2656/2656 
f 2661/2661/2661 2655/2655/2655 2656/2656/2656 
f 2659/2659/2659 2655/2655/2655 2661/2661/2661 
f 2663/2663/2663 2659/2659/2659 2661/2661/2661 
f 2660/2660/2660 2659/2659/2659 2664/2664/2664 
f 2664/2664/2664 2659/2659/2659 2663/2663/2663 
f 2667/2667/2667 2666/2666/2666 2665/2665/2665 
f 2666/2666/2666 2667/2667/2667 2668/2668/2668 
f 2673/2673/2673 2669/2669/2669 2671/2671/2671 
f 2672/2672/2672 2673/2673/2673 2671/2671/2671 
f 2669/2669/2669 2673/2673/2673 2674/2674/2674 
f 2673/2673/2673 2675/2675/2675 2674/2674/2674 
f 2677/2677/2677 2673/2673/2673 2672/2672/2672 
f 2678/2678/2678 2677/2677/2677 2654/2654/2654 
f 2672/2672/2672 2654/2654/2654 2677/2677/2677 
f 2654/2654/2654 2653/2653/2653 2678/2678/2678 
f 2654/2654/2654 2672/2672/2672 2657/2657/2657 
f 2679/2679/2679 2680/2680/2680 2681/2681/2681 
f 2681/2681/2681 2682/2682/2682 2679/2679/2679 
f 2682/2682/2682 2681/2681/2681 2684/2684/2684 
f 2684/2684/2684 2685/2685/2685 2682/2682/2682 
f 2689/2689/2689 2688/2688/2688 2690/2690/2690 
f 2690/2690/2690 2691/2691/2691 2689/2689/2689 
f 2694/2694/2694 2692/2692/2692 2693/2693/2693 
f 2692/2692/2692 2694/2694/2694 2695/2695/2695 
f 2696/2696/2696 2697/2697/2697 2698/2698/2698 
f 2697/2697/2697 2699/2699/2699 2698/2698/2698 
f 2699/2699/2699 2697/2697/2697 2700/2700/2700 
f 2701/2701/2701 2700/2700/2700 2697/2697/2697 
f 2698/2698/2698 2702/2702/2702 2696/2696/2696 
f 2702/2702/2702 2703/2703/2703 2696/2696/2696 
f 2703/2703/2703 2702/2702/2702 2705/2705/2705 
f 2706/2706/2706 2703/2703/2703 2705/2705/2705 
f 2705/2705/2705 2707/2707/2707 2706/2706/2706 
f 2708/2708/2708 2706/2706/2706 2707/2707/2707 
f 2707/2707/2707 2709/2709/2709 2708/2708/2708 
f 2707/2707/2707 2710/2710/2710 2709/2709/2709 
f 2711/2711/2711 2709/2709/2709 2710/2710/2710 
f 2710/2710/2710 2712/2712/2712 2711/2711/2711 
f 2716/2716/2716 2715/2715/2715 2714/2714/2714 
f 2717/2717/2717 2714/2714/2714 2718/2718/2718 
f 2718/2718/2718 2719/2719/2719 2717/2717/2717 
f 2723/2723/2723 2724/2724/2724 2720/2720/2720 
f 2725/2725/2725 2723/2723/2723 2722/2722/2722 
f 2727/2727/2727 2726/2726/2726 2728/2728/2728 
f 2728/2728/2728 2726/2726/2726 2729/2729/2729 
f 2732/2732/2732 2731/2731/2731 2730/2730/2730 
f 2731/2731/2731 2732/2732/2732 2733/2733/2733 
f 2732/2732/2732 2734/2734/2734 2733/2733/2733 
f 2739/2739/2739 2737/2737/2737 2740/2740/2740 
f 2737/2737/2737 2739/2739/2739 2741/2741/2741 
f 2737/2737/2737 2742/2742/2742 2740/2740/2740 
f 2736/2736/2736 2743/2743/2743 2742/2742/2742 
f 2742/2742/2742 2737/2737/2737 2736/2736/2736 
f 2746/2746/2746 2745/2745/2745 2743/2743/2743 
f 2743/2743/2743 2736/2736/2736 2746/2746/2746 
f 2745/2745/2745 2746/2746/2746 2747/2747/2747 
f 2736/2736/2736 2735/2735/2735 2746/2746/2746 
f 2735/2735/2735 2749/2749/2749 2746/2746/2746 

g Lleg11

v -13.1733 19.8377 230.233 
v -13.2778 19.3344 230.12 
v -13.0543 19.8439 230.17 
v -12.9115 20.2793 230.334 
v -13.4165 19.3971 230.048 
v -12.7729 20.2861 230.232 
v -12.6478 20.8326 230.392 
v -13.276 20.158 230.121 
v -13.0097 20.8369 230.18 
v -12.6198 20.8326 230.266 
v -11.8583 20.8392 230.568 
v -11.8169 20.6125 230.445 
v -10.7751 20.5813 230.808 
v -10.6011 20.5891 230.621 
v -10.5528 20.7541 230.631 
v -10.6987 20.7462 230.693 
v -10.7471 20.5813 230.682 
v -12.7023 21.1223 230.248 
v -12.6478 20.8326 230.392 
v -11.8583 20.8392 230.568 
v -12.7257 21.0439 230.375 
v -12.5345 21.1002 230.418 
v -10.7267 20.7462 230.819 
v -10.7751 20.5813 230.808 
v -12.8982 20.8455 230.337 
v -12.9115 20.2793 230.334 
v -12.7023 21.1223 230.248 
v -13.1645 20.1666 230.278 
v -13.1733 19.8377 230.233 
v -13.4422 19.3971 230.164 
v -13.2947 19.3344 230.197 
v -13.2756 19.213 230.201 
v -13.2819 19.127 230.199 
v -13.0967 19.0307 230.241 
v -13.0481 18.9475 230.206 
v -13.3264 19.1232 230.109 
v -13.028 19.0339 230.176 
v -13.0481 18.9475 230.206 
v -13.0967 19.0307 230.241 
v -13.2756 19.213 230.201 
v -13.2214 19.2156 230.154 
v -13.2947 19.3344 230.197 
v -13.0097 20.8369 230.18 
v -12.6697 21.0439 230.123 
v -11.8583 20.8392 230.568 
v -11.8012 20.8198 230.316 
v -10.7471 20.5813 230.682 
v -10.5528 20.7541 230.631 
v -10.6987 20.7462 230.693 
v -12.4785 21.1002 230.165 
v -10.6987 20.7462 230.693 
v -12.7023 21.1223 230.248 
v -12.5111 21.1786 230.29 
v -12.5345 21.1002 230.418 
v -10.7267 20.7462 230.819 
v -12.7257 21.0439 230.375 
v -12.7023 21.1223 230.248 
v -13.028 19.0339 230.176 
v -13.0967 19.0307 230.241 
v -13.2756 19.213 230.201 
v -13.4165 19.3971 230.048 
v -13.276 20.158 230.121 
v -13.0097 20.8369 230.18 
v -12.6478 20.8326 230.392 
v -12.7257 21.0439 230.375 
v -12.8982 20.8455 230.337 
v -12.7023 21.1223 230.248 
v -13.1645 20.1666 230.278 
v -13.4422 19.3971 230.164 
v -13.2756 19.213 230.201 
v -13.2819 19.127 230.199 
v -13.4252 19.3971 230.087 
v -13.3264 19.1232 230.109 
v -13.0379 18.9475 230.16 
v -13.2563 19.127 230.084 
v -13.1733 19.8377 230.233 
v -13.1492 19.8371 230.076 
v -13.2691 19.3344 230.081 
v -13.4165 19.3971 230.048 
v -12.7729 20.2861 230.232 
v -12.8534 20.2794 230.082 
v -13.1085 20.1666 230.025 
v -13.276 20.158 230.121 
v -13.0097 20.8369 230.18 
v -12.8422 20.8455 230.085 
v -12.6697 21.0439 230.123 
v -12.5918 20.8326 230.14 
v -12.6198 20.8326 230.266 
v -11.8012 20.8198 230.316 
v -11.8169 20.6125 230.445 
v -10.6011 20.5891 230.621 
v -10.5528 20.7541 230.631 
v -10.6987 20.7462 230.693 
v -12.4785 21.1002 230.165 
v -12.7023 21.1223 230.248 
v -13.4252 19.3971 230.087 
v -13.3264 19.1232 230.109 
v -13.0379 18.9475 230.16 
v -13.2563 19.127 230.084 
v -13.071 19.0307 230.125 
v -13.2628 19.2122 230.082 
v -12.6478 20.8326 230.392 
v -12.6697 21.0439 230.123 
v -12.5918 20.8326 230.14 
v -12.6198 20.8326 230.266 
v -11.8583 20.8392 230.568 
v -11.8012 20.8198 230.316 
v -11.8169 20.6125 230.445 
v -10.7751 20.5813 230.808 
v -10.7471 20.5813 230.682 
v -10.6011 20.5891 230.621 
v -12.7023 21.1223 230.248 
v -13.2819 19.127 230.199 
v -13.0481 18.9475 230.206 
v -13.3264 19.1232 230.109 
v -13.0408 18.9475 230.173 
v -13.0379 18.9475 230.16 
v -13.1733 19.8377 230.233 
v -13.2778 19.3344 230.12 
v -13.0543 19.8439 230.17 
v -13.1492 19.8371 230.076 
v -13.2691 19.3344 230.081 
v -13.4165 19.3971 230.048 
v -12.7729 20.2861 230.232 
v -12.6478 20.8326 230.392 
v -12.8534 20.2794 230.082 
v -12.6697 21.0439 230.123 
v -12.5918 20.8326 230.14 
v -12.6198 20.8326 230.266 
v -10.6987 20.7462 230.693 
v -10.7471 20.5813 230.682 
v -10.7267 20.7462 230.819 
v -10.7751 20.5813 230.808 
v -13.0379 18.9475 230.16 
v -13.2563 19.127 230.084 
v -13.071 19.0307 230.125 
v -13.2628 19.2122 230.082 
v -13.028 19.0339 230.176 
v -13.0408 18.9475 230.173 
v -13.0481 18.9475 230.206 
v -13.2756 19.213 230.201 
v -13.2214 19.2156 230.154 
v -13.2947 19.3344 230.197 

vn -0.0629921 -0.102362 0.992126 
vn 1 -0.015748 0.0393701 
vn 0.874016 -0.488189 0.0866142 
vn -0.0629921 -0.102362 0.992126 
vn 0.102362 -0.0787402 -0.992126 
vn 0.866142 -0.464567 0.173228 
vn -0.188976 -0.244094 0.952756 
vn -0.92126 0.307087 -0.244094 
vn -0.818898 0.551181 -0.181102 
vn 0.0393701 -1 0.0314961 
vn -0.251969 -0.425197 0.874016 
vn -0.11811 -0.992126 -0.0393701 
vn -0.165354 -0.496063 0.858268 
vn 0.259843 -0.464567 -0.850394 
vn 0.377953 0.574803 -0.724409 
vn 0.322835 0.913386 0.244094 
vn 0.0472441 -1 0 
vn -0.370079 0.92126 -0.0866142 
vn -0.188976 -0.244094 0.952756 
vn -0.251969 -0.425197 0.874016 
vn -0.307087 0.165354 0.937008 
vn -0.133858 0.629921 0.76378 
vn -0.00787402 0.456693 0.889764 
vn -0.165354 -0.496063 0.858268 
vn -0.307087 0.0551181 0.952756 
vn -0.0629921 -0.102362 0.992126 
vn -0.370079 0.92126 -0.0866142 
vn -0.299213 0 0.952756 
vn -0.0629921 -0.102362 0.992126 
vn -0.330709 -0.0708661 0.937008 
vn -0.133858 -0.110236 0.984252 
vn -0.125984 -0.015748 0.992126 
vn -0.409449 -0.259843 0.874016 
vn -0.133858 -0.0393701 0.992126 
vn -0.212598 -0.645669 0.732283 
vn -0.598425 -0.732283 -0.322835 
vn 0.850394 0.519685 -0.0472441 
vn -0.212598 -0.645669 0.732283 
vn -0.133858 -0.0393701 0.992126 
vn -0.125984 -0.015748 0.992126 
vn 0.826772 0.559055 0.110236 
vn -0.133858 -0.110236 0.984252 
vn -0.818898 0.551181 -0.181102 
vn 0.133858 0.188976 -0.968504 
vn -0.251969 -0.425197 0.874016 
vn 0.165354 -0.377953 -0.913386 
vn 0.0472441 -1 0 
vn 0.377953 0.574803 -0.724409 
vn 0.322835 0.913386 0.244094 
vn 0.204724 0.629921 -0.748031 
vn 0.322835 0.913386 0.244094 
vn -0.370079 0.92126 -0.0866142 
vn 0.0787402 0.992126 0.0551181 
vn -0.133858 0.629921 0.76378 
vn -0.00787402 0.456693 0.889764 
vn -0.307087 0.165354 0.937008 
vn -0.370079 0.92126 -0.0866142 
vn 0.850394 0.519685 -0.0472441 
vn -0.133858 -0.0393701 0.992126 
vn -0.125984 -0.015748 0.992126 
vn 0.102362 -0.0787402 -0.992126 
vn -0.92126 0.307087 -0.244094 
vn -0.818898 0.551181 -0.181102 
vn -0.188976 -0.244094 0.952756 
vn -0.307087 0.165354 0.937008 
vn -0.307087 0.0551181 0.952756 
vn -0.370079 0.92126 -0.0866142 
vn -0.299213 0 0.952756 
vn -0.330709 -0.0708661 0.937008 
vn -0.125984 -0.015748 0.992126 
vn -0.409449 -0.259843 0.874016 
vn -0.929134 -0.133858 -0.346457 
vn -0.598425 -0.732283 -0.322835 
vn 0.149606 -0.480315 -0.866142 
vn 0.0472441 -0.19685 -0.976378 
vn -0.0629921 -0.102362 0.992126 
vn 0.362205 -0.11811 -0.92126 
vn 0.307087 -0.0787402 -0.944882 
vn 0.102362 -0.0787402 -0.992126 
vn 0.866142 -0.464567 0.173228 
vn 0.362205 -0.125984 -0.92126 
vn 0.133858 -0.015748 -0.992126 
vn -0.92126 0.307087 -0.244094 
vn -0.818898 0.551181 -0.181102 
vn 0.133858 0.0551181 -0.992126 
vn 0.133858 0.188976 -0.968504 
vn 0.23622 -0.23622 -0.944882 
vn 0.0393701 -1 0.0314961 
vn 0.165354 -0.377953 -0.913386 
vn -0.11811 -0.992126 -0.0393701 
vn 0.259843 -0.464567 -0.850394 
vn 0.377953 0.574803 -0.724409 
vn 0.322835 0.913386 0.244094 
vn 0.204724 0.629921 -0.748031 
vn -0.370079 0.92126 -0.0866142 
vn -0.929134 -0.133858 -0.346457 
vn -0.598425 -0.732283 -0.322835 
vn 0.149606 -0.480315 -0.866142 
vn 0.0472441 -0.19685 -0.976378 
vn 0.307087 0 -0.952756 
vn 0.314961 0.0314961 -0.952756 
vn -0.188976 -0.244094 0.952756 
vn 0.133858 0.188976 -0.968504 
vn 0.23622 -0.23622 -0.944882 
vn 0.0393701 -1 0.0314961 
vn -0.251969 -0.425197 0.874016 
vn 0.165354 -0.377953 -0.913386 
vn -0.11811 -0.992126 -0.0393701 
vn -0.165354 -0.496063 0.858268 
vn 0.0472441 -1 0 
vn 0.259843 -0.464567 -0.850394 
vn -0.370079 0.92126 -0.0866142 
vn -0.409449 -0.259843 0.874016 
vn -0.212598 -0.645669 0.732283 
vn -0.598425 -0.732283 -0.322835 
vn -0.0314961 -0.937008 -0.346457 
vn 0.149606 -0.480315 -0.866142 
vn -0.0629921 -0.102362 0.992126 
vn 1 -0.015748 0.0393701 
vn 0.874016 -0.488189 0.0866142 
vn 0.362205 -0.11811 -0.92126 
vn 0.307087 -0.0787402 -0.944882 
vn 0.102362 -0.0787402 -0.992126 
vn 0.866142 -0.464567 0.173228 
vn -0.188976 -0.244094 0.952756 
vn 0.362205 -0.125984 -0.92126 
vn 0.133858 0.188976 -0.968504 
vn 0.23622 -0.23622 -0.944882 
vn 0.0393701 -1 0.0314961 
vn 0.322835 0.913386 0.244094 
vn 0.0472441 -1 0 
vn -0.00787402 0.456693 0.889764 
vn -0.165354 -0.496063 0.858268 
vn 0.149606 -0.480315 -0.866142 
vn 0.0472441 -0.19685 -0.976378 
vn 0.307087 0 -0.952756 
vn 0.314961 0.0314961 -0.952756 
vn 0.850394 0.519685 -0.0472441 
vn -0.0314961 -0.937008 -0.346457 
vn -0.212598 -0.645669 0.732283 
vn -0.125984 -0.015748 0.992126 
vn 0.826772 0.559055 0.110236 
vn -0.133858 -0.110236 0.984252 

vt 0.85302 -35.0282 
vt 0.839966 -35.0911 
vt 0.867903 -35.0274 
vt 0.885742 -34.973 
vt 0.822621 -35.0832 
vt 0.903069 -34.9721 
vt 0.918712 -34.9038 
vt 0.840183 -34.9881 
vt 0.873476 -34.9033 
vt 0.922212 -34.9038 
vt 1.01739 -34.903 
vt 1.02257 -34.9313 
vt 1.1528 -34.9352 
vt 1.17455 -34.9342 
vt 1.18059 -34.9136 
vt 1.16234 -34.9146 
vt 1.1563 -34.9352 
vt 0.911894 -34.8676 
vt 0.918712 -34.9038 
vt 1.01739 -34.903 
vt 0.908973 -34.8774 
vt 0.932871 -34.8704 
vt 1.15884 -34.9146 
vt 1.1528 -34.9352 
vt 0.887411 -34.9022 
vt 0.885742 -34.973 
vt 0.911894 -34.8676 
vt 0.854118 -34.987 
vt 0.85302 -35.0282 
vt 0.819411 -35.0832 
vt 0.837842 -35.0911 
vt 0.840237 -35.1063 
vt 0.839442 -35.117 
vt 0.862596 -35.129 
vt 0.868668 -35.1394 
vt 0.833881 -35.1175 
vt 0.871179 -35.1286 
vt 0.868668 -35.1394 
vt 0.862596 -35.129 
vt 0.840237 -35.1063 
vt 0.847016 -35.1059 
vt 0.837842 -35.0911 
vt 1.03033 -34.8735 
vt 1.03742 -34.916 
vt 0.981822 -35.0174 
vt 1.0133 -35.0245 
vt 0.967493 -35.1563 
vt 0.973869 -35.1806 
vt 0.966151 -35.1623 
vt 1.03211 -34.9399 
vt 0.966151 -35.1623 
vt 1.02179 -34.9119 
vt 1.01648 -34.9358 
vt 1.0006 -34.9329 
vt 0.950397 -35.1588 
vt 1.00591 -34.909 
vt 1.02179 -34.9119 
vt 1.03084 -34.8712 
vt 1.02271 -34.8626 
vt 1.02768 -34.8402 
vt 0.953247 -35.0832 
vt 0.962278 -34.9881 
vt 0.969674 -34.9033 
vt 0.996256 -34.9038 
vt 0.994092 -34.8774 
vt 0.989302 -34.9022 
vt 0.978209 -34.8676 
vt 0.981906 -34.987 
vt 0.967696 -35.0832 
vt 0.972323 -35.1063 
vt 0.972146 -35.117 
vt 0.958135 -35.0832 
vt 0.960878 -35.1175 
vt 0.967178 -35.1394 
vt 0.957697 -35.117 
vt 1.14698 -35.0282 
vt 1.14396 -35.0282 
vt 1.15895 -35.0911 
vt 1.17738 -35.0832 
vt 1.09693 -34.9721 
vt 1.10699 -34.973 
vt 1.13888 -34.987 
vt 1.15982 -34.9881 
vt 1.12652 -34.9033 
vt 1.10559 -34.9022 
vt 1.08403 -34.8774 
vt 1.07429 -34.9038 
vt 1.07779 -34.9038 
vt 0.975465 -34.9054 
vt 0.977432 -34.9313 
vt 0.82545 -34.9342 
vt 0.819411 -34.9136 
vt 0.837657 -34.9146 
vt 1.06013 -34.8704 
vt 1.08811 -34.8676 
vt 1.17847 -35.0832 
vt 1.16612 -35.1175 
vt 1.13006 -35.1394 
vt 1.15735 -35.117 
vt 1.13419 -35.129 
vt 1.15817 -35.1063 
vt 0.996256 -34.9187 
vt 0.962583 -34.916 
vt 0.964747 -34.9257 
vt 0.980502 -34.9222 
vt 1.01818 -35.0174 
vt 0.986702 -35.0245 
vt 1.0028 -35.0226 
vt 1.04826 -35.1528 
vt 1.03251 -35.1563 
vt 1.02479 -35.1745 
vt 0.978209 -34.9119 
vt 0.972146 -34.8394 
vt 0.972922 -34.8687 
vt 0.960878 -34.8339 
vt 0.968809 -34.8696 
vt 0.967178 -34.8699 
vt 1.02371 -35.0282 
vt 1.03777 -35.0911 
vt 1.03156 -35.0274 
vt 1.04323 -35.0282 
vt 1.04266 -35.0911 
vt 1.04675 -35.0832 
vt 1.02375 -34.9721 
vt 1.00374 -34.9038 
vt 1.04252 -34.973 
vt 1.03742 -34.8774 
vt 1.03525 -34.9038 
vt 1.0195 -34.9038 
vt 0.966151 -34.9146 
vt 0.967493 -34.9352 
vt 0.950397 -34.9146 
vt 0.951739 -34.9352 
vt 1.03282 -35.1394 
vt 1.0423 -35.117 
vt 1.03716 -35.129 
vt 1.04249 -35.1063 
vt 1.03084 -35.1286 
vt 1.03119 -35.1394 
vt 1.02708 -35.1394 
vt 1.02768 -35.1063 
vt 1.03357 -35.1059 
vt 1.02821 -35.0911 

usemtl Lleg31Mtl

f 2750/2750/2750 2751/2751/2751 2752/2752/2752 
f 2752/2752/2752 2753/2753/2753 2750/2750/2750 
f 2753/2753/2753 2752/2752/2752 2755/2755/2755 
f 2755/2755/2755 2756/2756/2756 2753/2753/2753 
f 2760/2760/2760 2759/2759/2759 2761/2761/2761 
f 2761/2761/2761 2762/2762/2762 2760/2760/2760 
f 2765/2765/2765 2763/2763/2763 2764/2764/2764 
f 2763/2763/2763 2765/2765/2765 2766/2766/2766 
f 2768/2768/2768 2769/2769/2769 2770/2770/2770 
f 2769/2769/2769 2771/2771/2771 2770/2770/2770 
f 2771/2771/2771 2769/2769/2769 2772/2772/2772 
f 2773/2773/2773 2772/2772/2772 2769/2769/2769 
f 2770/2770/2770 2774/2774/2774 2768/2768/2768 
f 2774/2774/2774 2775/2775/2775 2768/2768/2768 
f 2775/2775/2775 2774/2774/2774 2777/2777/2777 
f 2778/2778/2778 2775/2775/2775 2777/2777/2777 
f 2777/2777/2777 2779/2779/2779 2778/2778/2778 
f 2780/2780/2780 2778/2778/2778 2779/2779/2779 
f 2779/2779/2779 2781/2781/2781 2780/2780/2780 
f 2779/2779/2779 2782/2782/2782 2781/2781/2781 
f 2783/2783/2783 2781/2781/2781 2782/2782/2782 
f 2782/2782/2782 2784/2784/2784 2783/2783/2783 
f 2788/2788/2788 2787/2787/2787 2786/2786/2786 
f 2789/2789/2789 2786/2786/2786 2790/2790/2790 
f 2790/2790/2790 2791/2791/2791 2789/2789/2789 
f 2799/2799/2799 2800/2800/2800 2797/2797/2797 
f 2801/2801/2801 2799/2799/2799 2793/2793/2793 
f 2802/2802/2802 2800/2800/2800 2799/2799/2799 
f 2799/2799/2799 2801/2801/2801 2802/2802/2802 
f 2803/2803/2803 2800/2800/2800 2802/2802/2802 
f 2803/2803/2803 2802/2802/2802 2801/2801/2801 
f 2800/2800/2800 2803/2803/2803 2804/2804/2804 
f 2803/2803/2803 2801/2801/2801 2805/2805/2805 
f 2793/2793/2793 2792/2792/2792 2806/2806/2806 
f 2807/2807/2807 2809/2809/2809 2808/2808/2808 
f 2814/2814/2814 2812/2812/2812 2815/2815/2815 
f 2812/2812/2812 2814/2814/2814 2816/2816/2816 
f 2812/2812/2812 2817/2817/2817 2815/2815/2815 
f 2811/2811/2811 2818/2818/2818 2817/2817/2817 
f 2817/2817/2817 2812/2812/2812 2811/2811/2811 
f 2821/2821/2821 2820/2820/2820 2818/2818/2818 
f 2818/2818/2818 2811/2811/2811 2821/2821/2821 
f 2820/2820/2820 2821/2821/2821 2822/2822/2822 
f 2811/2811/2811 2810/2810/2810 2821/2821/2821 
f 2810/2810/2810 2824/2824/2824 2821/2821/2821 
f 2826/2826/2826 2827/2827/2827 2828/2828/2828 
f 2828/2828/2828 2831/2831/2831 2826/2826/2826 
f 2830/2830/2830 2826/2826/2826 2831/2831/2831 
f 2831/2831/2831 2828/2828/2828 2832/2832/2832 
f 2833/2833/2833 2831/2831/2831 2832/2832/2832 
f 2834/2834/2834 2831/2831/2831 2833/2833/2833 
f 2831/2831/2831 2834/2834/2834 2830/2830/2830 
f 2833/2833/2833 2835/2835/2835 2834/2834/2834 
f 2830/2830/2830 2834/2834/2834 2836/2836/2836 
f 2835/2835/2835 2836/2836/2836 2834/2834/2834 
f 2836/2836/2836 2835/2835/2835 2838/2838/2838 
f 2838/2838/2838 2839/2839/2839 2837/2837/2837 
f 2839/2839/2839 2838/2838/2838 2840/2840/2840 
f 2838/2838/2838 2841/2841/2841 2840/2840/2840 
f 2843/2843/2843 2841/2841/2841 2838/2838/2838 
f 2838/2838/2838 2835/2835/2835 2843/2843/2843 
f 2845/2845/2845 2848/2848/2848 2846/2846/2846 
f 2848/2848/2848 2847/2847/2847 2846/2846/2846 
f 2847/2847/2847 2848/2848/2848 2849/2849/2849 
f 2850/2850/2850 2849/2849/2849 2848/2848/2848 
f 2848/2848/2848 2828/2828/2828 2850/2850/2850 
f 2828/2828/2828 2827/2827/2827 2850/2850/2850 
f 2854/2854/2854 2855/2855/2855 2851/2851/2851 
f 2856/2856/2856 2854/2854/2854 2853/2853/2853 
f 2858/2858/2858 2857/2857/2857 2859/2859/2859 
f 2859/2859/2859 2857/2857/2857 2860/2860/2860 
f 2864/2864/2864 2863/2863/2863 2862/2862/2862 
f 2863/2863/2863 2864/2864/2864 2865/2865/2865 
f 2864/2864/2864 2866/2866/2866 2865/2865/2865 
f 2870/2870/2870 2868/2868/2868 2871/2871/2871 
f 2869/2869/2869 2868/2868/2868 2870/2870/2870 
f 2875/2875/2875 2869/2869/2869 2870/2870/2870 
f 2873/2873/2873 2869/2869/2869 2875/2875/2875 
f 2877/2877/2877 2873/2873/2873 2875/2875/2875 
f 2874/2874/2874 2873/2873/2873 2878/2878/2878 
f 2878/2878/2878 2873/2873/2873 2877/2877/2877 
f 2881/2881/2881 2880/2880/2880 2879/2879/2879 
f 2880/2880/2880 2881/2881/2881 2882/2882/2882 
f 2887/2887/2887 2883/2883/2883 2885/2885/2885 
f 2886/2886/2886 2887/2887/2887 2885/2885/2885 
f 2883/2883/2883 2887/2887/2887 2888/2888/2888 
f 2887/2887/2887 2889/2889/2889 2888/2888/2888 
f 2891/2891/2891 2887/2887/2887 2886/2886/2886 
f 2892/2892/2892 2891/2891/2891 2868/2868/2868 
f 2886/2886/2886 2868/2868/2868 2891/2891/2891 
f 2868/2868/2868 2867/2867/2867 2892/2892/2892 
f 2868/2868/2868 2886/2886/2886 2871/2871/2871 

